Workbook

Sheet Barang
A1: Kode Barang | B1: Nama Barang | C1: Kategori | D1: Supplier | E1: Satuan | F1: Harga
A2: SKB001 | B2: Soklin bubuk | C2: Detergen | E2: pcs | F2: 5000
A3: YP500 | B3: Yupi 500 | C3: Makanan | E3: pcs | F3: 500
A4: BPT1 | B4: B. putih 1/4 | C4: Rempah | E4: kg | F4: 8500
A5: TGP002 | B5: Tepung peyek | C5: Bumbu | E5: pcs | F5: 1000
A6: IDM002 | B6: Indomilk | C6: Minuman | D6: Sp | E6: pcs | F6: 1500
A7: CLB001 | B7: Chocolatos bubuk | C7: Minuman | E7: pcs | F7: 2500
A8: CL5001 | B8: Chocolatos 500 | C8: Makanan | E8: pcs | F8: 500
A9: LML002 | B9: Le mineral | C9: Minuman | E9: btl | F9: 19000
A10: GL1001 | B10: Gula 1kg | C10: Sembako | E10: kg | F10: 16500
A11: GRM01 | B11: Garam | C11: Bumbu | E11: pcs | F11: 2500
A12: PLS002 | B12: Pilus | C12: Makanan | E12: pcs | F12: 1000
A13: GSL002 | B13: Garuda slondok | C13: Makanan | E13: pcs | F13: 2000
A14: TSP001 | B14: Tisu Peony | C14: Tissue | E14: pcs | F14: 7000
A15: GSB002 | B15: Gery salut besar | C15: Makanan | E15: pcs | F15: 6500
A16: SCB002 | B16: Scoth brite | C16: Spon | E16: pcs | F16: 3500
A17: MBK002 | B17: Mie baked | C17: Makanan | E17: pcs | F17: 3000
A18: RTP001 | B18: Roti Pia | C18: Makanan | E18: pcs | F18: 2000
A19: RYC001 | B19: Royco | C19: Bumbu | D19: Sp | E19: pcs | F19: 500
A20: THD001 | B20: Teh Dandang | C20: Minuman | E20: pcs | F20: 2000
A21: RSB001 | B21: Rinso Bubuk | C21: Detergen | E21: pcs | F21: 5000
A22: PT1/4 | B22: Plastik 1/4 | C22: Plastik | E22: kg | F22: 2000
A23: PT1/2 | B23: Plastik 1/2 | C23: Plastik | E23: kg | F23: 3500
A24: PT1001 | B24: Plastik 1kg | C24: Plastik | E24: kg | F24: 5000
A25: KSK001 | B25: Kresek | C25: Plastik | E25: pack | F25: 4000
A26: GRA001 | B26: Garuda Atom | C26: Makanan | E26: pcs | F26: 2000
A27: DLN001 | B27: Dilan 1000 | C27: Makanan | E27: pcs | F27: 1000
A28: YP1001 | B28: Yupi 1000 | C28: Makanan | E28: pcs | F28: 1000
A29: LFB001 | B29: Lifebouy | C29: Sabun | E29: pcs | F29: 6000
A30: MGR001 | B30: Mie goreng | C30: Makanan | E30: pcs | F30: 3500
A31: MKH001 | B31: Mie kuah | C31: Makanan | E31: pcs | F31: 3500
... A97: TL002 | B97: Telur 2. 1/2 | C97: Sembako | E97: kg | F97: 14500
B98: Telur 2. 1/4 | C98: Sembako | E98: kg | F98: 29000
A99: PT1/4.T | B99: Plastik 1/4 tebal | C99: Plastik | E99: kg | F99: 10000
A100: BBG001 | B100: Bubble gum | C100: Makanan | E100: pcs | F100: 1000
A101: SG2001 | B101: Sari gandum 2 | C101: Makanan | E101: pcs | F101: 2000
A102: SG7001 | B102: Sari gandum 7 | C102: Makanan | E102: pcs | F102: 7500
A103: MRS001 | B103: Mie Ricies | C103: Makanan | E103: pcs | F103: 2500
A104: RDR001 | B104: Roma Durian | C104: Makanan | E104: pcs | F104: 9000
A105: CHR001 | B105: Charm softex | C105: Pembalut | E105: pcs | F105: 7500
A106: KGA001 | B106: Kopi gula aren | C106: Minuman | E106: pcs | F106: 2000
A107: STT001 | B107: Satelit | C107: Makanan | E107: pcs | F107: 4500
A108: PLP001 | B108: Pilus POP | C108: Makanan | E108: pcs | F108: 2000
A109: CLP001 | B109: Chocolatos pillow | C109: Makanan | E109: pcs | F109: 2000
A110: RTG001 | B110: Roti Gery | C110: Makanan | E110: pcs | F110: 2500
... A321: VLP001 | B321: Value pack | C321: Makanan | E321: pack | F321: 13000

Sheet 2024
A1: Tanggal | B1: Kode Barang | C1: Nama Barang | D1: Kategori | E1: Satuan | F1: Jual | G1: Harga Jual | H1: Stok Awal | I1: Total | J1: Column 1 | L1: Tanggal | M1: Kode Barang | N1: Nama Barang | O1: Kategori | P1: Satuan | Q1: Kulak | R1: Harga Jual | S1: Harga Kulak | T1: Stok Akhir | U1: Minimal Stok | V1: Supplier
A2: 45292 | B2: {=IF(C2="","", IFERROR(INDEX(Barang!$A$2:$A$10001, MATCH(C2, Barang!$B$2:$B$10001, 0)), "Tidak ditemukan"))} -> KPH001 | C2: KOPI HITAM | D2: {=IF(C2="","", IFERROR(INDEX(Barang!$C$2:$C$10001, MATCH(C2, Barang!$B$2:$B$10001, 0)), ""))} -> Minuman | E2: {=IF(C2="","", IFERROR(INDEX(Barang!$E$2:$E$10001, MATCH(C2, Barang!$B$2:$B$10001, 0)), ""))} -> pcs | F2: 83 | G2: {=IF(C2="","", IFERROR(INDEX(Barang!$F$2:$F$10001, MATCH(C2, Barang!$B$2:$B$10001, 0)) * F2, ""))} -> 83000 | L2: 45292 | M2: BCB001 | N2: Boncabe | O2: Bumbu | P2: bungkus | Q2: 12 | S2: 20000 | T2: 10 | U2: - | V2: -
B3: {=IF(C3="","", IFERROR(INDEX(Barang!$A$2:$A$10001, MATCH(C3, Barang!$B$2:$B$10001, 0)), "Tidak ditemukan"))} -> MSK001 | C3: Masako | D3: {=IF(C3="","", IFERROR(INDEX(Barang!$C$2:$C$10001, MATCH(C3, Barang!$B$2:$B$10001, 0)), ""))} -> Bumbu | E3: {=IF(C3="","", IFERROR(INDEX(Barang!$E$2:$E$10001, MATCH(C3, Barang!$B$2:$B$10001, 0)), ""))} -> pcs | F3: 35 | G3: {=IF(C3="","", IFERROR(INDEX(Barang!$F$2:$F$10001, MATCH(C3, Barang!$B$2:$B$10001, 0)) * F3, ""))} -> 17500 | M3: MSK001 | N3: Masako | O3: Bumbu | P3: bungkus | Q3: 36 | S3: 14000 | T3: 58 | U3: - | V3: -
B4: {=IF(C4="","", IFERROR(INDEX(Barang!$A$2:$A$10001, MATCH(C4, Barang!$B$2:$B$10001, 0)), "Tidak ditemukan"))} -> RTP001 | C4: roti pia | D4: {=IF(C4="","", IFERROR(INDEX(Barang!$C$2:$C$10001, MATCH(C4, Barang!$B$2:$B$10001, 0)), ""))} -> Makanan | E4: {=IF(C4="","", IFERROR(INDEX(Barang!$E$2:$E$10001, MATCH(C4, Barang!$B$2:$B$10001, 0)), ""))} -> pcs | F4: 20 | G4: {=IF(C4="","", IFERROR(INDEX(Barang!$F$2:$F$10001, MATCH(C4, Barang!$B$2:$B$10001, 0)) * F4, ""))} -> 40000 | M4: IDM001 | N4: Indomilk | O4: Minuman | P4: bungkus | Q4: 70 | S4: 77000 | T4: 59 | U4: - | V4: -
B5: {=IF(C5="","", IFERROR(INDEX(Barang!$A$2:$A$10001, MATCH(C5, Barang!$B$2:$B$10001, 0)), "Tidak ditemukan"))} -> NTS001 | C5: Nutrisari | D5: {=IF(C5="","", IFERROR(INDEX(Barang!$C$2:$C$10001, MATCH(C5, Barang!$B$2:$B$10001, 0)), ""))} -> Minuman | E5: {=IF(C5="","", IFERROR(INDEX(Barang!$E$2:$E$10001, MATCH(C5, Barang!$B$2:$B$10001, 0)), ""))} -> pcs | F5: 40 | G5: {=IF(C5="","", IFERROR(INDEX(Barang!$F$2:$F$10001, MATCH(C5, Barang!$B$2:$B$10001, 0)) * F5, ""))} -> 60000 | M5: NTS001 | N5: Nutrisari | O5: Minuman | P5: bungkus | Q5: 60 | S5: 75000 | T5: 57 | U5: - | V5: -
B6: {=IF(C6="","", IFERROR(INDEX(Barang!$A$2:$A$10001, MATCH(C6, Barang!$B$2:$B$10001, 0)), "Tidak ditemukan"))} -> DNY001 | C6: Downy | D6: {=IF(C6="","", IFERROR(INDEX(Barang!$C$2:$C$10001, MATCH(C6, Barang!$B$2:$B$10001, 0)), ""))} -> Detergen | E6: {=IF(C6="","", IFERROR(INDEX(Barang!$E$2:$E$10001, MATCH(C6, Barang!$B$2:$B$10001, 0)), ""))} -> pcs | F6: 60 | G6: {=IF(C6="","", IFERROR(INDEX(Barang!$F$2:$F$10001, MATCH(C6, Barang!$B$2:$B$10001, 0)) * F6, ""))} -> 30000 | M6: DN001 | N6: Downy | O6: Detergen | P6: bungkus | Q6: 36 | S6: 15000 | T6: 82 | U6: - | V6: -
B7: {=IF(C7="","", IFERROR(INDEX(Barang!$A$2:$A$10001, MATCH(C7, Barang!$B$2:$B$10001, 0)), "Tidak ditemukan"))} -> CL5001 | C7: Chocolatos 500 | D7: {=IF(C7="","", IFERROR(INDEX(Barang!$C$2:$C$10001, MATCH(C7, Barang!$B$2:$B$10001, 0)), ""))} -> Makanan | E7: {=IF(C7="","", IFERROR(INDEX(Barang!$E$2:$E$10001, MATCH(C7, Barang!$B$2:$B$10001, 0)), ""))} -> pcs | F7: 72 | G7: {=IF(C7="","", IFERROR(INDEX(Barang!$F$2:$F$10001, MATCH(C7, Barang!$B$2:$B$10001, 0)) * F7, ""))} -> 36000 | M7: CCS001 | N7: Chocolatos | O7: Makanan | P7: bungkus | Q7: 192 | S7: 304000 | T7: 190 | U7: - | V7: -
B8: {=IF(C8="","", IFERROR(INDEX(Barang!$A$2:$A$10001, MATCH(C8, Barang!$B$2:$B$10001, 0)), "Tidak ditemukan"))} -> MCN001 | C8: Micin 1000 | D8: {=IF(C8="","", IFERROR(INDEX(Barang!$C$2:$C$10001, MATCH(C8, Barang!$B$2:$B$10001, 0)), ""))} -> Bumbu | E8: {=IF(C8="","", IFERROR(INDEX(Barang!$E$2:$E$10001, MATCH(C8, Barang!$B$2:$B$10001, 0)), ""))} -> pcs | F8: 23 | G8: {=IF(C8="","", IFERROR(INDEX(Barang!$F$2:$F$10001, MATCH(C8, Barang!$B$2:$B$10001, 0)) * F8, ""))} -> 23000 | M8: MCN001 | N8: Micin | O8: Bumbu | P8: bungkus | Q8: 20 | S8: 18500 | T8: 19 | U8: - | V8: -
B9: {=IF(C9="","", IFERROR(INDEX(Barang!$A$2:$A$10001, MATCH(C9, Barang!$B$2:$B$10001, 0)), "Tidak ditemukan"))} -> BRS1 | C9: Beras 1kg | D9: {=IF(C9="","", IFERROR(INDEX(Barang!$C$2:$C$10001, MATCH(C9, Barang!$B$2:$B$10001, 0)), ""))} -> Sembako | E9: {=IF(C9="","", IFERROR(INDEX(Barang!$E$2:$E$10001, MATCH(C9, Barang!$B$2:$B$10001, 0)), ""))} -> kg | F9: 7 | G9: {=IF(C9="","", IFERROR(INDEX(Barang!$F$2:$F$10001, MATCH(C9, Barang!$B$2:$B$10001, 0)) * F9, ""))} -> 101500 | M9: GDY001 | N9: GoodDay | O9: Minuman | P9: bungkus | Q9: 40 | S9: 72000 | T9: 39 | U9: - | V9: -
B10: {=IF(C10="","", IFERROR(INDEX(Barang!$A$2:$A$10001, MATCH(C10, Barang!$B$2:$B$10001, 0)), "Tidak ditemukan"))} -> TLR2 | C10: Telur 1/2 | D10: {=IF(C10="","", IFERROR(INDEX(Barang!$C$2:$C$10001, MATCH(C10, Barang!$B$2:$B$10001, 0)), ""))} -> Sembako | E10: {=IF(C10="","", IFERROR(INDEX(Barang!$E$2:$E$10001, MATCH(C10, Barang!$B$2:$B$10001, 0)), ""))} -> kg | F10: 12 | G10: {=IF(C10="","", IFERROR(INDEX(Barang!$F$2:$F$10001, MATCH(C10, Barang!$B$2:$B$10001, 0)) * F10, ""))} -> 186000 | I10: =SUM(G2:G10) -> 577000 | M10: TLR001 | N10: Telur | O10: Sembako | P10: kilo | Q10: 10 | S10: 285000 | T10: 9 | U10: - | V10: -
A11: 45293 | B11: {=IF(C11="","", IFERROR(INDEX(Barang!$A$2:$A$10001, MATCH(C11, Barang!$B$2:$B$10001, 0)), "Tidak ditemukan"))} -> BKT001 | C11: Biskuat | D11: {=IF(C11="","", IFERROR(INDEX(Barang!$C$2:$C$10001, MATCH(C11, Barang!$B$2:$B$10001, 0)), ""))} -> Makanan | E11: {=IF(C11="","", IFERROR(INDEX(Barang!$E$2:$E$10001, MATCH(C11, Barang!$B$2:$B$10001, 0)), ""))} -> pcs | F11: 40 | G11: {=IF(C11="","", IFERROR(INDEX(Barang!$F$2:$F$10001, MATCH(C11, Barang!$B$2:$B$10001, 0)) * F11, ""))} -> 20000 | L11: 45293 | M11: UBM001 | N11: Mari UBM | O11: Makanan | P11: bungkus | T11: -1 | U11: - | V11: -
B12: {=IF(C12="","", IFERROR(INDEX(Barang!$A$2:$A$10001, MATCH(C12, Barang!$B$2:$B$10001, 0)), "Tidak ditemukan"))} -> TGO001 | C12: Tanggo | D12: {=IF(C12="","", IFERROR(INDEX(Barang!$C$2:$C$10001, MATCH(C12, Barang!$B$2:$B$10001, 0)), ""))} -> Makanan | E12: {=IF(C12="","", IFERROR(INDEX(Barang!$E$2:$E$10001, MATCH(C12, Barang!$B$2:$B$10001, 0)), ""))} -> pcs | F12: 20 | G12: {=IF(C12="","", IFERROR(INDEX(Barang!$F$2:$F$10001, MATCH(C12, Barang!$B$2:$B$10001, 0)) * F12, ""))} -> 40000 | M12: TGO001 | N12: Tanggo | O12: Makanan | P12: bungkus | T12: -1 | U12: - | V12: -
B13: {=IF(C13="","", IFERROR(INDEX(Barang!$A$2:$A$10001, MATCH(C13, Barang!$B$2:$B$10001, 0)), "Tidak ditemukan"))} -> CL1001 | C13: Chocolatos 1000 | D13: {=IF(C13="","", IFERROR(INDEX(Barang!$C$2:$C$10001, MATCH(C13, Barang!$B$2:$B$10001, 0)), ""))} -> Makanan | E13: {=IF(C13="","", IFERROR(INDEX(Barang!$E$2:$E$10001, MATCH(C13, Barang!$B$2:$B$10001, 0)), ""))} -> pcs | F13: 24 | G13: {=IF(C13="","", IFERROR(INDEX(Barang!$F$2:$F$10001, MATCH(C13, Barang!$B$2:$B$10001, 0)) * F13, ""))} -> 24000 | M13: CCS001 | N13: Chocolatos | O13: Makanan | P13: bungkus | Q13: 120 | S13: 60000 | T13: 119 | U13: - | V13: -
B14: {=IF(C14="","", IFERROR(INDEX(Barang!$A$2:$A$10001, MATCH(C14, Barang!$B$2:$B$10001, 0)), "Tidak ditemukan"))} -> GRM01 | C14: Garam | D14: {=IF(C14="","", IFERROR(INDEX(Barang!$C$2:$C$10001, MATCH(C14, Barang!$B$2:$B$10001, 0)), ""))} -> Bumbu | E14: {=IF(C14="","", IFERROR(INDEX(Barang!$E$2:$E$10001, MATCH(C14, Barang!$B$2:$B$10001, 0)), ""))} -> pcs | F14: 15 | G14: {=IF(C14="","", IFERROR(INDEX(Barang!$F$2:$F$10001, MATCH(C14, Barang!$B$2:$B$10001, 0)) * F14, ""))} -> 37500 | M14: GRM001 | N14: Garam | O14: Bumbu | P14: bungkus | Q14: 40 | S14: 67000 | T14: 39 | U14: - | V14: -
B15: {=IF(C15="","", IFERROR(INDEX(Barang!$A$2:$A$10001, MATCH(C15, Barang!$B$2:$B$10001, 0)), "Tidak ditemukan"))} -> RYC001 | C15: Royco | D15: {=IF(C15="","", IFERROR(INDEX(Barang!$C$2:$C$10001, MATCH(C15, Barang!$B$2:$B$10001, 0)), ""))} -> Bumbu | E15: {=IF(C15="","", IFERROR(INDEX(Barang!$E$2:$E$10001, MATCH(C15, Barang!$B$2:$B$10001, 0)), ""))} -> pcs | F15: 24 | G15: {=IF(C15="","", IFERROR(INDEX(Barang!$F$2:$F$10001, MATCH(C15, Barang!$B$2:$B$10001, 0)) * F15, ""))} -> 12000 | M15: RYC001 | N15: Royco | O15: Bumbu | P15: bungkus | Q15: 36 | S15: 14500 | T15: -4 | U15: - | V15: -
B16: {=IF(C16="","", IFERROR(INDEX(Barang!$A$2:$A$10001, MATCH(C16, Barang!$B$2:$B$10001, 0)), "Tidak ditemukan"))} -> KPH001 | C16: Kopi hitam | D16: {=IF(C16="","", IFERROR(INDEX(Barang!$C$2:$C$10001, MATCH(C16, Barang!$B$2:$B$10001, 0)), ""))} -> Minuman | E16: {=IF(C16="","", IFERROR(INDEX(Barang!$E$2:$E$10001, MATCH(C16, Barang!$B$2:$B$10001, 0)), ""))} -> pcs | F16: 34 | G16: {=IF(C16="","", IFERROR(INDEX(Barang!$F$2:$F$10001, MATCH(C16, Barang!$B$2:$B$10001, 0)) * F16, ""))} -> 34000 | M16: KP001 | N16: Kopi k.a | O16: Minuman | P16: bungkus | T16: -10 | U16: - | V16: -
B17: {=IF(C17="","", IFERROR(INDEX(Barang!$A$2:$A$10001, MATCH(C17, Barang!$B$2:$B$10001, 0)), "Tidak ditemukan"))} -> MKH001 | C17: Mie kuah | D17: {=IF(C17="","", IFERROR(INDEX(Barang!$C$2:$C$10001, MATCH(C17, Barang!$B$2:$B$10001, 0)), ""))} -> Makanan | E17: {=IF(C17="","", IFERROR(INDEX(Barang!$E$2:$E$10001, MATCH(C17, Barang!$B$2:$B$10001, 0)), ""))} -> pcs | F17: 18 | G17: {=IF(C17="","", IFERROR(INDEX(Barang!$F$2:$F$10001, MATCH(C17, Barang!$B$2:$B$10001, 0)) * F17, ""))} -> 63000 | M17: MKH001 | N17: Mie kuah | O17: Makanan | P17: bungkus | Q17: 20 | S17: 53000 | T17: 19 | U17: - | V17: -
B18: {=IF(C18="","", IFERROR(INDEX(Barang!$A$2:$A$10001, MATCH(C18, Barang!$B$2:$B$10001, 0)), "Tidak ditemukan"))} -> CLB001 | C18: Chocolatos bubuk | D18: {=IF(C18="","", IFERROR(INDEX(Barang!$C$2:$C$10001, MATCH(C18, Barang!$B$2:$B$10001, 0)), ""))} -> Minuman | E18: {=IF(C18="","", IFERROR(INDEX(Barang!$E$2:$E$10001, MATCH(C18, Barang!$B$2:$B$10001, 0)), ""))} -> pcs | F18: 37 | G18: {=IF(C18="","", IFERROR(INDEX(Barang!$F$2:$F$10001, MATCH(C18, Barang!$B$2:$B$10001, 0)) * F18, ""))} -> 92500 | M18: CCSB001 | N18: Chocolatos bubuk | O18: Minuman | P18: bungkus | Q18: 20 | S18: 35000 | T18: 19 | U18: - | V18: -
B19: {=IF(C19="","", IFERROR(INDEX(Barang!$A$2:$A$10001, MATCH(C19, Barang!$B$2:$B$10001, 0)), "Tidak ditemukan"))} -> GL1001 | C19: Gula 1kg | D19: {=IF(C19="","", IFERROR(INDEX(Barang!$C$2:$C$10001, MATCH(C19, Barang!$B$2:$B$10001, 0)), ""))} -> Sembako | E19: {=IF(C19="","", IFERROR(INDEX(Barang!$E$2:$E$10001, MATCH(C19, Barang!$B$2:$B$10001, 0)), ""))} -> kg | F19: 20 | G19: {=IF(C19="","", IFERROR(INDEX(Barang!$F$2:$F$10001, MATCH(C19, Barang!$B$2:$B$10001, 0)) * F19, ""))} -> 330000 | M19: GL001 | N19: Gula | O19: Sembako | P19: kilo | Q19: 10 | S19: 125000 | T19: 9 | U19: - | V19: -
B20: {=IF(C20="","", IFERROR(INDEX(Barang!$A$2:$A$10001, MATCH(C20, Barang!$B$2:$B$10001, 0)), "Tidak ditemukan"))} -> NTS001 | C20: Nutrisari | D20: {=IF(C20="","", IFERROR(INDEX(Barang!$C$2:$C$10001, MATCH(C20, Barang!$B$2:$B$10001, 0)), ""))} -> Minuman | E20: {=IF(C20="","", IFERROR(INDEX(Barang!$E$2:$E$10001, MATCH(C20, Barang!$B$2:$B$10001, 0)), ""))} -> pcs | F20: 12 | G20: {=IF(C20="","", IFERROR(INDEX(Barang!$F$2:$F$10001, MATCH(C20, Barang!$B$2:$B$10001, 0)) * F20, ""))} -> 18000 | M20: NTS001 | N20: Nutrisari | O20: Minuman | P20: bungkus | Q20: 70 | S20: 84000 | T20: -3 | U20: - | V20: -
B21: {=IF(C21="","", IFERROR(INDEX(Barang!$A$2:$A$10001, MATCH(C21, Barang!$B$2:$B$10001, 0)), "Tidak ditemukan"))} -> MGR001 | C21: MIE GORENG | D21: {=IF(C21="","", IFERROR(INDEX(Barang!$C$2:$C$10001, MATCH(C21, Barang!$B$2:$B$10001, 0)), ""))} -> Makanan | E21: {=IF(C21="","", IFERROR(INDEX(Barang!$E$2:$E$10001, MATCH(C21, Barang!$B$2:$B$10001, 0)), ""))} -> pcs | F21: 20 | G21: {=IF(C21="","", IFERROR(INDEX(Barang!$F$2:$F$10001, MATCH(C21, Barang!$B$2:$B$10001, 0)) * F21, ""))} -> 70000 | M21: STN001 | N21: Santan | O21: Bumbu | P21: bungkus | T21: -1 | U21: - | V21: -
B22: {=IF(C22="","", IFERROR(INDEX(Barang!$A$2:$A$10001, MATCH(C22, Barang!$B$2:$B$10001, 0)), "Tidak ditemukan"))} -> TLR2 | C22: Telur 1/2 | D22: {=IF(C22="","", IFERROR(INDEX(Barang!$C$2:$C$10001, MATCH(C22, Barang!$B$2:$B$10001, 0)), ""))} -> Sembako | E22: {=IF(C22="","", IFERROR(INDEX(Barang!$E$2:$E$10001, MATCH(C22, Barang!$B$2:$B$10001, 0)), ""))} -> kg | F22: 15 | G22: {=IF(C22="","", IFERROR(INDEX(Barang!$F$2:$F$10001, MATCH(C22, Barang!$B$2:$B$10001, 0)) * F22, ""))} -> 232500 | M22: TLR001 | N22: Telur | O22: Sembako | P22: kilo | Q22: 10 | S22: 282000 | T22: 26/11 | U22: - | V22: -
B23: {=IF(C23="","", IFERROR(INDEX(Barang!$A$2:$A$10001, MATCH(C23, Barang!$B$2:$B$10001, 0)), "Tidak ditemukan"))} -> GDY001 | C23: Good day | D23: {=IF(C23="","", IFERROR(INDEX(Barang!$C$2:$C$10001, MATCH(C23, Barang!$B$2:$B$10001, 0)), ""))} -> Minuman | E23: {=IF(C23="","", IFERROR(INDEX(Barang!$E$2:$E$10001, MATCH(C23, Barang!$B$2:$B$10001, 0)), ""))} -> pcs | F23: 10 | G23: {=IF(C23="","", IFERROR(INDEX(Barang!$F$2:$F$10001, MATCH(C23, Barang!$B$2:$B$10001, 0)) * F23, ""))} -> 25000 | M23: GDY001 | N23: GoodDay | O23: Minuman | P23: bungkus | Q23: 20 | S23: 42000 | T23: 19 | U23: - | V23: -
B24: {=IF(C24="","", IFERROR(INDEX(Barang!$A$2:$A$10001, MATCH(C24, Barang!$B$2:$B$10001, 0)), "Tidak ditemukan"))} -> PLS002 | C24: pilus | D24: {=IF(C24="","", IFERROR(INDEX(Barang!$C$2:$C$10001, MATCH(C24, Barang!$B$2:$B$10001, 0)), ""))} -> Makanan | E24: {=IF(C24="","", IFERROR(INDEX(Barang!$E$2:$E$10001, MATCH(C24, Barang!$B$2:$B$10001, 0)), ""))} -> pcs | F24: 20 | G24: {=IF(C24="","", IFERROR(INDEX(Barang!$F$2:$F$10001, MATCH(C24, Barang!$B$2:$B$10001, 0)) * F24, ""))} -> 20000 | M24: PLS001 | N24: Pilus garuda | O24: Makanan | P24: bungkus | Q24: 20 | S24: 16000 | T24: -4 | U24: - | V24: -
B25: {=IF(C25="","", IFERROR(INDEX(Barang!$A$2:$A$10001, MATCH(C25, Barang!$B$2:$B$10001, 0)), "Tidak ditemukan"))} -> YP500 | C25: Yupi 500 | D25: {=IF(C25="","", IFERROR(INDEX(Barang!$C$2:$C$10001, MATCH(C25, Barang!$B$2:$B$10001, 0)), ""))} -> Makanan | E25: {=IF(C25="","", IFERROR(INDEX(Barang!$E$2:$E$10001, MATCH(C25, Barang!$B$2:$B$10001, 0)), ""))} -> pcs | F25: 72 | G25: {=IF(C25="","", IFERROR(INDEX(Barang!$F$2:$F$10001, MATCH(C25, Barang!$B$2:$B$10001, 0)) * F25, ""))} -> 36000 | I25: =SUM(G11:G25) -> 1054500 | M25: PYP001 | N25: Permen Yupi | O25: Makanan | P25: bungkus | Q25: 288 | S25: 120000 | T25: 286 | U25: - | V25: -
A26: 45294 | B26: {=IF(C26="","", IFERROR(INDEX(Barang!$A$2:$A$10001, MATCH(C26, Barang!$B$2:$B$10001, 0)), "Tidak ditemukan"))} -> RCK001 | C26: racik | D26: {=IF(C26="","", IFERROR(INDEX(Barang!$C$2:$C$10001, MATCH(C26, Barang!$B$2:$B$10001, 0)), ""))} -> Bumbu | E26: {=IF(C26="","", IFERROR(INDEX(Barang!$E$2:$E$10001, MATCH(C26, Barang!$B$2:$B$10001, 0)), ""))} -> pcs | F26: 11 | G26: {=IF(C26="","", IFERROR(INDEX(Barang!$F$2:$F$10001, MATCH(C26, Barang!$B$2:$B$10001, 0)) * F26, ""))} -> 22000 | L26: 45294 | M26: RCK001 | N26: Racik | O26: Bumbu | P26: bungkus | Q26: 20 | S26: 33000 | T26: 19 | U26: - | V26: -
B27: {=IF(C27="","", IFERROR(INDEX(Barang!$A$2:$A$10001, MATCH(C27, Barang!$B$2:$B$10001, 0)), "Tidak ditemukan"))} -> YP500 | C27: YUPI 500 | D27: {=IF(C27="","", IFERROR(INDEX(Barang!$C$2:$C$10001, MATCH(C27, Barang!$B$2:$B$10001, 0)), ""))} -> Makanan | E27: {=IF(C27="","", IFERROR(INDEX(Barang!$E$2:$E$10001, MATCH(C27, Barang!$B$2:$B$10001, 0)), ""))} -> pcs | F27: 48 | G27: {=IF(C27="","", IFERROR(INDEX(Barang!$F$2:$F$10001, MATCH(C27, Barang!$B$2:$B$10001, 0)) * F27, ""))} -> 24000 | M27: KRS001 | N27: Kara Santan | O27: Bumbu | P27: bungkus | Q27: 15 | S27: 86500 | T27: 14 | U27: - | V27: -
B28: {=IF(C28="","", IFERROR(INDEX(Barang!$A$2:$A$10001, MATCH(C28, Barang!$B$2:$B$10001, 0)), "Tidak ditemukan"))} -> MSK001 | C28: Masako | D28: {=IF(C28="","", IFERROR(INDEX(Barang!$C$2:$C$10001, MATCH(C28, Barang!$B$2:$B$10001, 0)), ""))} -> Bumbu | E28: {=IF(C28="","", IFERROR(INDEX(Barang!$E$2:$E$10001, MATCH(C28, Barang!$B$2:$B$10001, 0)), ""))} -> pcs | F28: 15 | G28: {=IF(C28="","", IFERROR(INDEX(Barang!$F$2:$F$10001, MATCH(C28, Barang!$B$2:$B$10001, 0)) * F28, ""))} -> 7500 | M28: MSK001 | N28: Masako | O28: Bumbu | P28: bungkus | Q28: 72 | S28: 27000 | T28: 71 | U28: - | V28: -
B29: {=IF(C29="","", IFERROR(INDEX(Barang!$A$2:$A$10001, MATCH(C29, Barang!$B$2:$B$10001, 0)), "Tidak ditemukan"))} -> LDK001 | C29: Ladaku | D29: {=IF(C29="","", IFERROR(INDEX(Barang!$C$2:$C$10001, MATCH(C29, Barang!$B$2:$B$10001, 0)), ""))} -> Bumbu | E29: {=IF(C29="","", IFERROR(INDEX(Barang!$E$2:$E$10001, MATCH(C29, Barang!$B$2:$B$10001, 0)), ""))} -> pcs | F29: 8 | G29: {=IF(C29="","", IFERROR(INDEX(Barang!$F$2:$F$10001, MATCH(C29, Barang!$B$2:$B$10001, 0)) * F29, ""))} -> 8000 | M29: LDB001 | N29: Lada Bubuk | O29: Bumbu | P29: bungkus | T29: -1 | U29: - | V29: -
B30: {=IF(C30="","", IFERROR(INDEX(Barang!$A$2:$A$10001, MATCH(C30, Barang!$B$2:$B$10001, 0)), "Tidak ditemukan"))} -> BPT1 | C30: B. putih 1/4 | D30: {=IF(C30="","", IFERROR(INDEX(Barang!$C$2:$C$10001, MATCH(C30, Barang!$B$2:$B$10001, 0)), ""))} -> Rempah | E30: {=IF(C30="","", IFERROR(INDEX(Barang!$E$2:$E$10001, MATCH(C30, Barang!$B$2:$B$10001, 0)), ""))} -> kg | F30: 6 | G30: {=IF(C30="","", IFERROR(INDEX(Barang!$F$2:$F$10001, MATCH(C30, Barang!$B$2:$B$10001, 0)) * F30, ""))} -> 51000 | M30: BPT001 | N30: Bawang Putih | O30: Rempah | P30: kilo | Q30: 2 | S30: 76000 | T30: 30/9 | U30: - | V30: -
B31: {=IF(C31="","", IFERROR(INDEX(Barang!$A$2:$A$10001, MATCH(C31, Barang!$B$2:$B$10001, 0)), "Tidak ditemukan"))} -> YP1001 | C31: yupi 1000 | D31: {=IF(C31="","", IFERROR(INDEX(Barang!$C$2:$C$10001, MATCH(C31, Barang!$B$2:$B$10001, 0)), ""))} -> Makanan | E31: {=IF(C31="","", IFERROR(INDEX(Barang!$E$2:$E$10001, MATCH(C31, Barang!$B$2:$B$10001, 0)), ""))} -> pcs | F31: 25 | G31: {=IF(C31="","", IFERROR(INDEX(Barang!$F$2:$F$10001, MATCH(C31, Barang!$B$2:$B$10001, 0)) * F31, ""))} -> 25000 | M31: PYP001 | N31: Permen Yupi | O31: Makanan | P31: bungkus | Q31: 288 | S31: 120000 | T31: 280 | U31: - | V31: -
B32: {=IF(C32="","", IFERROR(INDEX(Barang!$A$2:$A$10001, MATCH(C32, Barang!$B$2:$B$10001, 0)), "Tidak ditemukan"))} -> MGR001 | C32: Mie Goreng | D32: {=IF(C32="","", IFERROR(INDEX(Barang!$C$2:$C$10001, MATCH(C32, Barang!$B$2:$B$10001, 0)), ""))} -> Makanan | E32: {=IF(C32="","", IFERROR(INDEX(Barang!$E$2:$E$10001, MATCH(C32, Barang!$B$2:$B$10001, 0)), ""))} -> pcs | F32: 94 | G32: {=IF(C32="","", IFERROR(INDEX(Barang!$F$2:$F$10001, MATCH(C32, Barang!$B$2:$B$10001, 0)) * F32, ""))} -> 329000 | M32: MGR001 | N32: Mie Goreng | O32: Makanan | P32: bungkus | Q32: 20 | S32: 56000 | T32: 18 | U32: - | V32: -
B33: {=IF(C33="","", IFERROR(INDEX(Barang!$A$2:$A$10001, MATCH(C33, Barang!$B$2:$B$10001, 0)), "Tidak ditemukan"))} -> MP001 | C33: Mie Panda | D33: {=IF(C33="","", IFERROR(INDEX(Barang!$C$2:$C$10001, MATCH(C33, Barang!$B$2:$B$10001, 0)), ""))} -> Makanan | E33: {=IF(C33="","", IFERROR(INDEX(Barang!$E$2:$E$10001, MATCH(C33, Barang!$B$2:$B$10001, 0)), ""))} -> pcs | F33: 27 | G33: {=IF(C33="","", IFERROR(INDEX(Barang!$F$2:$F$10001, MATCH(C33, Barang!$B$2:$B$10001, 0)) * F33, ""))} -> 162000 | M33: MPD001 | N33: Mie Panda | O33: Makanan | P33: bungkus | T33: -1 | U33: - | V33: -
B34: {=IF(C34="","", IFERROR(INDEX(Barang!$A$2:$A$10001, MATCH(C34, Barang!$B$2:$B$10001, 0)), "Tidak ditemukan"))} -> TGB01 | C34: Tepung bakwan | D34: {=IF(C34="","", IFERROR(INDEX(Barang!$C$2:$C$10001, MATCH(C34, Barang!$B$2:$B$10001, 0)), ""))} -> Bumbu | E34: {=IF(C34="","", IFERROR(INDEX(Barang!$E$2:$E$10001, MATCH(C34, Barang!$B$2:$B$10001, 0)), ""))} -> pcs | F34: 38 | G34: {=IF(C34="","", IFERROR(INDEX(Barang!$F$2:$F$10001, MATCH(C34, Barang!$B$2:$B$10001, 0)) * F34, ""))} -> 95000 | M34: TPG001 | N34: Tepung Geprek | O34: Bumbu mix | P34: bungkus | T34: -1 | U34: - | V34: -
B35: {=IF(C35="","", IFERROR(INDEX(Barang!$A$2:$A$10001, MATCH(C35, Barang!$B$2:$B$10001, 0)), "Tidak ditemukan"))} -> TGJ001 | C35: Tepung Jempol | D35: {=IF(C35="","", IFERROR(INDEX(Barang!$C$2:$C$10001, MATCH(C35, Barang!$B$2:$B$10001, 0)), ""))} -> Bumbu | E35: {=IF(C35="","", IFERROR(INDEX(Barang!$E$2:$E$10001, MATCH(C35, Barang!$B$2:$B$10001, 0)), ""))} -> pcs | F35: 24 | G35: {=IF(C35="","", IFERROR(INDEX(Barang!$F$2:$F$10001, MATCH(C35, Barang!$B$2:$B$10001, 0)) * F35, ""))} -> 72000 | M35: TPJ001 | N35: Tepung Jempol | O35: Bumbu mix | P35: bungkus | Q35: 10 | S35: 22000 | T35: 9 | U35: - | V35: -
B36: {=IF(C36="","", IFERROR(INDEX(Barang!$A$2:$A$10001, MATCH(C36, Barang!$B$2:$B$10001, 0)), "Tidak ditemukan"))} -> SDK001 | C36: Sedaap kaldu | D36: {=IF(C36="","", IFERROR(INDEX(Barang!$C$2:$C$10001, MATCH(C36, Barang!$B$2:$B$10001, 0)), ""))} -> Bumbu | E36: {=IF(C36="","", IFERROR(INDEX(Barang!$E$2:$E$10001, MATCH(C36, Barang!$B$2:$B$10001, 0)), ""))} -> pcs | F36: 30 | G36: {=IF(C36="","", IFERROR(INDEX(Barang!$F$2:$F$10001, MATCH(C36, Barang!$B$2:$B$10001, 0)) * F36, ""))} -> 15000 | M36: SDPB001 | N36: Sedaap Bumbu | O36: Bumbu | P36: bungkus | Q36: 192 | S36: 304000 | T36: 189 | U36: - | V36: -
B37: {=IF(C37="","", IFERROR(INDEX(Barang!$A$2:$A$10001, MATCH(C37, Barang!$B$2:$B$10001, 0)), "Tidak ditemukan"))} -> MKH001 | C37: mie kuah | D37: {=IF(C37="","", IFERROR(INDEX(Barang!$C$2:$C$10001, MATCH(C37, Barang!$B$2:$B$10001, 0)), ""))} -> Makanan | E37: {=IF(C37="","", IFERROR(INDEX(Barang!$E$2:$E$10001, MATCH(C37, Barang!$B$2:$B$10001, 0)), ""))} -> pcs | F37: 25 | G37: {=IF(C37="","", IFERROR(INDEX(Barang!$F$2:$F$10001, MATCH(C37, Barang!$B$2:$B$10001, 0)) * F37, ""))} -> 87500 | M37: CCS001 | N37: Chocolatos | O37: Makanan | P37: bungkus | Q37: 96 | S37: 105000 | T37: 94 | U37: - | V37: -
B38: {=IF(C38="","", IFERROR(INDEX(Barang!$A$2:$A$10001, MATCH(C38, Barang!$B$2:$B$10001, 0)), "Tidak ditemukan"))} -> PLS002 | C38: Pilus | D38: {=IF(C38="","", IFERROR(INDEX(Barang!$C$2:$C$10001, MATCH(C38, Barang!$B$2:$B$10001, 0)), ""))} -> Makanan | E38: {=IF(C38="","", IFERROR(INDEX(Barang!$E$2:$E$10001, MATCH(C38, Barang!$B$2:$B$10001, 0)), ""))} -> pcs | F38: 25 | G38: {=IF(C38="","", IFERROR(INDEX(Barang!$F$2:$F$10001, MATCH(C38, Barang!$B$2:$B$10001, 0)) * F38, ""))} -> 25000 | M38: PLS001 | N38: Pilus garuda | O38: Makanan | P38: bungkus | T38: -1 | U38: - | V38: -
B39: {=IF(C39="","", IFERROR(INDEX(Barang!$A$2:$A$10001, MATCH(C39, Barang!$B$2:$B$10001, 0)), "Tidak ditemukan"))} -> LML002 | C39: Le mineral | D39: {=IF(C39="","", IFERROR(INDEX(Barang!$C$2:$C$10001, MATCH(C39, Barang!$B$2:$B$10001, 0)), ""))} -> Minuman | E39: {=IF(C39="","", IFERROR(INDEX(Barang!$E$2:$E$10001, MATCH(C39, Barang!$B$2:$B$10001, 0)), ""))} -> btl | F39: 40 | G39: {=IF(C39="","", IFERROR(INDEX(Barang!$F$2:$F$10001, MATCH(C39, Barang!$B$2:$B$10001, 0)) * F39, ""))} -> 760000 | M39: LMR001 | N39: Le mineral | O39: Minuman | P39: botol | T39: -1 | U39: - | V39: -
B40: {=IF(C40="","", IFERROR(INDEX(Barang!$A$2:$A$10001, MATCH(C40, Barang!$B$2:$B$10001, 0)), "Tidak ditemukan"))} -> DTL001 | C40: Detol | D40: {=IF(C40="","", IFERROR(INDEX(Barang!$C$2:$C$10001, MATCH(C40, Barang!$B$2:$B$10001, 0)), ""))} -> Sabun | E40: {=IF(C40="","", IFERROR(INDEX(Barang!$E$2:$E$10001, MATCH(C40, Barang!$B$2:$B$10001, 0)), ""))} -> pcs | F40: 16 | G40: {=IF(C40="","", IFERROR(INDEX(Barang!$F$2:$F$10001, MATCH(C40, Barang!$B$2:$B$10001, 0)) * F40, ""))} -> 112000 | M40: DTL001 | N40: Detol | O40: Sabun | P40: bungkus | Q40: 5 | S40: 31500 | T40: 4 | U40: - | V40: -
A41: 45295 | B41: {=IF(C41="","", IFERROR(INDEX(Barang!$A$2:$A$10001, MATCH(C41, Barang!$B$2:$B$10001, 0)), "Tidak ditemukan"))} -> PTN001 | C41: Pantene | D41: {=IF(C41="","", IFERROR(INDEX(Barang!$C$2:$C$10001, MATCH(C41, Barang!$B$2:$B$10001, 0)), ""))} -> Shampo | E41: {=IF(C41="","", IFERROR(INDEX(Barang!$E$2:$E$10001, MATCH(C41, Barang!$B$2:$B$10001, 0)), ""))} -> pcs | F41: 35 | G41: {=IF(C41="","", IFERROR(INDEX(Barang!$F$2:$F$10001, MATCH(C41, Barang!$B$2:$B$10001, 0)) * F41, ""))} -> 35000 | L41: 45295 | M41: PTN001 | N41: Pantene | O41: Shampo | P41: bungkus | T41: -2 | U41: - | V41: -
B42: {=IF(C42="","", IFERROR(INDEX(Barang!$A$2:$A$10001, MATCH(C42, Barang!$B$2:$B$10001, 0)), "Tidak ditemukan"))} -> SS001 | C42: Sabun Sayang | D42: {=IF(C42="","", IFERROR(INDEX(Barang!$C$2:$C$10001, MATCH(C42, Barang!$B$2:$B$10001, 0)), ""))} -> Detergen | E42: {=IF(C42="","", IFERROR(INDEX(Barang!$E$2:$E$10001, MATCH(C42, Barang!$B$2:$B$10001, 0)), ""))} -> botol | F42: 12 | G42: {=IF(C42="","", IFERROR(INDEX(Barang!$F$2:$F$10001, MATCH(C42, Barang!$B$2:$B$10001, 0)) * F42, ""))} -> 120000 | M42: SBS001 | N42: Sabun Sayang | O42: Sabun | P42: bungkus | T42: -12 | U42: - | V42: -
B43: {=IF(C43="","", IFERROR(INDEX(Barang!$A$2:$A$10001, MATCH(C43, Barang!$B$2:$B$10001, 0)), "Tidak ditemukan"))} -> IDM002 | C43: Indomilk | D43: {=IF(C43="","", IFERROR(INDEX(Barang!$C$2:$C$10001, MATCH(C43, Barang!$B$2:$B$10001, 0)), ""))} -> Minuman | E43: {=IF(C43="","", IFERROR(INDEX(Barang!$E$2:$E$10001, MATCH(C43, Barang!$B$2:$B$10001, 0)), ""))} -> pcs | F43: 18 | G43: {=IF(C43="","", IFERROR(INDEX(Barang!$F$2:$F$10001, MATCH(C43, Barang!$B$2:$B$10001, 0)) * F43, ""))} -> 27000 | M43: IDM001 | N43: Indomilk | O43: Minuman | P43: bungkus | Q43: 60 | S43: 75000 | T43: 54 | U43: - | V43: -
B44: {=IF(C44="","", IFERROR(INDEX(Barang!$A$2:$A$10001, MATCH(C44, Barang!$B$2:$B$10001, 0)), "Tidak ditemukan"))} -> CLB001 | C44: Chocolatos Bubuk | D44: {=IF(C44="","", IFERROR(INDEX(Barang!$C$2:$C$10001, MATCH(C44, Barang!$B$2:$B$10001, 0)), ""))} -> Minuman | E44: {=IF(C44="","", IFERROR(INDEX(Barang!$E$2:$E$10001, MATCH(C44, Barang!$B$2:$B$10001, 0)), ""))} -> pcs | F44: 23 | G44: {=IF(C44="","", IFERROR(INDEX(Barang!$F$2:$F$10001, MATCH(C44, Barang!$B$2:$B$10001, 0)) * F44, ""))} -> 57500 | M44: CCB001 | N44: Chocolatos Bubuk | O44: Minuman | P44: bungkus | Q44: 30 | S44: 58500 | T44: 27 | U44: - | V44: -
B45: {=IF(C45="","", IFERROR(INDEX(Barang!$A$2:$A$10001, MATCH(C45, Barang!$B$2:$B$10001, 0)), "Tidak ditemukan"))} -> KGK001 | C45: Kingkong | D45: {=IF(C45="","", IFERROR(INDEX(Barang!$C$2:$C$10001, MATCH(C45, Barang!$B$2:$B$10001, 0)), ""))} -> obat nyamuk | E45: {=IF(C45="","", IFERROR(INDEX(Barang!$E$2:$E$10001, MATCH(C45, Barang!$B$2:$B$10001, 0)), ""))} -> pcs | F45: 19 | G45: {=IF(C45="","", IFERROR(INDEX(Barang!$F$2:$F$10001, MATCH(C45, Barang!$B$2:$B$10001, 0)) * F45, ""))} -> 95000 | M45: OBN001 | N45: Obat Nyamuk | O45: Pestisida | P45: bungkus | Q45: 5 | S45: 35000 | T45: 4 | U45: - | V45: -
B46: {=IF(C46="","", IFERROR(INDEX(Barang!$A$2:$A$10001, MATCH(C46, Barang!$B$2:$B$10001, 0)), "Tidak ditemukan"))} -> BRS1 | C46: beras 1kg | D46: {=IF(C46="","", IFERROR(INDEX(Barang!$C$2:$C$10001, MATCH(C46, Barang!$B$2:$B$10001, 0)), ""))} -> Sembako | E46: {=IF(C46="","", IFERROR(INDEX(Barang!$E$2:$E$10001, MATCH(C46, Barang!$B$2:$B$10001, 0)), ""))} -> kg | F46: 5 | G46: {=IF(C46="","", IFERROR(INDEX(Barang!$F$2:$F$10001, MATCH(C46, Barang!$B$2:$B$10001, 0)) * F46, ""))} -> 72500 | M46: PLS001 | N46: Pilus garuda | O46: Makanan | P46: bungkus | Q46: 60 | S46: 49000 | T46: 55 | U46: - | V46: -
B47: {=IF(C47="","", IFERROR(INDEX(Barang!$A$2:$A$10001, MATCH(C47, Barang!$B$2:$B$10001, 0)), "Tidak ditemukan"))} -> GRR001 | C47: goriorio | D47: {=IF(C47="","", IFERROR(INDEX(Barang!$C$2:$C$10001, MATCH(C47, Barang!$B$2:$B$10001, 0)), ""))} -> Makanan | E47: {=IF(C47="","", IFERROR(INDEX(Barang!$E$2:$E$10001, MATCH(C47, Barang!$B$2:$B$10001, 0)), ""))} -> pcs | F47: 42 | G47: {=IF(C47="","", IFERROR(INDEX(Barang!$F$2:$F$10001, MATCH(C47, Barang!$B$2:$B$10001, 0)) * F47, ""))} -> 21000 | I47: =SUM(G26:G47) -> 2223000 | M47: CCS001 | N47: Chocolatos | O47: Makanan | P47: bungkus | Q47: 72 | S47: 56800 | T47: 68 | U47: - | V47: -
A48: 45296 | B48: {=IF(C48="","", IFERROR(INDEX(Barang!$A$2:$A$10001, MATCH(C48, Barang!$B$2:$B$10001, 0)), "Tidak ditemukan"))} -> GRR001 | C48: goriorio | D48: {=IF(C48="","", IFERROR(INDEX(Barang!$C$2:$C$10001, MATCH(C48, Barang!$B$2:$B$10001, 0)), ""))} -> Makanan | E48: {=IF(C48="","", IFERROR(INDEX(Barang!$E$2:$E$10001, MATCH(C48, Barang!$B$2:$B$10001, 0)), ""))} -> pcs | F48: 39 | G48: {=IF(C48="","", IFERROR(INDEX(Barang!$F$2:$F$10001, MATCH(C48, Barang!$B$2:$B$10001, 0)) * F48, ""))} -> 19500 | L48: 45296 | M48: BBT001 | N48: Biskuit Better | O48: Makanan | P48: bungkus | T48: -3 | U48: - | V48: -
B49: {=IF(C49="","", IFERROR(INDEX(Barang!$A$2:$A$10001, MATCH(C49, Barang!$B$2:$B$10001, 0)), "Tidak ditemukan"))} -> BRS1 | C49: Beras 1kg | D49: {=IF(C49="","", IFERROR(INDEX(Barang!$C$2:$C$10001, MATCH(C49, Barang!$B$2:$B$10001, 0)), ""))} -> Sembako | E49: {=IF(C49="","", IFERROR(INDEX(Barang!$E$2:$E$10001, MATCH(C49, Barang!$B$2:$B$10001, 0)), ""))} -> kg | F49: 9 | G49: {=IF(C49="","", IFERROR(INDEX(Barang!$F$2:$F$10001, MATCH(C49, Barang!$B$2:$B$10001, 0)) * F49, ""))} -> 130500 | M49: BRS001 | N49: Beras | O49: Sembako | P49: kilo | Q49: 25 | S49: 910000 | T49: -1 | U49: - | V49: -
B50: {=IF(C50="","", IFERROR(INDEX(Barang!$A$2:$A$10001, MATCH(C50, Barang!$B$2:$B$10001, 0)), "Tidak ditemukan"))} -> TLR1 | C50: Telur 1kg | D50: {=IF(C50="","", IFERROR(INDEX(Barang!$C$2:$C$10001, MATCH(C50, Barang!$B$2:$B$10001, 0)), ""))} -> Sembako | E50: {=IF(C50="","", IFERROR(INDEX(Barang!$E$2:$E$10001, MATCH(C50, Barang!$B$2:$B$10001, 0)), ""))} -> kg | F50: 17 | G50: {=IF(C50="","", IFERROR(INDEX(Barang!$F$2:$F$10001, MATCH(C50, Barang!$B$2:$B$10001, 0)) * F50, ""))} -> 527000 | M50: TLR001 | N50: Telur | O50: Sembako | P50: kilo | Q50: 10 | S50: 242000 | T50: 6/12 | U50: - | V50: -
B51: {=IF(C51="","", IFERROR(INDEX(Barang!$A$2:$A$10001, MATCH(C51, Barang!$B$2:$B$10001, 0)), "Tidak ditemukan"))} -> LFB001 | C51: Lifebouy | D51: {=IF(C51="","", IFERROR(INDEX(Barang!$C$2:$C$10001, MATCH(C51, Barang!$B$2:$B$10001, 0)), ""))} -> Sabun | E51: {=IF(C51="","", IFERROR(INDEX(Barang!$E$2:$E$10001, MATCH(C51, Barang!$B$2:$B$10001, 0)), ""))} -> pcs | F51: 15 | G51: {=IF(C51="","", IFERROR(INDEX(Barang!$F$2:$F$10001, MATCH(C51, Barang!$B$2:$B$10001, 0)) * F51, ""))} -> 90000 | M51: LFB001 | N51: Lifebouy | O51: Sabun | P51: bungkus | Q51: 36 | S51: 50000 | T51: 35 | U51: - | V51: -
B52: {=IF(C52="","", IFERROR(INDEX(Barang!$A$2:$A$10001, MATCH(C52, Barang!$B$2:$B$10001, 0)), "Tidak ditemukan"))} -> SAR001 | C52: Saori | D52: {=IF(C52="","", IFERROR(INDEX(Barang!$C$2:$C$10001, MATCH(C52, Barang!$B$2:$B$10001, 0)), ""))} -> Bumbu | E52: {=IF(C52="","", IFERROR(INDEX(Barang!$E$2:$E$10001, MATCH(C52, Barang!$B$2:$B$10001, 0)), ""))} -> pcs | F52: 10 | G52: {=IF(C52="","", IFERROR(INDEX(Barang!$F$2:$F$10001, MATCH(C52, Barang!$B$2:$B$10001, 0)) * F52, ""))} -> 30000 | M52: STB001 | N52: ScothBrite | O52: Sabut gosok | P52: bungkus | T52: -1 | U52: - | V52: -
B53: {=IF(C53="","", IFERROR(INDEX(Barang!$A$2:$A$10001, MATCH(C53, Barang!$B$2:$B$10001, 0)), "Tidak ditemukan"))} -> MKH001 | C53: Mie Kuah | D53: {=IF(C53="","", IFERROR(INDEX(Barang!$C$2:$C$10001, MATCH(C53, Barang!$B$2:$B$10001, 0)), ""))} -> Makanan | E53: {=IF(C53="","", IFERROR(INDEX(Barang!$E$2:$E$10001, MATCH(C53, Barang!$B$2:$B$10001, 0)), ""))} -> pcs | F53: 19 | G53: {=IF(C53="","", IFERROR(INDEX(Barang!$F$2:$F$10001, MATCH(C53, Barang!$B$2:$B$10001, 0)) * F53, ""))} -> 66500 | M53: MKH001 | N53: Mie Kuah | O53: Makanan | P53: Bungkus | Q53: 20 | S53: 53000 | T53: 13 | U53: - | V53: -
B54: {=IF(C54="","", IFERROR(INDEX(Barang!$A$2:$A$10001, MATCH(C54, Barang!$B$2:$B$10001, 0)), "Tidak ditemukan"))} -> GRM01 | C54: Garam | D54: {=IF(C54="","", IFERROR(INDEX(Barang!$C$2:$C$10001, MATCH(C54, Barang!$B$2:$B$10001, 0)), ""))} -> Bumbu | E54: {=IF(C54="","", IFERROR(INDEX(Barang!$E$2:$E$10001, MATCH(C54, Barang!$B$2:$B$10001, 0)), ""))} -> pcs | F54: 20 | G54: {=IF(C54="","", IFERROR(INDEX(Barang!$F$2:$F$10001, MATCH(C54, Barang!$B$2:$B$10001, 0)) * F54, ""))} -> 50000 | M54: GRM001 | N54: Garam | O54: Bumbu | P54: bungkus | Q54: 40 | S54: 67000 | T54: 38 | U54: - | V54: -
B55: {=IF(C55="","", IFERROR(INDEX(Barang!$A$2:$A$10001, MATCH(C55, Barang!$B$2:$B$10001, 0)), "Tidak ditemukan"))} -> YP500 | C55: yupi 500 | D55: {=IF(C55="","", IFERROR(INDEX(Barang!$C$2:$C$10001, MATCH(C55, Barang!$B$2:$B$10001, 0)), ""))} -> Makanan | E55: {=IF(C55="","", IFERROR(INDEX(Barang!$E$2:$E$10001, MATCH(C55, Barang!$B$2:$B$10001, 0)), ""))} -> pcs | F55: 250 | G55: {=IF(C55="","", IFERROR(INDEX(Barang!$F$2:$F$10001, MATCH(C55, Barang!$B$2:$B$10001, 0)) * F55, ""))} -> 125000 | M55: PYP001 | N55: Permen Yupi | O55: Makanan | P55: bungkus | Q55: 288 | S55: 120000 | T55: 286 | U55: - | V55: -
B56: {=IF(C56="","", IFERROR(INDEX(Barang!$A$2:$A$10001, MATCH(C56, Barang!$B$2:$B$10001, 0)), "Tidak ditemukan"))} -> TGP002 | C56: tepung peyek | D56: {=IF(C56="","", IFERROR(INDEX(Barang!$C$2:$C$10001, MATCH(C56, Barang!$B$2:$B$10001, 0)), ""))} -> Bumbu | E56: {=IF(C56="","", IFERROR(INDEX(Barang!$E$2:$E$10001, MATCH(C56, Barang!$B$2:$B$10001, 0)), ""))} -> pcs | F56: 24 | G56: {=IF(C56="","", IFERROR(INDEX(Barang!$F$2:$F$10001, MATCH(C56, Barang!$B$2:$B$10001, 0)) * F56, ""))} -> 24000 | M56: GTG001 | N56: Gentlegen | O56: Detergen | P56: botol | Q56: 3 | S56: 53700 | T56: 2 | U56: - | V56: -
B57: {=IF(C57="","", IFERROR(INDEX(Barang!$A$2:$A$10001, MATCH(C57, Barang!$B$2:$B$10001, 0)), "Tidak ditemukan"))} -> TLC001 | C57: toilet cleaner | D57: {=IF(C57="","", IFERROR(INDEX(Barang!$C$2:$C$10001, MATCH(C57, Barang!$B$2:$B$10001, 0)), ""))} -> Detergen | E57: {=IF(C57="","", IFERROR(INDEX(Barang!$E$2:$E$10001, MATCH(C57, Barang!$B$2:$B$10001, 0)), ""))} -> pcs | F57: 10 | G57: {=IF(C57="","", IFERROR(INDEX(Barang!$F$2:$F$10001, MATCH(C57, Barang!$B$2:$B$10001, 0)) * F57, ""))} -> 150000 | M57: GTG001 | N57: Gentlegen kecil | O57: Detergen | P57: bungkus | T57: -3 | U57: - | V57: -
B58: {=IF(C58="","", IFERROR(INDEX(Barang!$A$2:$A$10001, MATCH(C58, Barang!$B$2:$B$10001, 0)), "Tidak ditemukan"))} -> MLK02 | C58: Malkist Besar | D58: {=IF(C58="","", IFERROR(INDEX(Barang!$C$2:$C$10001, MATCH(C58, Barang!$B$2:$B$10001, 0)), ""))} -> Makanan | E58: {=IF(C58="","", IFERROR(INDEX(Barang!$E$2:$E$10001, MATCH(C58, Barang!$B$2:$B$10001, 0)), ""))} -> pcs | F58: 25 | G58: {=IF(C58="","", IFERROR(INDEX(Barang!$F$2:$F$10001, MATCH(C58, Barang!$B$2:$B$10001, 0)) * F58, ""))} -> 162500 | M58: MKB001 | N58: Malkist Besar | O58: Makanan | P58: bungkus | Q58: 6 | S58: 42500 | T58: 4 | U58: - | V58: -
B59: {=IF(C59="","", IFERROR(INDEX(Barang!$A$2:$A$10001, MATCH(C59, Barang!$B$2:$B$10001, 0)), "Tidak ditemukan"))} -> MLK01 | C59: Malkist kecil | D59: {=IF(C59="","", IFERROR(INDEX(Barang!$C$2:$C$10001, MATCH(C59, Barang!$B$2:$B$10001, 0)), ""))} -> Makanan | E59: {=IF(C59="","", IFERROR(INDEX(Barang!$E$2:$E$10001, MATCH(C59, Barang!$B$2:$B$10001, 0)), ""))} -> pcs | F59: 72 | G59: {=IF(C59="","", IFERROR(INDEX(Barang!$F$2:$F$10001, MATCH(C59, Barang!$B$2:$B$10001, 0)) * F59, ""))} -> 72000 | M59: MKK001 | N59: Malkist kecil | O59: Makanan | P59: bungkus | T59: -1 | U59: - | V59: -
B60: {=IF(C60="","", IFERROR(INDEX(Barang!$A$2:$A$10001, MATCH(C60, Barang!$B$2:$B$10001, 0)), "Tidak ditemukan"))} -> MGR001 | C60: Mie Goreng | D60: {=IF(C60="","", IFERROR(INDEX(Barang!$C$2:$C$10001, MATCH(C60, Barang!$B$2:$B$10001, 0)), ""))} -> Makanan | E60: {=IF(C60="","", IFERROR(INDEX(Barang!$E$2:$E$10001, MATCH(C60, Barang!$B$2:$B$10001, 0)), ""))} -> pcs | F60: 120 | G60: {=IF(C60="","", IFERROR(INDEX(Barang!$F$2:$F$10001, MATCH(C60, Barang!$B$2:$B$10001, 0)) * F60, ""))} -> 420000 | M60: MGR001 | N60: Mie Goreng | O60: Makanan | P60: bungkus | Q60: 20 | S60: 56000 | T60: 18 | U60: - | V60: -
B61: {=IF(C61="","", IFERROR(INDEX(Barang!$A$2:$A$10001, MATCH(C61, Barang!$B$2:$B$10001, 0)), "Tidak ditemukan"))} -> THD001 | C61: Teh Dandang | D61: {=IF(C61="","", IFERROR(INDEX(Barang!$C$2:$C$10001, MATCH(C61, Barang!$B$2:$B$10001, 0)), ""))} -> Minuman | E61: {=IF(C61="","", IFERROR(INDEX(Barang!$E$2:$E$10001, MATCH(C61, Barang!$B$2:$B$10001, 0)), ""))} -> pcs | F61: 28 | G61: {=IF(C61="","", IFERROR(INDEX(Barang!$F$2:$F$10001, MATCH(C61, Barang!$B$2:$B$10001, 0)) * F61, ""))} -> 56000 | M61: THD001 | N61: Teh Dandang | O61: Minuman | P61: bungkus | Q61: 20 | S61: 38000 | T61: 18 | U61: - | V61: -
B62: {=IF(C62="","", IFERROR(INDEX(Barang!$A$2:$A$10001, MATCH(C62, Barang!$B$2:$B$10001, 0)), "Tidak ditemukan"))} -> RYC001 | C62: Royco | D62: {=IF(C62="","", IFERROR(INDEX(Barang!$C$2:$C$10001, MATCH(C62, Barang!$B$2:$B$10001, 0)), ""))} -> Bumbu | E62: {=IF(C62="","", IFERROR(INDEX(Barang!$E$2:$E$10001, MATCH(C62, Barang!$B$2:$B$10001, 0)), ""))} -> pcs | F62: 33 | G62: {=IF(C62="","", IFERROR(INDEX(Barang!$F$2:$F$10001, MATCH(C62, Barang!$B$2:$B$10001, 0)) * F62, ""))} -> 16500 | M62: RYC001 | N62: Royco | O62: Bumbu | P62: bungkus | Q62: 72 | S62: 14000 | T62: 70 | U62: - | V62: -
B63: {=IF(C63="","", IFERROR(INDEX(Barang!$A$2:$A$10001, MATCH(C63, Barang!$B$2:$B$10001, 0)), "Tidak ditemukan"))} -> PTN001 | C63: Pantene | D63: {=IF(C63="","", IFERROR(INDEX(Barang!$C$2:$C$10001, MATCH(C63, Barang!$B$2:$B$10001, 0)), ""))} -> Shampo | E63: {=IF(C63="","", IFERROR(INDEX(Barang!$E$2:$E$10001, MATCH(C63, Barang!$B$2:$B$10001, 0)), ""))} -> pcs | F63: 39 | G63: {=IF(C63="","", IFERROR(INDEX(Barang!$F$2:$F$10001, MATCH(C63, Barang!$B$2:$B$10001, 0)) * F63, ""))} -> 39000 | M63: PTN001 | N63: Pantene | O63: Shampo | P63: bungkus | T63: -3 | U63: - | V63: -
B64: {=IF(C64="","", IFERROR(INDEX(Barang!$A$2:$A$10001, MATCH(C64, Barang!$B$2:$B$10001, 0)), "Tidak ditemukan"))} -> SCR01 | C64: Sabun Carsen | D64: {=IF(C64="","", IFERROR(INDEX(Barang!$C$2:$C$10001, MATCH(C64, Barang!$B$2:$B$10001, 0)), ""))} -> Sabun | E64: {=IF(C64="","", IFERROR(INDEX(Barang!$E$2:$E$10001, MATCH(C64, Barang!$B$2:$B$10001, 0)), ""))} -> pcs | F64: 48 | G64: {=IF(C64="","", IFERROR(INDEX(Barang!$F$2:$F$10001, MATCH(C64, Barang!$B$2:$B$10001, 0)) * F64, ""))} -> 216000 | M64: SCR001 | N64: Sabun Carsen | O64: Sabun | P64: bungkus | T64: -1 | U64: - | V64: -
B65: {=IF(C65="","", IFERROR(INDEX(Barang!$A$2:$A$10001, MATCH(C65, Barang!$B$2:$B$10001, 0)), "Tidak ditemukan"))} -> NTS001 | C65: Nutrisari | D65: {=IF(C65="","", IFERROR(INDEX(Barang!$C$2:$C$10001, MATCH(C65, Barang!$B$2:$B$10001, 0)), ""))} -> Minuman | E65: {=IF(C65="","", IFERROR(INDEX(Barang!$E$2:$E$10001, MATCH(C65, Barang!$B$2:$B$10001, 0)), ""))} -> pcs | F65: 64 | G65: {=IF(C65="","", IFERROR(INDEX(Barang!$F$2:$F$10001, MATCH(C65, Barang!$B$2:$B$10001, 0)) * F65, ""))} -> 96000 | I65: =SUM(G48:G65) -> 2290500 | M65: NTS001 | N65: Nutrisari | O65: Minuman | P65: bungkus | Q65: 50 | S65: 65000 | T65: 49 | U65: - | V65: -
A66: 45297 | B66: {=IF(C66="","", IFERROR(INDEX(Barang!$A$2:$A$10001, MATCH(C66, Barang!$B$2:$B$10001, 0)), "Tidak ditemukan"))} -> KPH001 | C66: kopi hitam | D66: {=IF(C66="","", IFERROR(INDEX(Barang!$C$2:$C$10001, MATCH(C66, Barang!$B$2:$B$10001, 0)), ""))} -> Minuman | E66: {=IF(C66="","", IFERROR(INDEX(Barang!$E$2:$E$10001, MATCH(C66, Barang!$B$2:$B$10001, 0)), ""))} -> pcs | F66: 124 | G66: {=IF(C66="","", IFERROR(INDEX(Barang!$F$2:$F$10001, MATCH(C66, Barang!$B$2:$B$10001, 0)) * F66, ""))} -> 124000 | L66: 45297 | M66: MKB001 | N66: Malkist besar | O66: Makanan | P66: bungkus | T66: =H66-F66+Q66 -> -124 | U66: - | V66: -
B67: {=IF(C67="","", IFERROR(INDEX(Barang!$A$2:$A$10001, MATCH(C67, Barang!$B$2:$B$10001, 0)), "Tidak ditemukan"))} -> MLK01 | C67: Malkist kecil | D67: {=IF(C67="","", IFERROR(INDEX(Barang!$C$2:$C$10001, MATCH(C67, Barang!$B$2:$B$10001, 0)), ""))} -> Makanan | E67: {=IF(C67="","", IFERROR(INDEX(Barang!$E$2:$E$10001, MATCH(C67, Barang!$B$2:$B$10001, 0)), ""))} -> pcs | F67: 38 | G67: {=IF(C67="","", IFERROR(INDEX(Barang!$F$2:$F$10001, MATCH(C67, Barang!$B$2:$B$10001, 0)) * F67, ""))} -> 38000 | M67: MKK001 | N67: Malkist kecil | O67: Makanan | P67: bungkus | T67: =H67-F67+Q67 -> -38 | U67: - | V67: -
B68: {=IF(C68="","", IFERROR(INDEX(Barang!$A$2:$A$10001, MATCH(C68, Barang!$B$2:$B$10001, 0)), "Tidak ditemukan"))} -> SAR001 | C68: Saori | D68: {=IF(C68="","", IFERROR(INDEX(Barang!$C$2:$C$10001, MATCH(C68, Barang!$B$2:$B$10001, 0)), ""))} -> Bumbu | E68: {=IF(C68="","", IFERROR(INDEX(Barang!$E$2:$E$10001, MATCH(C68, Barang!$B$2:$B$10001, 0)), ""))} -> pcs | F68: 55 | G68: {=IF(C68="","", IFERROR(INDEX(Barang!$F$2:$F$10001, MATCH(C68, Barang!$B$2:$B$10001, 0)) * F68, ""))} -> 165000 | M68: SOI001 | N68: Saori | O68: Bumbu | P68: bungkus | T68: =H68-F68+Q68 -> -55 | U68: - | V68: -
B69: {=IF(C69="","", IFERROR(INDEX(Barang!$A$2:$A$10001, MATCH(C69, Barang!$B$2:$B$10001, 0)), "Tidak ditemukan"))} -> LDK001 | C69: Ladaku | D69: {=IF(C69="","", IFERROR(INDEX(Barang!$C$2:$C$10001, MATCH(C69, Barang!$B$2:$B$10001, 0)), ""))} -> Bumbu | E69: {=IF(C69="","", IFERROR(INDEX(Barang!$E$2:$E$10001, MATCH(C69, Barang!$B$2:$B$10001, 0)), ""))} -> pcs | F69: 43 | G69: {=IF(C69="","", IFERROR(INDEX(Barang!$F$2:$F$10001, MATCH(C69, Barang!$B$2:$B$10001, 0)) * F69, ""))} -> 43000 | M69: LDK001 | N69: Ladaku | O69: Bumbu | P69: bungkus | T69: =H69-F69+Q69 -> -43 | U69: - | V69: -
B70: {=IF(C70="","", IFERROR(INDEX(Barang!$A$2:$A$10001, MATCH(C70, Barang!$B$2:$B$10001, 0)), "Tidak ditemukan"))} -> BB001 | C70: Bambo | D70: {=IF(C70="","", IFERROR(INDEX(Barang!$C$2:$C$10001, MATCH(C70, Barang!$B$2:$B$10001, 0)), ""))} -> Bumbu | E70: {=IF(C70="","", IFERROR(INDEX(Barang!$E$2:$E$10001, MATCH(C70, Barang!$B$2:$B$10001, 0)), ""))} -> pcs | F70: 38 | G70: {=IF(C70="","", IFERROR(INDEX(Barang!$F$2:$F$10001, MATCH(C70, Barang!$B$2:$B$10001, 0)) * F70, ""))} -> 114000 | M70: BMB001 | N70: Bambo | O70: Bumbu | P70: bungkus | T70: =H70-F70+Q70 -> -38 | U70: - | V70: -
B71: {=IF(C71="","", IFERROR(INDEX(Barang!$A$2:$A$10001, MATCH(C71, Barang!$B$2:$B$10001, 0)), "Tidak ditemukan"))} -> GDY001 | C71: good day | D71: {=IF(C71="","", IFERROR(INDEX(Barang!$C$2:$C$10001, MATCH(C71, Barang!$B$2:$B$10001, 0)), ""))} -> Minuman | E71: {=IF(C71="","", IFERROR(INDEX(Barang!$E$2:$E$10001, MATCH(C71, Barang!$B$2:$B$10001, 0)), ""))} -> pcs | F71: 36 | G71: {=IF(C71="","", IFERROR(INDEX(Barang!$F$2:$F$10001, MATCH(C71, Barang!$B$2:$B$10001, 0)) * F71, ""))} -> 90000 | M71: UBM001 | N71: Biskuit UBM | O71: Makanan | P71: bungkus | T71: =H71-F71+Q71 -> -36 | U71: - | V71: -
B72: {=IF(C72="","", IFERROR(INDEX(Barang!$A$2:$A$10001, MATCH(C72, Barang!$B$2:$B$10001, 0)), "Tidak ditemukan"))} -> APT001 | C72: apetito | D72: {=IF(C72="","", IFERROR(INDEX(Barang!$C$2:$C$10001, MATCH(C72, Barang!$B$2:$B$10001, 0)), ""))} -> Makanan | E72: {=IF(C72="","", IFERROR(INDEX(Barang!$E$2:$E$10001, MATCH(C72, Barang!$B$2:$B$10001, 0)), ""))} -> pcs | F72: 60 | G72: {=IF(C72="","", IFERROR(INDEX(Barang!$F$2:$F$10001, MATCH(C72, Barang!$B$2:$B$10001, 0)) * F72, ""))} -> 120000 | M72: BRK001 | N72: Biskuit Roma | O72: Makanan | P72: bungkus | T72: =H72-F72+Q72 -> -60 | U72: - | V72: -
B73: {=IF(C73="","", IFERROR(INDEX(Barang!$A$2:$A$10001, MATCH(C73, Barang!$B$2:$B$10001, 0)), "Tidak ditemukan"))} -> GL1001 | C73: Gula 1kg | D73: {=IF(C73="","", IFERROR(INDEX(Barang!$C$2:$C$10001, MATCH(C73, Barang!$B$2:$B$10001, 0)), ""))} -> Sembako | E73: {=IF(C73="","", IFERROR(INDEX(Barang!$E$2:$E$10001, MATCH(C73, Barang!$B$2:$B$10001, 0)), ""))} -> kg | F73: 35 | G73: {=IF(C73="","", IFERROR(INDEX(Barang!$F$2:$F$10001, MATCH(C73, Barang!$B$2:$B$10001, 0)) * F73, ""))} -> 577500 | M73: GL001 | N73: Gula | O73: Campur | P73: kilo | T73: =H73-F73+Q73 -> -35 | U73: - | V73: -
B74: {=IF(C74="","", IFERROR(INDEX(Barang!$A$2:$A$10001, MATCH(C74, Barang!$B$2:$B$10001, 0)), "Tidak ditemukan"))} -> BHJ01 | C74: Bihun Jagung | D74: {=IF(C74="","", IFERROR(INDEX(Barang!$C$2:$C$10001, MATCH(C74, Barang!$B$2:$B$10001, 0)), ""))} -> Makanan | E74: {=IF(C74="","", IFERROR(INDEX(Barang!$E$2:$E$10001, MATCH(C74, Barang!$B$2:$B$10001, 0)), ""))} -> pcs | F74: 40 | G74: {=IF(C74="","", IFERROR(INDEX(Barang!$F$2:$F$10001, MATCH(C74, Barang!$B$2:$B$10001, 0)) * F74, ""))} -> 280000 | M74: BNJ001 | N74: Bihun Jagung | O74: Makanan | P74: bungkus | T74: =H74-F74+Q74 -> -40 | U74: - | V74: -
B75: {=IF(C75="","", IFERROR(INDEX(Barang!$A$2:$A$10001, MATCH(C75, Barang!$B$2:$B$10001, 0)), "Tidak ditemukan"))} -> FTG001 | C75: fruta gummy 2 | D75: {=IF(C75="","", IFERROR(INDEX(Barang!$C$2:$C$10001, MATCH(C75, Barang!$B$2:$B$10001, 0)), ""))} -> Makanan | E75: {=IF(C75="","", IFERROR(INDEX(Barang!$E$2:$E$10001, MATCH(C75, Barang!$B$2:$B$10001, 0)), ""))} -> pcs | F75: 45 | G75: {=IF(C75="","", IFERROR(INDEX(Barang!$F$2:$F$10001, MATCH(C75, Barang!$B$2:$B$10001, 0)) * F75, ""))} -> 90000 | M75: KCG001 | N75: Kacang | O75: Makanan | P75: bungkus | T75: =H75-F75+Q75 -> -45 | U75: - | V75: -
B76: {=IF(C76="","", IFERROR(INDEX(Barang!$A$2:$A$10001, MATCH(C76, Barang!$B$2:$B$10001, 0)), "Tidak ditemukan"))} -> TLR1 | C76: telur 1kg | D76: {=IF(C76="","", IFERROR(INDEX(Barang!$C$2:$C$10001, MATCH(C76, Barang!$B$2:$B$10001, 0)), ""))} -> Sembako | E76: {=IF(C76="","", IFERROR(INDEX(Barang!$E$2:$E$10001, MATCH(C76, Barang!$B$2:$B$10001, 0)), ""))} -> kg | F76: 19 | G76: {=IF(C76="","", IFERROR(INDEX(Barang!$F$2:$F$10001, MATCH(C76, Barang!$B$2:$B$10001, 0)) * F76, ""))} -> 589000 | M76: KPH001 | N76: Kopi hitam | O76: Minuman | P76: bungkus | T76: =H76-F76+Q76 -> -19 | U76: - | V76: -
B77: {=IF(C77="","", IFERROR(INDEX(Barang!$A$2:$A$10001, MATCH(C77, Barang!$B$2:$B$10001, 0)), "Tidak ditemukan"))} -> CHR001 | C77: charm softex | D77: {=IF(C77="","", IFERROR(INDEX(Barang!$C$2:$C$10001, MATCH(C77, Barang!$B$2:$B$10001, 0)), ""))} -> Pembalut | E77: {=IF(C77="","", IFERROR(INDEX(Barang!$E$2:$E$10001, MATCH(C77, Barang!$B$2:$B$10001, 0)), ""))} -> pcs | F77: 30 | G77: {=IF(C77="","", IFERROR(INDEX(Barang!$F$2:$F$10001, MATCH(C77, Barang!$B$2:$B$10001, 0)) * F77, ""))} -> 225000 | M77: SOI001 | N77: Saori | O77: Bumbu | P77: bungkus | T77: =H77-F77+Q77 -> -30 | U77: - | V77: -
B78: {=IF(C78="","", IFERROR(INDEX(Barang!$A$2:$A$10001, MATCH(C78, Barang!$B$2:$B$10001, 0)), "Tidak ditemukan"))} -> RYC001 | C78: Royco | D78: {=IF(C78="","", IFERROR(INDEX(Barang!$C$2:$C$10001, MATCH(C78, Barang!$B$2:$B$10001, 0)), ""))} -> Bumbu | E78: {=IF(C78="","", IFERROR(INDEX(Barang!$E$2:$E$10001, MATCH(C78, Barang!$B$2:$B$10001, 0)), ""))} -> pcs | F78: 30 | G78: {=IF(C78="","", IFERROR(INDEX(Barang!$F$2:$F$10001, MATCH(C78, Barang!$B$2:$B$10001, 0)) * F78, ""))} -> 15000 | M78: RYC001 | N78: Royco | O78: Bumbu | P78: bungkus | T78: =H78-F78+Q78 -> -30 | U78: - | V78: -
B79: {=IF(C79="","", IFERROR(INDEX(Barang!$A$2:$A$10001, MATCH(C79, Barang!$B$2:$B$10001, 0)), "Tidak ditemukan"))} -> MGR001 | C79: Mie Goreng | D79: {=IF(C79="","", IFERROR(INDEX(Barang!$C$2:$C$10001, MATCH(C79, Barang!$B$2:$B$10001, 0)), ""))} -> Makanan | E79: {=IF(C79="","", IFERROR(INDEX(Barang!$E$2:$E$10001, MATCH(C79, Barang!$B$2:$B$10001, 0)), ""))} -> pcs | F79: 198 | G79: {=IF(C79="","", IFERROR(INDEX(Barang!$F$2:$F$10001, MATCH(C79, Barang!$B$2:$B$10001, 0)) * F79, ""))} -> 693000 | I79: =SUM(G66:G79) -> 3163500 | M79: MGR001 | N79: Mie Goreng | O79: Makanan | P79: bungkus | T79: =H79-F79+Q79 -> -198 | U79: - | V79: -
A80: 45298 | B80: {=IF(C80="","", IFERROR(INDEX(Barang!$A$2:$A$10001, MATCH(C80, Barang!$B$2:$B$10001, 0)), "Tidak ditemukan"))} -> TGJ001 | C80: Tepung Jempol | D80: {=IF(C80="","", IFERROR(INDEX(Barang!$C$2:$C$10001, MATCH(C80, Barang!$B$2:$B$10001, 0)), ""))} -> Bumbu | E80: {=IF(C80="","", IFERROR(INDEX(Barang!$E$2:$E$10001, MATCH(C80, Barang!$B$2:$B$10001, 0)), ""))} -> pcs | F80: 33 | G80: {=IF(C80="","", IFERROR(INDEX(Barang!$F$2:$F$10001, MATCH(C80, Barang!$B$2:$B$10001, 0)) * F80, ""))} -> 99000 | T80: =H80-F80+Q80 -> -33 | U80: - | V80: -
B81: {=IF(C81="","", IFERROR(INDEX(Barang!$A$2:$A$10001, MATCH(C81, Barang!$B$2:$B$10001, 0)), "Tidak ditemukan"))} -> TGP002 | C81: Tepung Peyek | D81: {=IF(C81="","", IFERROR(INDEX(Barang!$C$2:$C$10001, MATCH(C81, Barang!$B$2:$B$10001, 0)), ""))} -> Bumbu | E81: {=IF(C81="","", IFERROR(INDEX(Barang!$E$2:$E$10001, MATCH(C81, Barang!$B$2:$B$10001, 0)), ""))} -> pcs | F81: 25 | G81: {=IF(C81="","", IFERROR(INDEX(Barang!$F$2:$F$10001, MATCH(C81, Barang!$B$2:$B$10001, 0)) * F81, ""))} -> 25000 | T81: =H81-F81+Q81 -> -25 | U81: - | V81: -
B82: {=IF(C82="","", IFERROR(INDEX(Barang!$A$2:$A$10001, MATCH(C82, Barang!$B$2:$B$10001, 0)), "Tidak ditemukan"))} -> GCC001 | C82: Garuda Crunchy | D82: {=IF(C82="","", IFERROR(INDEX(Barang!$C$2:$C$10001, MATCH(C82, Barang!$B$2:$B$10001, 0)), ""))} -> Makanan | E82: {=IF(C82="","", IFERROR(INDEX(Barang!$E$2:$E$10001, MATCH(C82, Barang!$B$2:$B$10001, 0)), ""))} -> pcs | F82: 36 | G82: {=IF(C82="","", IFERROR(INDEX(Barang!$F$2:$F$10001, MATCH(C82, Barang!$B$2:$B$10001, 0)) * F82, ""))} -> 72000 | T82: =H82-F82+Q82 -> -36 | U82: - | V82: -
B83: {=IF(C83="","", IFERROR(INDEX(Barang!$A$2:$A$10001, MATCH(C83, Barang!$B$2:$B$10001, 0)), "Tidak ditemukan"))} -> PLP001 | C83: pilus pop | D83: {=IF(C83="","", IFERROR(INDEX(Barang!$C$2:$C$10001, MATCH(C83, Barang!$B$2:$B$10001, 0)), ""))} -> Makanan | E83: {=IF(C83="","", IFERROR(INDEX(Barang!$E$2:$E$10001, MATCH(C83, Barang!$B$2:$B$10001, 0)), ""))} -> pcs | F83: 43 | G83: {=IF(C83="","", IFERROR(INDEX(Barang!$F$2:$F$10001, MATCH(C83, Barang!$B$2:$B$10001, 0)) * F83, ""))} -> 86000 | T83: =H83-F83+Q83 -> -43 | U83: - | V83: -
B84: {=IF(C84="","", IFERROR(INDEX(Barang!$A$2:$A$10001, MATCH(C84, Barang!$B$2:$B$10001, 0)), "Tidak ditemukan"))} -> EMR001 | C84: emeron | D84: {=IF(C84="","", IFERROR(INDEX(Barang!$C$2:$C$10001, MATCH(C84, Barang!$B$2:$B$10001, 0)), ""))} -> Shampo | E84: {=IF(C84="","", IFERROR(INDEX(Barang!$E$2:$E$10001, MATCH(C84, Barang!$B$2:$B$10001, 0)), ""))} -> pcs | F84: 36 | G84: {=IF(C84="","", IFERROR(INDEX(Barang!$F$2:$F$10001, MATCH(C84, Barang!$B$2:$B$10001, 0)) * F84, ""))} -> 36000 | T84: =H84-F84+Q84 -> -36 | U84: - | V84: -
B85: {=IF(C85="","", IFERROR(INDEX(Barang!$A$2:$A$10001, MATCH(C85, Barang!$B$2:$B$10001, 0)), "Tidak ditemukan"))} -> YP500 | C85: yupi 500 | D85: {=IF(C85="","", IFERROR(INDEX(Barang!$C$2:$C$10001, MATCH(C85, Barang!$B$2:$B$10001, 0)), ""))} -> Makanan | E85: {=IF(C85="","", IFERROR(INDEX(Barang!$E$2:$E$10001, MATCH(C85, Barang!$B$2:$B$10001, 0)), ""))} -> pcs | F85: 98 | G85: {=IF(C85="","", IFERROR(INDEX(Barang!$F$2:$F$10001, MATCH(C85, Barang!$B$2:$B$10001, 0)) * F85, ""))} -> 49000 | T85: =H85-F85+Q85 -> -98 | U85: - | V85: -
B86: {=IF(C86="","", IFERROR(INDEX(Barang!$A$2:$A$10001, MATCH(C86, Barang!$B$2:$B$10001, 0)), "Tidak ditemukan"))} -> GRM01 | C86: Garam | D86: {=IF(C86="","", IFERROR(INDEX(Barang!$C$2:$C$10001, MATCH(C86, Barang!$B$2:$B$10001, 0)), ""))} -> Bumbu | E86: {=IF(C86="","", IFERROR(INDEX(Barang!$E$2:$E$10001, MATCH(C86, Barang!$B$2:$B$10001, 0)), ""))} -> pcs | F86: 22 | G86: {=IF(C86="","", IFERROR(INDEX(Barang!$F$2:$F$10001, MATCH(C86, Barang!$B$2:$B$10001, 0)) * F86, ""))} -> 55000 | T86: =H86-F86+Q86 -> -22 | U86: - | V86: -
B87: {=IF(C87="","", IFERROR(INDEX(Barang!$A$2:$A$10001, MATCH(C87, Barang!$B$2:$B$10001, 0)), "Tidak ditemukan"))} -> KS001 | C87: Kerupuk seblak | D87: {=IF(C87="","", IFERROR(INDEX(Barang!$C$2:$C$10001, MATCH(C87, Barang!$B$2:$B$10001, 0)), ""))} -> Makanan | E87: {=IF(C87="","", IFERROR(INDEX(Barang!$E$2:$E$10001, MATCH(C87, Barang!$B$2:$B$10001, 0)), ""))} -> pcs | F87: 13 | G87: {=IF(C87="","", IFERROR(INDEX(Barang!$F$2:$F$10001, MATCH(C87, Barang!$B$2:$B$10001, 0)) * F87, ""))} -> 78000 | T87: =H87-F87+Q87 -> -13 | U87: - | V87: -
B88: {=IF(C88="","", IFERROR(INDEX(Barang!$A$2:$A$10001, MATCH(C88, Barang!$B$2:$B$10001, 0)), "Tidak ditemukan"))} -> PLS002 | C88: Pilus | D88: {=IF(C88="","", IFERROR(INDEX(Barang!$C$2:$C$10001, MATCH(C88, Barang!$B$2:$B$10001, 0)), ""))} -> Makanan | E88: {=IF(C88="","", IFERROR(INDEX(Barang!$E$2:$E$10001, MATCH(C88, Barang!$B$2:$B$10001, 0)), ""))} -> pcs | F88: 25 | G88: {=IF(C88="","", IFERROR(INDEX(Barang!$F$2:$F$10001, MATCH(C88, Barang!$B$2:$B$10001, 0)) * F88, ""))} -> 25000 | T88: =H88-F88+Q88 -> -25 | U88: - | V88: -
B89: {=IF(C89="","", IFERROR(INDEX(Barang!$A$2:$A$10001, MATCH(C89, Barang!$B$2:$B$10001, 0)), "Tidak ditemukan"))} -> AMP01 | C89: amplop | D89: {=IF(C89="","", IFERROR(INDEX(Barang!$C$2:$C$10001, MATCH(C89, Barang!$B$2:$B$10001, 0)), ""))} -> Kertas | E89: {=IF(C89="","", IFERROR(INDEX(Barang!$E$2:$E$10001, MATCH(C89, Barang!$B$2:$B$10001, 0)), ""))} -> pcs | F89: 100 | G89: {=IF(C89="","", IFERROR(INDEX(Barang!$F$2:$F$10001, MATCH(C89, Barang!$B$2:$B$10001, 0)) * F89, ""))} -> 50000 | T89: =H89-F89+Q89 -> -100 | U89: - | V89: -
B90: {=IF(C90="","", IFERROR(INDEX(Barang!$A$2:$A$10001, MATCH(C90, Barang!$B$2:$B$10001, 0)), "Tidak ditemukan"))} -> MLK02 | C90: Malkist besar | D90: {=IF(C90="","", IFERROR(INDEX(Barang!$C$2:$C$10001, MATCH(C90, Barang!$B$2:$B$10001, 0)), ""))} -> Makanan | E90: {=IF(C90="","", IFERROR(INDEX(Barang!$E$2:$E$10001, MATCH(C90, Barang!$B$2:$B$10001, 0)), ""))} -> pcs | F90: 2 | G90: {=IF(C90="","", IFERROR(INDEX(Barang!$F$2:$F$10001, MATCH(C90, Barang!$B$2:$B$10001, 0)) * F90, ""))} -> 13000 | T90: =H90-F90+Q90 -> -2 | U90: - | V90: -
B91: {=IF(C91="","", IFERROR(INDEX(Barang!$A$2:$A$10001, MATCH(C91, Barang!$B$2:$B$10001, 0)), "Tidak ditemukan"))} -> KPH001 | C91: KOPI HITAM | D91: {=IF(C91="","", IFERROR(INDEX(Barang!$C$2:$C$10001, MATCH(C91, Barang!$B$2:$B$10001, 0)), ""))} -> Minuman | E91: {=IF(C91="","", IFERROR(INDEX(Barang!$E$2:$E$10001, MATCH(C91, Barang!$B$2:$B$10001, 0)), ""))} -> pcs | F91: 120 | G91: {=IF(C91="","", IFERROR(INDEX(Barang!$F$2:$F$10001, MATCH(C91, Barang!$B$2:$B$10001, 0)) * F91, ""))} -> 120000 | T91: =H91-F91+Q91 -> -120 | U91: - | V91: -
B92: {=IF(C92="","", IFERROR(INDEX(Barang!$A$2:$A$10001, MATCH(C92, Barang!$B$2:$B$10001, 0)), "Tidak ditemukan"))} -> TLR2 | C92: telur 1/2 | D92: {=IF(C92="","", IFERROR(INDEX(Barang!$C$2:$C$10001, MATCH(C92, Barang!$B$2:$B$10001, 0)), ""))} -> Sembako | E92: {=IF(C92="","", IFERROR(INDEX(Barang!$E$2:$E$10001, MATCH(C92, Barang!$B$2:$B$10001, 0)), ""))} -> kg | F92: 20 | G92: {=IF(C92="","", IFERROR(INDEX(Barang!$F$2:$F$10001, MATCH(C92, Barang!$B$2:$B$10001, 0)) * F92, ""))} -> 310000 | T92: =H92-F92+Q92 -> -20 | U92: - | V92: -
... B94: {=IF(C94="","", IFERROR(INDEX(Barang!$A$2:$A$10001, MATCH(C94, Barang!$B$2:$B$10001, 0)), "Tidak ditemukan"))} -> BRS1 | C94: Beras 1kg | D94: {=IF(C94="","", IFERROR(INDEX(Barang!$C$2:$C$10001, MATCH(C94, Barang!$B$2:$B$10001, 0)), ""))} -> Sembako | E94: {=IF(C94="","", IFERROR(INDEX(Barang!$E$2:$E$10001, MATCH(C94, Barang!$B$2:$B$10001, 0)), ""))} -> kg | F94: 60 | G94: {=IF(C94="","", IFERROR(INDEX(Barang!$F$2:$F$10001, MATCH(C94, Barang!$B$2:$B$10001, 0)) * F94, ""))} -> 870000 | T94: =H94-F94+Q94 -> -60 | U94: - | V94: -
B95: {=IF(C95="","", IFERROR(INDEX(Barang!$A$2:$A$10001, MATCH(C95, Barang!$B$2:$B$10001, 0)), "Tidak ditemukan"))} -> RK001 | C95: Roma kelapa | D95: {=IF(C95="","", IFERROR(INDEX(Barang!$C$2:$C$10001, MATCH(C95, Barang!$B$2:$B$10001, 0)), ""))} -> Makanan | E95: {=IF(C95="","", IFERROR(INDEX(Barang!$E$2:$E$10001, MATCH(C95, Barang!$B$2:$B$10001, 0)), ""))} -> pcs | F95: 23 | G95: {=IF(C95="","", IFERROR(INDEX(Barang!$F$2:$F$10001, MATCH(C95, Barang!$B$2:$B$10001, 0)) * F95, ""))} -> 195500 | I95: =SUM(G80:G95) -> 2215500 | T95: =H95-F95+Q95 -> -23 | U95: - | V95: -
A96: 45299 | B96: {=IF(C96="","", IFERROR(INDEX(Barang!$A$2:$A$10001, MATCH(C96, Barang!$B$2:$B$10001, 0)), "Tidak ditemukan"))} -> TLR2 | C96: TELUR 1/2 | D96: {=IF(C96="","", IFERROR(INDEX(Barang!$C$2:$C$10001, MATCH(C96, Barang!$B$2:$B$10001, 0)), ""))} -> Sembako | E96: {=IF(C96="","", IFERROR(INDEX(Barang!$E$2:$E$10001, MATCH(C96, Barang!$B$2:$B$10001, 0)), ""))} -> kg | F96: 22 | G96: {=IF(C96="","", IFERROR(INDEX(Barang!$F$2:$F$10001, MATCH(C96, Barang!$B$2:$B$10001, 0)) * F96, ""))} -> 341000 | T96: =H96-F96+Q96 -> -22 | U96: - | V96: -
B97: {=IF(C97="","", IFERROR(INDEX(Barang!$A$2:$A$10001, MATCH(C97, Barang!$B$2:$B$10001, 0)), "Tidak ditemukan"))} -> MLG001 | C97: madu lumbang | D97: {=IF(C97="","", IFERROR(INDEX(Barang!$C$2:$C$10001, MATCH(C97, Barang!$B$2:$B$10001, 0)), ""))} -> Minuman | E97: {=IF(C97="","", IFERROR(INDEX(Barang!$E$2:$E$10001, MATCH(C97, Barang!$B$2:$B$10001, 0)), ""))} -> botol | F97: 8 | G97: {=IF(C97="","", IFERROR(INDEX(Barang!$F$2:$F$10001, MATCH(C97, Barang!$B$2:$B$10001, 0)) * F97, ""))} -> 640000 | T97: =H97-F97+Q97 -> -8 | U97: - | V97: -
B98: {=IF(C98="","", IFERROR(INDEX(Barang!$A$2:$A$10001, MATCH(C98, Barang!$B$2:$B$10001, 0)), "Tidak ditemukan"))} -> RYC001 | C98: royco | D98: {=IF(C98="","", IFERROR(INDEX(Barang!$C$2:$C$10001, MATCH(C98, Barang!$B$2:$B$10001, 0)), ""))} -> Bumbu | E98: {=IF(C98="","", IFERROR(INDEX(Barang!$E$2:$E$10001, MATCH(C98, Barang!$B$2:$B$10001, 0)), ""))} -> pcs | F98: 40 | G98: {=IF(C98="","", IFERROR(INDEX(Barang!$F$2:$F$10001, MATCH(C98, Barang!$B$2:$B$10001, 0)) * F98, ""))} -> 20000 | T98: =H98-F98+Q98 -> -40 | U98: - | V98: -
B99: {=IF(C99="","", IFERROR(INDEX(Barang!$A$2:$A$10001, MATCH(C99, Barang!$B$2:$B$10001, 0)), "Tidak ditemukan"))} -> KPS001 | C99: Kerupuk pedas | D99: {=IF(C99="","", IFERROR(INDEX(Barang!$C$2:$C$10001, MATCH(C99, Barang!$B$2:$B$10001, 0)), ""))} -> Makanan | E99: {=IF(C99="","", IFERROR(INDEX(Barang!$E$2:$E$10001, MATCH(C99, Barang!$B$2:$B$10001, 0)), ""))} -> pcs | F99: 22 | G99: {=IF(C99="","", IFERROR(INDEX(Barang!$F$2:$F$10001, MATCH(C99, Barang!$B$2:$B$10001, 0)) * F99, ""))} -> 110000 | T99: =H99-F99+Q99 -> -22 | U99: - | V99: -
B100: {=IF(C100="","", IFERROR(INDEX(Barang!$A$2:$A$10001, MATCH(C100, Barang!$B$2:$B$10001, 0)), "Tidak ditemukan"))} -> BRS1 | C100: Beras 1kg | D100: {=IF(C100="","", IFERROR(INDEX(Barang!$C$2:$C$10001, MATCH(C100, Barang!$B$2:$B$10001, 0)), ""))} -> Sembako | E100: {=IF(C100="","", IFERROR(INDEX(Barang!$E$2:$E$10001, MATCH(C100, Barang!$B$2:$B$10001, 0)), ""))} -> kg | F100: 16 | G100: {=IF(C100="","", IFERROR(INDEX(Barang!$F$2:$F$10001, MATCH(C100, Barang!$B$2:$B$10001, 0)) * F100, ""))} -> 232000 | T100: =H100-F100+Q100 -> -16 | U100: - | V100: -
B101: {=IF(C101="","", IFERROR(INDEX(Barang!$A$2:$A$10001, MATCH(C101, Barang!$B$2:$B$10001, 0)), "Tidak ditemukan"))} -> THD001 | C101: Teh dandang | D101: {=IF(C101="","", IFERROR(INDEX(Barang!$C$2:$C$10001, MATCH(C101, Barang!$B$2:$B$10001, 0)), ""))} -> Minuman | E101: {=IF(C101="","", IFERROR(INDEX(Barang!$E$2:$E$10001, MATCH(C101, Barang!$B$2:$B$10001, 0)), ""))} -> pcs | F101: 20 | G101: {=IF(C101="","", IFERROR(INDEX(Barang!$F$2:$F$10001, MATCH(C101, Barang!$B$2:$B$10001, 0)) * F101, ""))} -> 40000 | T101: =H101-F101+Q101 -> -20 | U101: - | V101: -
...

Sheet 2025
A1: Tanggal | B1: Kode Barang | C1: Nama Barang | D1: Kategori | E1: Satuan | F1: Jual | G1: Harga Jual | H1: Stok Awal | I1: Total | J1: Column 1 | L1: Tanggal | M1: Kode Barang | N1: Nama Barang | O1: Kategori | P1: Satuan | Q1: Kulak | R1: Harga Jual | S1: Harga Kulak | T1: Stok Akhir | U1: Minimal Stok | V1: Supplier
A2: 45938 | B2: {=IF(C2="","", IFERROR(INDEX(Barang!$A$2:$A$10001, MATCH(C2, Barang!$B$2:$B$10001, 0)), "Tidak ditemukan"))} -> ADS001 | C2: Adem Sari | D2: {=IF(C2="","", IFERROR(INDEX(Barang!$C$2:$C$10001, MATCH(C2, Barang!$B$2:$B$10001, 0)), ""))} -> Minuman | E2: {=IF(C2="","", IFERROR(INDEX(Barang!$E$2:$E$10001, MATCH(C2, Barang!$B$2:$B$10001, 0)), ""))} -> pcs | F2: 30 | G2: {=IF(C2="","", IFERROR(INDEX(Barang!$F$2:$F$10001, MATCH(C2, Barang!$B$2:$B$10001, 0)) * F2, ""))} -> 75000 | M2: {=IF(N2="","", IFERROR(INDEX(Barang!$A$2:$A$10001, MATCH(N2, Barang!$B$2:$B$10001, 0)), "Tidak ditemukan"))} | O2: {=IF(N2="","", IFERROR(INDEX(Barang!$C$2:$C$10001, MATCH(N2, Barang!$B$2:$B$10001, 0)), ""))} | P2: {=IF(N2="","", IFERROR(INDEX(Barang!$E$2:$E$10001, MATCH(N2, Barang!$B$2:$B$10001, 0)), ""))} | R2: {=IF(N2="","", IFERROR(INDEX(Barang!$F$2:$F$10001, MATCH(N2, Barang!$B$2:$B$10001, 0)) * Q2, ""))} | U2: - | V2: -
B3: {=IF(C3="","", IFERROR(INDEX(Barang!$A$2:$A$10001, MATCH(C3, Barang!$B$2:$B$10001, 0)), "Tidak ditemukan"))} -> TPL2 | C3: Tropical 2Lt | D3: {=IF(C3="","", IFERROR(INDEX(Barang!$C$2:$C$10001, MATCH(C3, Barang!$B$2:$B$10001, 0)), ""))} -> Minyak | E3: {=IF(C3="","", IFERROR(INDEX(Barang!$E$2:$E$10001, MATCH(C3, Barang!$B$2:$B$10001, 0)), ""))} -> Liter | F3: 10 | G3: {=IF(C3="","", IFERROR(INDEX(Barang!$F$2:$F$10001, MATCH(C3, Barang!$B$2:$B$10001, 0)) * F3, ""))} -> 400000 | M3: {=IF(N3="","", IFERROR(INDEX(Barang!$A$2:$A$10001, MATCH(N3, Barang!$B$2:$B$10001, 0)), "Tidak ditemukan"))} | O3: {=IF(N3="","", IFERROR(INDEX(Barang!$C$2:$C$10001, MATCH(N3, Barang!$B$2:$B$10001, 0)), ""))} | P3: {=IF(N3="","", IFERROR(INDEX(Barang!$E$2:$E$10001, MATCH(N3, Barang!$B$2:$B$10001, 0)), ""))} | R3: {=IF(N3="","", IFERROR(INDEX(Barang!$F$2:$F$10001, MATCH(N3, Barang!$B$2:$B$10001, 0)) * Q3, ""))} | U3: - | V3: -
B4: {=IF(C4="","", IFERROR(INDEX(Barang!$A$2:$A$10001, MATCH(C4, Barang!$B$2:$B$10001, 0)), "Tidak ditemukan"))} -> LFB001 | C4: Lifebouy | D4: {=IF(C4="","", IFERROR(INDEX(Barang!$C$2:$C$10001, MATCH(C4, Barang!$B$2:$B$10001, 0)), ""))} -> Sabun | E4: {=IF(C4="","", IFERROR(INDEX(Barang!$E$2:$E$10001, MATCH(C4, Barang!$B$2:$B$10001, 0)), ""))} -> pcs | F4: 30 | G4: {=IF(C4="","", IFERROR(INDEX(Barang!$F$2:$F$10001, MATCH(C4, Barang!$B$2:$B$10001, 0)) * F4, ""))} -> 180000 | M4: {=IF(N4="","", IFERROR(INDEX(Barang!$A$2:$A$10001, MATCH(N4, Barang!$B$2:$B$10001, 0)), "Tidak ditemukan"))} | O4: {=IF(N4="","", IFERROR(INDEX(Barang!$C$2:$C$10001, MATCH(N4, Barang!$B$2:$B$10001, 0)), ""))} | P4: {=IF(N4="","", IFERROR(INDEX(Barang!$E$2:$E$10001, MATCH(N4, Barang!$B$2:$B$10001, 0)), ""))} | R4: {=IF(N4="","", IFERROR(INDEX(Barang!$F$2:$F$10001, MATCH(N4, Barang!$B$2:$B$10001, 0)) * Q4, ""))} | U4: - | V4: -
B5: {=IF(C5="","", IFERROR(INDEX(Barang!$A$2:$A$10001, MATCH(C5, Barang!$B$2:$B$10001, 0)), "Tidak ditemukan"))} -> TSP001 | C5: Tisu peony | D5: {=IF(C5="","", IFERROR(INDEX(Barang!$C$2:$C$10001, MATCH(C5, Barang!$B$2:$B$10001, 0)), ""))} -> Tissue | E5: {=IF(C5="","", IFERROR(INDEX(Barang!$E$2:$E$10001, MATCH(C5, Barang!$B$2:$B$10001, 0)), ""))} -> pcs | F5: 21 | G5: {=IF(C5="","", IFERROR(INDEX(Barang!$F$2:$F$10001, MATCH(C5, Barang!$B$2:$B$10001, 0)) * F5, ""))} -> 147000 | M5: {=IF(N5="","", IFERROR(INDEX(Barang!$A$2:$A$10001, MATCH(N5, Barang!$B$2:$B$10001, 0)), "Tidak ditemukan"))} | O5: {=IF(N5="","", IFERROR(INDEX(Barang!$C$2:$C$10001, MATCH(N5, Barang!$B$2:$B$10001, 0)), ""))} | P5: {=IF(N5="","", IFERROR(INDEX(Barang!$E$2:$E$10001, MATCH(N5, Barang!$B$2:$B$10001, 0)), ""))} | R5: {=IF(N5="","", IFERROR(INDEX(Barang!$F$2:$F$10001, MATCH(N5, Barang!$B$2:$B$10001, 0)) * Q5, ""))} | U5: - | V5: -
B6: {=IF(C6="","", IFERROR(INDEX(Barang!$A$2:$A$10001, MATCH(C6, Barang!$B$2:$B$10001, 0)), "Tidak ditemukan"))} -> SAR001 | C6: Saori | D6: {=IF(C6="","", IFERROR(INDEX(Barang!$C$2:$C$10001, MATCH(C6, Barang!$B$2:$B$10001, 0)), ""))} -> Bumbu | E6: {=IF(C6="","", IFERROR(INDEX(Barang!$E$2:$E$10001, MATCH(C6, Barang!$B$2:$B$10001, 0)), ""))} -> pcs | F6: 32 | G6: {=IF(C6="","", IFERROR(INDEX(Barang!$F$2:$F$10001, MATCH(C6, Barang!$B$2:$B$10001, 0)) * F6, ""))} -> 96000 | I6: =SUM(G2:G6) -> 898000 | M6: {=IF(N6="","", IFERROR(INDEX(Barang!$A$2:$A$10001, MATCH(N6, Barang!$B$2:$B$10001, 0)), "Tidak ditemukan"))} | O6: {=IF(N6="","", IFERROR(INDEX(Barang!$C$2:$C$10001, MATCH(N6, Barang!$B$2:$B$10001, 0)), ""))} | P6: {=IF(N6="","", IFERROR(INDEX(Barang!$E$2:$E$10001, MATCH(N6, Barang!$B$2:$B$10001, 0)), ""))} | R6: {=IF(N6="","", IFERROR(INDEX(Barang!$F$2:$F$10001, MATCH(N6, Barang!$B$2:$B$10001, 0)) * Q6, ""))} | U6: - | V6: -
A7: 45939 | B7: {=IF(C7="","", IFERROR(INDEX(Barang!$A$2:$A$10001, MATCH(C7, Barang!$B$2:$B$10001, 0)), "Tidak ditemukan"))} -> TGJ001 | C7: Tepung Jempol | D7: {=IF(C7="","", IFERROR(INDEX(Barang!$C$2:$C$10001, MATCH(C7, Barang!$B$2:$B$10001, 0)), ""))} -> Bumbu | E7: {=IF(C7="","", IFERROR(INDEX(Barang!$E$2:$E$10001, MATCH(C7, Barang!$B$2:$B$10001, 0)), ""))} -> pcs | F7: 20 | G7: {=IF(C7="","", IFERROR(INDEX(Barang!$F$2:$F$10001, MATCH(C7, Barang!$B$2:$B$10001, 0)) * F7, ""))} -> 60000 | M7: {=IF(N7="","", IFERROR(INDEX(Barang!$A$2:$A$10001, MATCH(N7, Barang!$B$2:$B$10001, 0)), "Tidak ditemukan"))} | O7: {=IF(N7="","", IFERROR(INDEX(Barang!$C$2:$C$10001, MATCH(N7, Barang!$B$2:$B$10001, 0)), ""))} | P7: {=IF(N7="","", IFERROR(INDEX(Barang!$E$2:$E$10001, MATCH(N7, Barang!$B$2:$B$10001, 0)), ""))} | R7: {=IF(N7="","", IFERROR(INDEX(Barang!$F$2:$F$10001, MATCH(N7, Barang!$B$2:$B$10001, 0)) * Q7, ""))} | U7: - | V7: -
B8: {=IF(C8="","", IFERROR(INDEX(Barang!$A$2:$A$10001, MATCH(C8, Barang!$B$2:$B$10001, 0)), "Tidak ditemukan"))} -> MGR001 | C8: Mie Goreng | D8: {=IF(C8="","", IFERROR(INDEX(Barang!$C$2:$C$10001, MATCH(C8, Barang!$B$2:$B$10001, 0)), ""))} -> Makanan | E8: {=IF(C8="","", IFERROR(INDEX(Barang!$E$2:$E$10001, MATCH(C8, Barang!$B$2:$B$10001, 0)), ""))} -> pcs | F8: 42 | G8: {=IF(C8="","", IFERROR(INDEX(Barang!$F$2:$F$10001, MATCH(C8, Barang!$B$2:$B$10001, 0)) * F8, ""))} -> 147000 | M8: {=IF(N8="","", IFERROR(INDEX(Barang!$A$2:$A$10001, MATCH(N8, Barang!$B$2:$B$10001, 0)), "Tidak ditemukan"))} | O8: {=IF(N8="","", IFERROR(INDEX(Barang!$C$2:$C$10001, MATCH(N8, Barang!$B$2:$B$10001, 0)), ""))} | P8: {=IF(N8="","", IFERROR(INDEX(Barang!$E$2:$E$10001, MATCH(N8, Barang!$B$2:$B$10001, 0)), ""))} | R8: {=IF(N8="","", IFERROR(INDEX(Barang!$F$2:$F$10001, MATCH(N8, Barang!$B$2:$B$10001, 0)) * Q8, ""))} | U8: - | V8: -
B9: {=IF(C9="","", IFERROR(INDEX(Barang!$A$2:$A$10001, MATCH(C9, Barang!$B$2:$B$10001, 0)), "Tidak ditemukan"))} -> GL1001 | C9: Gula 1kg | D9: {=IF(C9="","", IFERROR(INDEX(Barang!$C$2:$C$10001, MATCH(C9, Barang!$B$2:$B$10001, 0)), ""))} -> Sembako | E9: {=IF(C9="","", IFERROR(INDEX(Barang!$E$2:$E$10001, MATCH(C9, Barang!$B$2:$B$10001, 0)), ""))} -> kg | F9: 7 | G9: {=IF(C9="","", IFERROR(INDEX(Barang!$F$2:$F$10001, MATCH(C9, Barang!$B$2:$B$10001, 0)) * F9, ""))} -> 115500 | M9: {=IF(N9="","", IFERROR(INDEX(Barang!$A$2:$A$10001, MATCH(N9, Barang!$B$2:$B$10001, 0)), "Tidak ditemukan"))} | O9: {=IF(N9="","", IFERROR(INDEX(Barang!$C$2:$C$10001, MATCH(N9, Barang!$B$2:$B$10001, 0)), ""))} | P9: {=IF(N9="","", IFERROR(INDEX(Barang!$E$2:$E$10001, MATCH(N9, Barang!$B$2:$B$10001, 0)), ""))} | R9: {=IF(N9="","", IFERROR(INDEX(Barang!$F$2:$F$10001, MATCH(N9, Barang!$B$2:$B$10001, 0)) * Q9, ""))} | U9: - | V9: -
B10: {=IF(C10="","", IFERROR(INDEX(Barang!$A$2:$A$10001, MATCH(C10, Barang!$B$2:$B$10001, 0)), "Tidak ditemukan"))} -> RTP001 | C10: Roti Pia | D10: {=IF(C10="","", IFERROR(INDEX(Barang!$C$2:$C$10001, MATCH(C10, Barang!$B$2:$B$10001, 0)), ""))} -> Makanan | E10: {=IF(C10="","", IFERROR(INDEX(Barang!$E$2:$E$10001, MATCH(C10, Barang!$B$2:$B$10001, 0)), ""))} -> pcs | F10: 10 | G10: {=IF(C10="","", IFERROR(INDEX(Barang!$F$2:$F$10001, MATCH(C10, Barang!$B$2:$B$10001, 0)) * F10, ""))} -> 20000 | M10: {=IF(N10="","", IFERROR(INDEX(Barang!$A$2:$A$10001, MATCH(N10, Barang!$B$2:$B$10001, 0)), "Tidak ditemukan"))} | O10: {=IF(N10="","", IFERROR(INDEX(Barang!$C$2:$C$10001, MATCH(N10, Barang!$B$2:$B$10001, 0)), ""))} | P10: {=IF(N10="","", IFERROR(INDEX(Barang!$E$2:$E$10001, MATCH(N10, Barang!$B$2:$B$10001, 0)), ""))} | R10: {=IF(N10="","", IFERROR(INDEX(Barang!$F$2:$F$10001, MATCH(N10, Barang!$B$2:$B$10001, 0)) * Q10, ""))}
B11: {=IF(C11="","", IFERROR(INDEX(Barang!$A$2:$A$10001, MATCH(C11, Barang!$B$2:$B$10001, 0)), "Tidak ditemukan"))} -> SC001 | C11: Soklin Cair | D11: {=IF(C11="","", IFERROR(INDEX(Barang!$C$2:$C$10001, MATCH(C11, Barang!$B$2:$B$10001, 0)), ""))} -> Sabun | E11: {=IF(C11="","", IFERROR(INDEX(Barang!$E$2:$E$10001, MATCH(C11, Barang!$B$2:$B$10001, 0)), ""))} -> btl | F11: 10 | G11: {=IF(C11="","", IFERROR(INDEX(Barang!$F$2:$F$10001, MATCH(C11, Barang!$B$2:$B$10001, 0)) * F11, ""))} -> 90000 | I11: =SUM(G7:G11) -> 432500 | M11: {=IF(N11="","", IFERROR(INDEX(Barang!$A$2:$A$10001, MATCH(N11, Barang!$B$2:$B$10001, 0)), "Tidak ditemukan"))} | O11: {=IF(N11="","", IFERROR(INDEX(Barang!$C$2:$C$10001, MATCH(N11, Barang!$B$2:$B$10001, 0)), ""))} | P11: {=IF(N11="","", IFERROR(INDEX(Barang!$E$2:$E$10001, MATCH(N11, Barang!$B$2:$B$10001, 0)), ""))} | R11: {=IF(N11="","", IFERROR(INDEX(Barang!$F$2:$F$10001, MATCH(N11, Barang!$B$2:$B$10001, 0)) * Q11, ""))} | U11: - | V11: -
A12: 45940 | B12: {=IF(C12="","", IFERROR(INDEX(Barang!$A$2:$A$10001, MATCH(C12, Barang!$B$2:$B$10001, 0)), "Tidak ditemukan"))} -> BPT1 | C12: B. putih 1/4 | D12: {=IF(C12="","", IFERROR(INDEX(Barang!$C$2:$C$10001, MATCH(C12, Barang!$B$2:$B$10001, 0)), ""))} -> Rempah | E12: {=IF(C12="","", IFERROR(INDEX(Barang!$E$2:$E$10001, MATCH(C12, Barang!$B$2:$B$10001, 0)), ""))} -> kg | F12: 20 | G12: {=IF(C12="","", IFERROR(INDEX(Barang!$F$2:$F$10001, MATCH(C12, Barang!$B$2:$B$10001, 0)) * F12, ""))} -> 170000 | M12: {=IF(N12="","", IFERROR(INDEX(Barang!$A$2:$A$10001, MATCH(N12, Barang!$B$2:$B$10001, 0)), "Tidak ditemukan"))} | O12: {=IF(N12="","", IFERROR(INDEX(Barang!$C$2:$C$10001, MATCH(N12, Barang!$B$2:$B$10001, 0)), ""))} | P12: {=IF(N12="","", IFERROR(INDEX(Barang!$E$2:$E$10001, MATCH(N12, Barang!$B$2:$B$10001, 0)), ""))} | R12: {=IF(N12="","", IFERROR(INDEX(Barang!$F$2:$F$10001, MATCH(N12, Barang!$B$2:$B$10001, 0)) * Q12, ""))} | U12: - | V12: -
B13: {=IF(C13="","", IFERROR(INDEX(Barang!$A$2:$A$10001, MATCH(C13, Barang!$B$2:$B$10001, 0)), "Tidak ditemukan"))} -> EKC001 | C13: Ekonomi Cair | D13: {=IF(C13="","", IFERROR(INDEX(Barang!$C$2:$C$10001, MATCH(C13, Barang!$B$2:$B$10001, 0)), ""))} -> Sabun | E13: {=IF(C13="","", IFERROR(INDEX(Barang!$E$2:$E$10001, MATCH(C13, Barang!$B$2:$B$10001, 0)), ""))} -> pcs | F13: 22 | G13: {=IF(C13="","", IFERROR(INDEX(Barang!$F$2:$F$10001, MATCH(C13, Barang!$B$2:$B$10001, 0)) * F13, ""))} -> 220000 | M13: {=IF(N13="","", IFERROR(INDEX(Barang!$A$2:$A$10001, MATCH(N13, Barang!$B$2:$B$10001, 0)), "Tidak ditemukan"))} | O13: {=IF(N13="","", IFERROR(INDEX(Barang!$C$2:$C$10001, MATCH(N13, Barang!$B$2:$B$10001, 0)), ""))} | P13: {=IF(N13="","", IFERROR(INDEX(Barang!$E$2:$E$10001, MATCH(N13, Barang!$B$2:$B$10001, 0)), ""))} | R13: {=IF(N13="","", IFERROR(INDEX(Barang!$F$2:$F$10001, MATCH(N13, Barang!$B$2:$B$10001, 0)) * Q13, ""))} | U13: - | V13: -
B14: {=IF(C14="","", IFERROR(INDEX(Barang!$A$2:$A$10001, MATCH(C14, Barang!$B$2:$B$10001, 0)), "Tidak ditemukan"))} -> STS | C14: Santan Sasa | D14: {=IF(C14="","", IFERROR(INDEX(Barang!$C$2:$C$10001, MATCH(C14, Barang!$B$2:$B$10001, 0)), ""))} -> Bumbu | E14: {=IF(C14="","", IFERROR(INDEX(Barang!$E$2:$E$10001, MATCH(C14, Barang!$B$2:$B$10001, 0)), ""))} -> pcs | F14: 1 | G14: {=IF(C14="","", IFERROR(INDEX(Barang!$F$2:$F$10001, MATCH(C14, Barang!$B$2:$B$10001, 0)) * F14, ""))} -> 5500 | M14: {=IF(N14="","", IFERROR(INDEX(Barang!$A$2:$A$10001, MATCH(N14, Barang!$B$2:$B$10001, 0)), "Tidak ditemukan"))} | O14: {=IF(N14="","", IFERROR(INDEX(Barang!$C$2:$C$10001, MATCH(N14, Barang!$B$2:$B$10001, 0)), ""))} | P14: {=IF(N14="","", IFERROR(INDEX(Barang!$E$2:$E$10001, MATCH(N14, Barang!$B$2:$B$10001, 0)), ""))} | R14: {=IF(N14="","", IFERROR(INDEX(Barang!$F$2:$F$10001, MATCH(N14, Barang!$B$2:$B$10001, 0)) * Q14, ""))} | U14: - | V14: -
B15: {=IF(C15="","", IFERROR(INDEX(Barang!$A$2:$A$10001, MATCH(C15, Barang!$B$2:$B$10001, 0)), "Tidak ditemukan"))} -> DSO001 | C15: Desaku Opor | D15: {=IF(C15="","", IFERROR(INDEX(Barang!$C$2:$C$10001, MATCH(C15, Barang!$B$2:$B$10001, 0)), ""))} -> Bumbu | E15: {=IF(C15="","", IFERROR(INDEX(Barang!$E$2:$E$10001, MATCH(C15, Barang!$B$2:$B$10001, 0)), ""))} -> pcs | F15: 3 | G15: {=IF(C15="","", IFERROR(INDEX(Barang!$F$2:$F$10001, MATCH(C15, Barang!$B$2:$B$10001, 0)) * F15, ""))} -> 10500 | M15: {=IF(N15="","", IFERROR(INDEX(Barang!$A$2:$A$10001, MATCH(N15, Barang!$B$2:$B$10001, 0)), "Tidak ditemukan"))} | O15: {=IF(N15="","", IFERROR(INDEX(Barang!$C$2:$C$10001, MATCH(N15, Barang!$B$2:$B$10001, 0)), ""))} | P15: {=IF(N15="","", IFERROR(INDEX(Barang!$E$2:$E$10001, MATCH(N15, Barang!$B$2:$B$10001, 0)), ""))} | R15: {=IF(N15="","", IFERROR(INDEX(Barang!$F$2:$F$10001, MATCH(N15, Barang!$B$2:$B$10001, 0)) * Q15, ""))} | U15: - | V15: -
B16: {=IF(C16="","", IFERROR(INDEX(Barang!$A$2:$A$10001, MATCH(C16, Barang!$B$2:$B$10001, 0)), "Tidak ditemukan"))} -> IDM002 | C16: Indomilk | D16: {=IF(C16="","", IFERROR(INDEX(Barang!$C$2:$C$10001, MATCH(C16, Barang!$B$2:$B$10001, 0)), ""))} -> Minuman | E16: {=IF(C16="","", IFERROR(INDEX(Barang!$E$2:$E$10001, MATCH(C16, Barang!$B$2:$B$10001, 0)), ""))} -> pcs | F16: 31 | G16: {=IF(C16="","", IFERROR(INDEX(Barang!$F$2:$F$10001, MATCH(C16, Barang!$B$2:$B$10001, 0)) * F16, ""))} -> 46500 | I16: =SUM(G12:G16) -> 452500 | M16: {=IF(N16="","", IFERROR(INDEX(Barang!$A$2:$A$10001, MATCH(N16, Barang!$B$2:$B$10001, 0)), "Tidak ditemukan"))} | O16: {=IF(N16="","", IFERROR(INDEX(Barang!$C$2:$C$10001, MATCH(N16, Barang!$B$2:$B$10001, 0)), ""))} | P16: {=IF(N16="","", IFERROR(INDEX(Barang!$E$2:$E$10001, MATCH(N16, Barang!$B$2:$B$10001, 0)), ""))} | R16: {=IF(N16="","", IFERROR(INDEX(Barang!$F$2:$F$10001, MATCH(N16, Barang!$B$2:$B$10001, 0)) * Q16, ""))} | U16: - | V16: -
A17: 45941 | B17: {=IF(C17="","", IFERROR(INDEX(Barang!$A$2:$A$10001, MATCH(C17, Barang!$B$2:$B$10001, 0)), "Tidak ditemukan"))} -> MSK001 | C17: Masako | D17: {=IF(C17="","", IFERROR(INDEX(Barang!$C$2:$C$10001, MATCH(C17, Barang!$B$2:$B$10001, 0)), ""))} -> Bumbu | E17: {=IF(C17="","", IFERROR(INDEX(Barang!$E$2:$E$10001, MATCH(C17, Barang!$B$2:$B$10001, 0)), ""))} -> pcs | F17: 50 | G17: {=IF(C17="","", IFERROR(INDEX(Barang!$F$2:$F$10001, MATCH(C17, Barang!$B$2:$B$10001, 0)) * F17, ""))} -> 25000 | M17: {=IF(N17="","", IFERROR(INDEX(Barang!$A$2:$A$10001, MATCH(N17, Barang!$B$2:$B$10001, 0)), "Tidak ditemukan"))} | O17: {=IF(N17="","", IFERROR(INDEX(Barang!$C$2:$C$10001, MATCH(N17, Barang!$B$2:$B$10001, 0)), ""))} | P17: {=IF(N17="","", IFERROR(INDEX(Barang!$E$2:$E$10001, MATCH(N17, Barang!$B$2:$B$10001, 0)), ""))} | R17: {=IF(N17="","", IFERROR(INDEX(Barang!$F$2:$F$10001, MATCH(N17, Barang!$B$2:$B$10001, 0)) * Q17, ""))} | U17: - | V17: -
B18: {=IF(C18="","", IFERROR(INDEX(Barang!$A$2:$A$10001, MATCH(C18, Barang!$B$2:$B$10001, 0)), "Tidak ditemukan"))} -> KB001 | C18: Kuah Bakso | D18: {=IF(C18="","", IFERROR(INDEX(Barang!$C$2:$C$10001, MATCH(C18, Barang!$B$2:$B$10001, 0)), ""))} -> Bumbu | E18: {=IF(C18="","", IFERROR(INDEX(Barang!$E$2:$E$10001, MATCH(C18, Barang!$B$2:$B$10001, 0)), ""))} -> pcs | F18: 10 | G18: {=IF(C18="","", IFERROR(INDEX(Barang!$F$2:$F$10001, MATCH(C18, Barang!$B$2:$B$10001, 0)) * F18, ""))} -> 5000 | M18: {=IF(N18="","", IFERROR(INDEX(Barang!$A$2:$A$10001, MATCH(N18, Barang!$B$2:$B$10001, 0)), "Tidak ditemukan"))} | O18: {=IF(N18="","", IFERROR(INDEX(Barang!$C$2:$C$10001, MATCH(N18, Barang!$B$2:$B$10001, 0)), ""))} | P18: {=IF(N18="","", IFERROR(INDEX(Barang!$E$2:$E$10001, MATCH(N18, Barang!$B$2:$B$10001, 0)), ""))} | R18: {=IF(N18="","", IFERROR(INDEX(Barang!$F$2:$F$10001, MATCH(N18, Barang!$B$2:$B$10001, 0)) * Q18, ""))} | U18: - | V18: -
B19: {=IF(C19="","", IFERROR(INDEX(Barang!$A$2:$A$10001, MATCH(C19, Barang!$B$2:$B$10001, 0)), "Tidak ditemukan"))} -> TLR2 | C19: Telur 1/2 | D19: {=IF(C19="","", IFERROR(INDEX(Barang!$C$2:$C$10001, MATCH(C19, Barang!$B$2:$B$10001, 0)), ""))} -> Sembako | E19: {=IF(C19="","", IFERROR(INDEX(Barang!$E$2:$E$10001, MATCH(C19, Barang!$B$2:$B$10001, 0)), ""))} -> kg | F19: 10 | G19: {=IF(C19="","", IFERROR(INDEX(Barang!$F$2:$F$10001, MATCH(C19, Barang!$B$2:$B$10001, 0)) * F19, ""))} -> 155000 | I19: =SUM(G17:G19) -> 185000 | M19: {=IF(N19="","", IFERROR(INDEX(Barang!$A$2:$A$10001, MATCH(N19, Barang!$B$2:$B$10001, 0)), "Tidak ditemukan"))} | O19: {=IF(N19="","", IFERROR(INDEX(Barang!$C$2:$C$10001, MATCH(N19, Barang!$B$2:$B$10001, 0)), ""))} | P19: {=IF(N19="","", IFERROR(INDEX(Barang!$E$2:$E$10001, MATCH(N19, Barang!$B$2:$B$10001, 0)), ""))} | R19: {=IF(N19="","", IFERROR(INDEX(Barang!$F$2:$F$10001, MATCH(N19, Barang!$B$2:$B$10001, 0)) * Q19, ""))} | U19: - | V19: -
A20: 45942 | B20: {=IF(C20="","", IFERROR(INDEX(Barang!$A$2:$A$10001, MATCH(C20, Barang!$B$2:$B$10001, 0)), "Tidak ditemukan"))} -> RTP001 | C20: Roti Pia | D20: {=IF(C20="","", IFERROR(INDEX(Barang!$C$2:$C$10001, MATCH(C20, Barang!$B$2:$B$10001, 0)), ""))} -> Makanan | E20: {=IF(C20="","", IFERROR(INDEX(Barang!$E$2:$E$10001, MATCH(C20, Barang!$B$2:$B$10001, 0)), ""))} -> pcs | F20: 20 | G20: {=IF(C20="","", IFERROR(INDEX(Barang!$F$2:$F$10001, MATCH(C20, Barang!$B$2:$B$10001, 0)) * F20, ""))} -> 40000 | M20: {=IF(N20="","", IFERROR(INDEX(Barang!$A$2:$A$10001, MATCH(N20, Barang!$B$2:$B$10001, 0)), "Tidak ditemukan"))} | O20: {=IF(N20="","", IFERROR(INDEX(Barang!$C$2:$C$10001, MATCH(N20, Barang!$B$2:$B$10001, 0)), ""))} | P20: {=IF(N20="","", IFERROR(INDEX(Barang!$E$2:$E$10001, MATCH(N20, Barang!$B$2:$B$10001, 0)), ""))} | R20: {=IF(N20="","", IFERROR(INDEX(Barang!$F$2:$F$10001, MATCH(N20, Barang!$B$2:$B$10001, 0)) * Q20, ""))} | U20: - | V20: -
B21: {=IF(C21="","", IFERROR(INDEX(Barang!$A$2:$A$10001, MATCH(C21, Barang!$B$2:$B$10001, 0)), "Tidak ditemukan"))} -> KB001 | C21: Kuah Bakso | D21: {=IF(C21="","", IFERROR(INDEX(Barang!$C$2:$C$10001, MATCH(C21, Barang!$B$2:$B$10001, 0)), ""))} -> Bumbu | E21: {=IF(C21="","", IFERROR(INDEX(Barang!$E$2:$E$10001, MATCH(C21, Barang!$B$2:$B$10001, 0)), ""))} -> pcs | F21: 10 | G21: {=IF(C21="","", IFERROR(INDEX(Barang!$F$2:$F$10001, MATCH(C21, Barang!$B$2:$B$10001, 0)) * F21, ""))} -> 5000 | M21: {=IF(N21="","", IFERROR(INDEX(Barang!$A$2:$A$10001, MATCH(N21, Barang!$B$2:$B$10001, 0)), "Tidak ditemukan"))} | O21: {=IF(N21="","", IFERROR(INDEX(Barang!$C$2:$C$10001, MATCH(N21, Barang!$B$2:$B$10001, 0)), ""))} | P21: {=IF(N21="","", IFERROR(INDEX(Barang!$E$2:$E$10001, MATCH(N21, Barang!$B$2:$B$10001, 0)), ""))} | R21: {=IF(N21="","", IFERROR(INDEX(Barang!$F$2:$F$10001, MATCH(N21, Barang!$B$2:$B$10001, 0)) * Q21, ""))} | U21: - | V21: -
B22: {=IF(C22="","", IFERROR(INDEX(Barang!$A$2:$A$10001, MATCH(C22, Barang!$B$2:$B$10001, 0)), "Tidak ditemukan"))} -> DLC001 | C22: Dilan Cookies | D22: {=IF(C22="","", IFERROR(INDEX(Barang!$C$2:$C$10001, MATCH(C22, Barang!$B$2:$B$10001, 0)), ""))} -> Makanan | E22: {=IF(C22="","", IFERROR(INDEX(Barang!$E$2:$E$10001, MATCH(C22, Barang!$B$2:$B$10001, 0)), ""))} -> pcs | F22: 24 | G22: {=IF(C22="","", IFERROR(INDEX(Barang!$F$2:$F$10001, MATCH(C22, Barang!$B$2:$B$10001, 0)) * F22, ""))} -> 24000 | M22: {=IF(N22="","", IFERROR(INDEX(Barang!$A$2:$A$10001, MATCH(N22, Barang!$B$2:$B$10001, 0)), "Tidak ditemukan"))} | O22: {=IF(N22="","", IFERROR(INDEX(Barang!$C$2:$C$10001, MATCH(N22, Barang!$B$2:$B$10001, 0)), ""))} | P22: {=IF(N22="","", IFERROR(INDEX(Barang!$E$2:$E$10001, MATCH(N22, Barang!$B$2:$B$10001, 0)), ""))} | R22: {=IF(N22="","", IFERROR(INDEX(Barang!$F$2:$F$10001, MATCH(N22, Barang!$B$2:$B$10001, 0)) * Q22, ""))} | U22: - | V22: -
B23: {=IF(C23="","", IFERROR(INDEX(Barang!$A$2:$A$10001, MATCH(C23, Barang!$B$2:$B$10001, 0)), "Tidak ditemukan"))} -> GRR001 | C23: Goriorio | D23: {=IF(C23="","", IFERROR(INDEX(Barang!$C$2:$C$10001, MATCH(C23, Barang!$B$2:$B$10001, 0)), ""))} -> Makanan | E23: {=IF(C23="","", IFERROR(INDEX(Barang!$E$2:$E$10001, MATCH(C23, Barang!$B$2:$B$10001, 0)), ""))} -> pcs | F23: 24 | G23: {=IF(C23="","", IFERROR(INDEX(Barang!$F$2:$F$10001, MATCH(C23, Barang!$B$2:$B$10001, 0)) * F23, ""))} -> 12000 | I23: =SUM(G20:G23) -> 81000 | M23: {=IF(N23="","", IFERROR(INDEX(Barang!$A$2:$A$10001, MATCH(N23, Barang!$B$2:$B$10001, 0)), "Tidak ditemukan"))} | O23: {=IF(N23="","", IFERROR(INDEX(Barang!$C$2:$C$10001, MATCH(N23, Barang!$B$2:$B$10001, 0)), ""))} | P23: {=IF(N23="","", IFERROR(INDEX(Barang!$E$2:$E$10001, MATCH(N23, Barang!$B$2:$B$10001, 0)), ""))} | R23: {=IF(N23="","", IFERROR(INDEX(Barang!$F$2:$F$10001, MATCH(N23, Barang!$B$2:$B$10001, 0)) * Q23, ""))} | U23: - | V23: -
A24: 45943 | B24: {=IF(C24="","", IFERROR(INDEX(Barang!$A$2:$A$10001, MATCH(C24, Barang!$B$2:$B$10001, 0)), "Tidak ditemukan"))} -> GL1001 | C24: Gula 1kg | D24: {=IF(C24="","", IFERROR(INDEX(Barang!$C$2:$C$10001, MATCH(C24, Barang!$B$2:$B$10001, 0)), ""))} -> Sembako | E24: {=IF(C24="","", IFERROR(INDEX(Barang!$E$2:$E$10001, MATCH(C24, Barang!$B$2:$B$10001, 0)), ""))} -> kg | F24: 50 | G24: {=IF(C24="","", IFERROR(INDEX(Barang!$F$2:$F$10001, MATCH(C24, Barang!$B$2:$B$10001, 0)) * F24, ""))} -> 825000 | M24: {=IF(N24="","", IFERROR(INDEX(Barang!$A$2:$A$10001, MATCH(N24, Barang!$B$2:$B$10001, 0)), "Tidak ditemukan"))} | O24: {=IF(N24="","", IFERROR(INDEX(Barang!$C$2:$C$10001, MATCH(N24, Barang!$B$2:$B$10001, 0)), ""))} | P24: {=IF(N24="","", IFERROR(INDEX(Barang!$E$2:$E$10001, MATCH(N24, Barang!$B$2:$B$10001, 0)), ""))} | R24: {=IF(N24="","", IFERROR(INDEX(Barang!$F$2:$F$10001, MATCH(N24, Barang!$B$2:$B$10001, 0)) * Q24, ""))} | U24: - | V24: -
B25: {=IF(C25="","", IFERROR(INDEX(Barang!$A$2:$A$10001, MATCH(C25, Barang!$B$2:$B$10001, 0)), "Tidak ditemukan"))} -> TLR2 | C25: Telur 1/2 | D25: {=IF(C25="","", IFERROR(INDEX(Barang!$C$2:$C$10001, MATCH(C25, Barang!$B$2:$B$10001, 0)), ""))} -> Sembako | E25: {=IF(C25="","", IFERROR(INDEX(Barang!$E$2:$E$10001, MATCH(C25, Barang!$B$2:$B$10001, 0)), ""))} -> kg | F25: 10 | G25: {=IF(C25="","", IFERROR(INDEX(Barang!$F$2:$F$10001, MATCH(C25, Barang!$B$2:$B$10001, 0)) * F25, ""))} -> 155000 | M25: {=IF(N25="","", IFERROR(INDEX(Barang!$A$2:$A$10001, MATCH(N25, Barang!$B$2:$B$10001, 0)), "Tidak ditemukan"))} | O25: {=IF(N25="","", IFERROR(INDEX(Barang!$C$2:$C$10001, MATCH(N25, Barang!$B$2:$B$10001, 0)), ""))} | P25: {=IF(N25="","", IFERROR(INDEX(Barang!$E$2:$E$10001, MATCH(N25, Barang!$B$2:$B$10001, 0)), ""))} | R25: {=IF(N25="","", IFERROR(INDEX(Barang!$F$2:$F$10001, MATCH(N25, Barang!$B$2:$B$10001, 0)) * Q25, ""))} | U25: - | V25: -
B26: {=IF(C26="","", IFERROR(INDEX(Barang!$A$2:$A$10001, MATCH(C26, Barang!$B$2:$B$10001, 0)), "Tidak ditemukan"))} -> THD001 | C26: Teh Dandang | D26: {=IF(C26="","", IFERROR(INDEX(Barang!$C$2:$C$10001, MATCH(C26, Barang!$B$2:$B$10001, 0)), ""))} -> Minuman | E26: {=IF(C26="","", IFERROR(INDEX(Barang!$E$2:$E$10001, MATCH(C26, Barang!$B$2:$B$10001, 0)), ""))} -> pcs | F26: 12 | G26: {=IF(C26="","", IFERROR(INDEX(Barang!$F$2:$F$10001, MATCH(C26, Barang!$B$2:$B$10001, 0)) * F26, ""))} -> 24000 | M26: {=IF(N26="","", IFERROR(INDEX(Barang!$A$2:$A$10001, MATCH(N26, Barang!$B$2:$B$10001, 0)), "Tidak ditemukan"))} | O26: {=IF(N26="","", IFERROR(INDEX(Barang!$C$2:$C$10001, MATCH(N26, Barang!$B$2:$B$10001, 0)), ""))} | P26: {=IF(N26="","", IFERROR(INDEX(Barang!$E$2:$E$10001, MATCH(N26, Barang!$B$2:$B$10001, 0)), ""))} | R26: {=IF(N26="","", IFERROR(INDEX(Barang!$F$2:$F$10001, MATCH(N26, Barang!$B$2:$B$10001, 0)) * Q26, ""))} | U26: - | V26: -
B27: {=IF(C27="","", IFERROR(INDEX(Barang!$A$2:$A$10001, MATCH(C27, Barang!$B$2:$B$10001, 0)), "Tidak ditemukan"))} -> KPH001 | C27: Kopi hitam | D27: {=IF(C27="","", IFERROR(INDEX(Barang!$C$2:$C$10001, MATCH(C27, Barang!$B$2:$B$10001, 0)), ""))} -> Minuman | E27: {=IF(C27="","", IFERROR(INDEX(Barang!$E$2:$E$10001, MATCH(C27, Barang!$B$2:$B$10001, 0)), ""))} -> pcs | F27: 24 | G27: {=IF(C27="","", IFERROR(INDEX(Barang!$F$2:$F$10001, MATCH(C27, Barang!$B$2:$B$10001, 0)) * F27, ""))} -> 24000 | M27: {=IF(N27="","", IFERROR(INDEX(Barang!$A$2:$A$10001, MATCH(N27, Barang!$B$2:$B$10001, 0)), "Tidak ditemukan"))} | O27: {=IF(N27="","", IFERROR(INDEX(Barang!$C$2:$C$10001, MATCH(N27, Barang!$B$2:$B$10001, 0)), ""))} | P27: {=IF(N27="","", IFERROR(INDEX(Barang!$E$2:$E$10001, MATCH(N27, Barang!$B$2:$B$10001, 0)), ""))} | R27: {=IF(N27="","", IFERROR(INDEX(Barang!$F$2:$F$10001, MATCH(N27, Barang!$B$2:$B$10001, 0)) * Q27, ""))} | U27: - | V27: -
B28: {=IF(C28="","", IFERROR(INDEX(Barang!$A$2:$A$10001, MATCH(C28, Barang!$B$2:$B$10001, 0)), "Tidak ditemukan"))} -> RPK001 | C28: Rapika | D28: {=IF(C28="","", IFERROR(INDEX(Barang!$C$2:$C$10001, MATCH(C28, Barang!$B$2:$B$10001, 0)), ""))} -> Detergen | E28: {=IF(C28="","", IFERROR(INDEX(Barang!$E$2:$E$10001, MATCH(C28, Barang!$B$2:$B$10001, 0)), ""))} -> pcs | F28: 10 | G28: {=IF(C28="","", IFERROR(INDEX(Barang!$F$2:$F$10001, MATCH(C28, Barang!$B$2:$B$10001, 0)) * F28, ""))} -> 50000 | M28: {=IF(N28="","", IFERROR(INDEX(Barang!$A$2:$A$10001, MATCH(N28, Barang!$B$2:$B$10001, 0)), "Tidak ditemukan"))} | O28: {=IF(N28="","", IFERROR(INDEX(Barang!$C$2:$C$10001, MATCH(N28, Barang!$B$2:$B$10001, 0)), ""))} | P28: {=IF(N28="","", IFERROR(INDEX(Barang!$E$2:$E$10001, MATCH(N28, Barang!$B$2:$B$10001, 0)), ""))} | R28: {=IF(N28="","", IFERROR(INDEX(Barang!$F$2:$F$10001, MATCH(N28, Barang!$B$2:$B$10001, 0)) * Q28, ""))} | U28: - | V28: -
B29: {=IF(C29="","", IFERROR(INDEX(Barang!$A$2:$A$10001, MATCH(C29, Barang!$B$2:$B$10001, 0)), "Tidak ditemukan"))} -> MSK001 | C29: Masako | D29: {=IF(C29="","", IFERROR(INDEX(Barang!$C$2:$C$10001, MATCH(C29, Barang!$B$2:$B$10001, 0)), ""))} -> Bumbu | E29: {=IF(C29="","", IFERROR(INDEX(Barang!$E$2:$E$10001, MATCH(C29, Barang!$B$2:$B$10001, 0)), ""))} -> pcs | F29: 20 | G29: {=IF(C29="","", IFERROR(INDEX(Barang!$F$2:$F$10001, MATCH(C29, Barang!$B$2:$B$10001, 0)) * F29, ""))} -> 10000 | I29: =SUM(G24:G29) -> 1088000 | M29: {=IF(N29="","", IFERROR(INDEX(Barang!$A$2:$A$10001, MATCH(N29, Barang!$B$2:$B$10001, 0)), "Tidak ditemukan"))} | O29: {=IF(N29="","", IFERROR(INDEX(Barang!$C$2:$C$10001, MATCH(N29, Barang!$B$2:$B$10001, 0)), ""))} | P29: {=IF(N29="","", IFERROR(INDEX(Barang!$E$2:$E$10001, MATCH(N29, Barang!$B$2:$B$10001, 0)), ""))} | R29: {=IF(N29="","", IFERROR(INDEX(Barang!$F$2:$F$10001, MATCH(N29, Barang!$B$2:$B$10001, 0)) * Q29, ""))} | U29: - | V29: -
A30: 45944 | B30: {=IF(C30="","", IFERROR(INDEX(Barang!$A$2:$A$10001, MATCH(C30, Barang!$B$2:$B$10001, 0)), "Tidak ditemukan"))} -> MGR001 | C30: Mie Goreng | D30: {=IF(C30="","", IFERROR(INDEX(Barang!$C$2:$C$10001, MATCH(C30, Barang!$B$2:$B$10001, 0)), ""))} -> Makanan | E30: {=IF(C30="","", IFERROR(INDEX(Barang!$E$2:$E$10001, MATCH(C30, Barang!$B$2:$B$10001, 0)), ""))} -> pcs | F30: 40 | G30: {=IF(C30="","", IFERROR(INDEX(Barang!$F$2:$F$10001, MATCH(C30, Barang!$B$2:$B$10001, 0)) * F30, ""))} -> 140000 | M30: {=IF(N30="","", IFERROR(INDEX(Barang!$A$2:$A$10001, MATCH(N30, Barang!$B$2:$B$10001, 0)), "Tidak ditemukan"))} | O30: {=IF(N30="","", IFERROR(INDEX(Barang!$C$2:$C$10001, MATCH(N30, Barang!$B$2:$B$10001, 0)), ""))} | P30: {=IF(N30="","", IFERROR(INDEX(Barang!$E$2:$E$10001, MATCH(N30, Barang!$B$2:$B$10001, 0)), ""))} | R30: {=IF(N30="","", IFERROR(INDEX(Barang!$F$2:$F$10001, MATCH(N30, Barang!$B$2:$B$10001, 0)) * Q30, ""))} | U30: - | V30: -
B31: {=IF(C31="","", IFERROR(INDEX(Barang!$A$2:$A$10001, MATCH(C31, Barang!$B$2:$B$10001, 0)), "Tidak ditemukan"))} -> MKH001 | C31: Mie Kuah | D31: {=IF(C31="","", IFERROR(INDEX(Barang!$C$2:$C$10001, MATCH(C31, Barang!$B$2:$B$10001, 0)), ""))} -> Makanan | E31: {=IF(C31="","", IFERROR(INDEX(Barang!$E$2:$E$10001, MATCH(C31, Barang!$B$2:$B$10001, 0)), ""))} -> pcs | F31: 40 | G31: {=IF(C31="","", IFERROR(INDEX(Barang!$F$2:$F$10001, MATCH(C31, Barang!$B$2:$B$10001, 0)) * F31, ""))} -> 140000 | M31: {=IF(N31="","", IFERROR(INDEX(Barang!$A$2:$A$10001, MATCH(N31, Barang!$B$2:$B$10001, 0)), "Tidak ditemukan"))} | O31: {=IF(N31="","", IFERROR(INDEX(Barang!$C$2:$C$10001, MATCH(N31, Barang!$B$2:$B$10001, 0)), ""))} | P31: {=IF(N31="","", IFERROR(INDEX(Barang!$E$2:$E$10001, MATCH(N31, Barang!$B$2:$B$10001, 0)), ""))} | R31: {=IF(N31="","", IFERROR(INDEX(Barang!$F$2:$F$10001, MATCH(N31, Barang!$B$2:$B$10001, 0)) * Q31, ""))} | U31: - | V31: -
B32: {=IF(C32="","", IFERROR(INDEX(Barang!$A$2:$A$10001, MATCH(C32, Barang!$B$2:$B$10001, 0)), "Tidak ditemukan"))} -> KB001 | C32: Kuah Bakso | D32: {=IF(C32="","", IFERROR(INDEX(Barang!$C$2:$C$10001, MATCH(C32, Barang!$B$2:$B$10001, 0)), ""))} -> Bumbu | E32: {=IF(C32="","", IFERROR(INDEX(Barang!$E$2:$E$10001, MATCH(C32, Barang!$B$2:$B$10001, 0)), ""))} -> pcs | F32: 10 | G32: {=IF(C32="","", IFERROR(INDEX(Barang!$F$2:$F$10001, MATCH(C32, Barang!$B$2:$B$10001, 0)) * F32, ""))} -> 5000 | M32: {=IF(N32="","", IFERROR(INDEX(Barang!$A$2:$A$10001, MATCH(N32, Barang!$B$2:$B$10001, 0)), "Tidak ditemukan"))} | O32: {=IF(N32="","", IFERROR(INDEX(Barang!$C$2:$C$10001, MATCH(N32, Barang!$B$2:$B$10001, 0)), ""))} | P32: {=IF(N32="","", IFERROR(INDEX(Barang!$E$2:$E$10001, MATCH(N32, Barang!$B$2:$B$10001, 0)), ""))} | R32: {=IF(N32="","", IFERROR(INDEX(Barang!$F$2:$F$10001, MATCH(N32, Barang!$B$2:$B$10001, 0)) * Q32, ""))} | U32: - | V32: -
B33: {=IF(C33="","", IFERROR(INDEX(Barang!$A$2:$A$10001, MATCH(C33, Barang!$B$2:$B$10001, 0)), "Tidak ditemukan"))} -> TPL2 | C33: Tropical 2Lt | D33: {=IF(C33="","", IFERROR(INDEX(Barang!$C$2:$C$10001, MATCH(C33, Barang!$B$2:$B$10001, 0)), ""))} -> Minyak | E33: {=IF(C33="","", IFERROR(INDEX(Barang!$E$2:$E$10001, MATCH(C33, Barang!$B$2:$B$10001, 0)), ""))} -> Liter | F33: 20 | G33: {=IF(C33="","", IFERROR(INDEX(Barang!$F$2:$F$10001, MATCH(C33, Barang!$B$2:$B$10001, 0)) * F33, ""))} -> 800000 | M33: {=IF(N33="","", IFERROR(INDEX(Barang!$A$2:$A$10001, MATCH(N33, Barang!$B$2:$B$10001, 0)), "Tidak ditemukan"))} | O33: {=IF(N33="","", IFERROR(INDEX(Barang!$C$2:$C$10001, MATCH(N33, Barang!$B$2:$B$10001, 0)), ""))} | P33: {=IF(N33="","", IFERROR(INDEX(Barang!$E$2:$E$10001, MATCH(N33, Barang!$B$2:$B$10001, 0)), ""))} | R33: {=IF(N33="","", IFERROR(INDEX(Barang!$F$2:$F$10001, MATCH(N33, Barang!$B$2:$B$10001, 0)) * Q33, ""))} | U33: - | V33: -
B34: {=IF(C34="","", IFERROR(INDEX(Barang!$A$2:$A$10001, MATCH(C34, Barang!$B$2:$B$10001, 0)), "Tidak ditemukan"))} -> TLR2 | C34: Telur 1/2 | D34: {=IF(C34="","", IFERROR(INDEX(Barang!$C$2:$C$10001, MATCH(C34, Barang!$B$2:$B$10001, 0)), ""))} -> Sembako | E34: {=IF(C34="","", IFERROR(INDEX(Barang!$E$2:$E$10001, MATCH(C34, Barang!$B$2:$B$10001, 0)), ""))} -> kg | F34: 30 | G34: {=IF(C34="","", IFERROR(INDEX(Barang!$F$2:$F$10001, MATCH(C34, Barang!$B$2:$B$10001, 0)) * F34, ""))} -> 465000 | M34: {=IF(N34="","", IFERROR(INDEX(Barang!$A$2:$A$10001, MATCH(N34, Barang!$B$2:$B$10001, 0)), "Tidak ditemukan"))} | O34: {=IF(N34="","", IFERROR(INDEX(Barang!$C$2:$C$10001, MATCH(N34, Barang!$B$2:$B$10001, 0)), ""))} | P34: {=IF(N34="","", IFERROR(INDEX(Barang!$E$2:$E$10001, MATCH(N34, Barang!$B$2:$B$10001, 0)), ""))} | R34: {=IF(N34="","", IFERROR(INDEX(Barang!$F$2:$F$10001, MATCH(N34, Barang!$B$2:$B$10001, 0)) * Q34, ""))} | U34: - | V34: -
B35: {=IF(C35="","", IFERROR(INDEX(Barang!$A$2:$A$10001, MATCH(C35, Barang!$B$2:$B$10001, 0)), "Tidak ditemukan"))} -> MSK001 | C35: Masako | D35: {=IF(C35="","", IFERROR(INDEX(Barang!$C$2:$C$10001, MATCH(C35, Barang!$B$2:$B$10001, 0)), ""))} -> Bumbu | E35: {=IF(C35="","", IFERROR(INDEX(Barang!$E$2:$E$10001, MATCH(C35, Barang!$B$2:$B$10001, 0)), ""))} -> pcs | F35: 20 | G35: {=IF(C35="","", IFERROR(INDEX(Barang!$F$2:$F$10001, MATCH(C35, Barang!$B$2:$B$10001, 0)) * F35, ""))} -> 10000 | I35: =SUM(G30:G35) -> 1560000 | M35: {=IF(N35="","", IFERROR(INDEX(Barang!$A$2:$A$10001, MATCH(N35, Barang!$B$2:$B$10001, 0)), "Tidak ditemukan"))} | O35: {=IF(N35="","", IFERROR(INDEX(Barang!$C$2:$C$10001, MATCH(N35, Barang!$B$2:$B$10001, 0)), ""))} | P35: {=IF(N35="","", IFERROR(INDEX(Barang!$E$2:$E$10001, MATCH(N35, Barang!$B$2:$B$10001, 0)), ""))} | R35: {=IF(N35="","", IFERROR(INDEX(Barang!$F$2:$F$10001, MATCH(N35, Barang!$B$2:$B$10001, 0)) * Q35, ""))} | U35: - | V35: -
A36: 45945 | B36: {=IF(C36="","", IFERROR(INDEX(Barang!$A$2:$A$10001, MATCH(C36, Barang!$B$2:$B$10001, 0)), "Tidak ditemukan"))} -> MKH001 | C36: Mie Kuah | D36: {=IF(C36="","", IFERROR(INDEX(Barang!$C$2:$C$10001, MATCH(C36, Barang!$B$2:$B$10001, 0)), ""))} -> Makanan | E36: {=IF(C36="","", IFERROR(INDEX(Barang!$E$2:$E$10001, MATCH(C36, Barang!$B$2:$B$10001, 0)), ""))} -> pcs | F36: 40 | G36: {=IF(C36="","", IFERROR(INDEX(Barang!$F$2:$F$10001, MATCH(C36, Barang!$B$2:$B$10001, 0)) * F36, ""))} -> 140000 | M36: {=IF(N36="","", IFERROR(INDEX(Barang!$A$2:$A$10001, MATCH(N36, Barang!$B$2:$B$10001, 0)), "Tidak ditemukan"))} | O36: {=IF(N36="","", IFERROR(INDEX(Barang!$C$2:$C$10001, MATCH(N36, Barang!$B$2:$B$10001, 0)), ""))} | P36: {=IF(N36="","", IFERROR(INDEX(Barang!$E$2:$E$10001, MATCH(N36, Barang!$B$2:$B$10001, 0)), ""))} | R36: {=IF(N36="","", IFERROR(INDEX(Barang!$F$2:$F$10001, MATCH(N36, Barang!$B$2:$B$10001, 0)) * Q36, ""))} | U36: - | V36: -
B37: {=IF(C37="","", IFERROR(INDEX(Barang!$A$2:$A$10001, MATCH(C37, Barang!$B$2:$B$10001, 0)), "Tidak ditemukan"))} -> GRR001 | C37: Goriorio | D37: {=IF(C37="","", IFERROR(INDEX(Barang!$C$2:$C$10001, MATCH(C37, Barang!$B$2:$B$10001, 0)), ""))} -> Makanan | E37: {=IF(C37="","", IFERROR(INDEX(Barang!$E$2:$E$10001, MATCH(C37, Barang!$B$2:$B$10001, 0)), ""))} -> pcs | F37: 24 | G37: {=IF(C37="","", IFERROR(INDEX(Barang!$F$2:$F$10001, MATCH(C37, Barang!$B$2:$B$10001, 0)) * F37, ""))} -> 12000 | M37: {=IF(N37="","", IFERROR(INDEX(Barang!$A$2:$A$10001, MATCH(N37, Barang!$B$2:$B$10001, 0)), "Tidak ditemukan"))} | O37: {=IF(N37="","", IFERROR(INDEX(Barang!$C$2:$C$10001, MATCH(N37, Barang!$B$2:$B$10001, 0)), ""))} | P37: {=IF(N37="","", IFERROR(INDEX(Barang!$E$2:$E$10001, MATCH(N37, Barang!$B$2:$B$10001, 0)), ""))} | R37: {=IF(N37="","", IFERROR(INDEX(Barang!$F$2:$F$10001, MATCH(N37, Barang!$B$2:$B$10001, 0)) * Q37, ""))} | U37: - | V37: -
B38: {=IF(C38="","", IFERROR(INDEX(Barang!$A$2:$A$10001, MATCH(C38, Barang!$B$2:$B$10001, 0)), "Tidak ditemukan"))} -> TLR2 | C38: Telur 1/2 | D38: {=IF(C38="","", IFERROR(INDEX(Barang!$C$2:$C$10001, MATCH(C38, Barang!$B$2:$B$10001, 0)), ""))} -> Sembako | E38: {=IF(C38="","", IFERROR(INDEX(Barang!$E$2:$E$10001, MATCH(C38, Barang!$B$2:$B$10001, 0)), ""))} -> kg | F38: 50 | G38: {=IF(C38="","", IFERROR(INDEX(Barang!$F$2:$F$10001, MATCH(C38, Barang!$B$2:$B$10001, 0)) * F38, ""))} -> 775000 | M38: {=IF(N38="","", IFERROR(INDEX(Barang!$A$2:$A$10001, MATCH(N38, Barang!$B$2:$B$10001, 0)), "Tidak ditemukan"))} | O38: {=IF(N38="","", IFERROR(INDEX(Barang!$C$2:$C$10001, MATCH(N38, Barang!$B$2:$B$10001, 0)), ""))} | P38: {=IF(N38="","", IFERROR(INDEX(Barang!$E$2:$E$10001, MATCH(N38, Barang!$B$2:$B$10001, 0)), ""))} | R38: {=IF(N38="","", IFERROR(INDEX(Barang!$F$2:$F$10001, MATCH(N38, Barang!$B$2:$B$10001, 0)) * Q38, ""))} | U38: - | V38: -
B39: {=IF(C39="","", IFERROR(INDEX(Barang!$A$2:$A$10001, MATCH(C39, Barang!$B$2:$B$10001, 0)), "Tidak ditemukan"))} -> RTP001 | C39: Roti Pia | D39: {=IF(C39="","", IFERROR(INDEX(Barang!$C$2:$C$10001, MATCH(C39, Barang!$B$2:$B$10001, 0)), ""))} -> Makanan | E39: {=IF(C39="","", IFERROR(INDEX(Barang!$E$2:$E$10001, MATCH(C39, Barang!$B$2:$B$10001, 0)), ""))} -> pcs | F39: 10 | G39: {=IF(C39="","", IFERROR(INDEX(Barang!$F$2:$F$10001, MATCH(C39, Barang!$B$2:$B$10001, 0)) * F39, ""))} -> 20000 | M39: {=IF(N39="","", IFERROR(INDEX(Barang!$A$2:$A$10001, MATCH(N39, Barang!$B$2:$B$10001, 0)), "Tidak ditemukan"))} | O39: {=IF(N39="","", IFERROR(INDEX(Barang!$C$2:$C$10001, MATCH(N39, Barang!$B$2:$B$10001, 0)), ""))} | P39: {=IF(N39="","", IFERROR(INDEX(Barang!$E$2:$E$10001, MATCH(N39, Barang!$B$2:$B$10001, 0)), ""))} | R39: {=IF(N39="","", IFERROR(INDEX(Barang!$F$2:$F$10001, MATCH(N39, Barang!$B$2:$B$10001, 0)) * Q39, ""))} | U39: - | V39: -
B40: {=IF(C40="","", IFERROR(INDEX(Barang!$A$2:$A$10001, MATCH(C40, Barang!$B$2:$B$10001, 0)), "Tidak ditemukan"))} -> KPH001 | C40: Kopi hitam | D40: {=IF(C40="","", IFERROR(INDEX(Barang!$C$2:$C$10001, MATCH(C40, Barang!$B$2:$B$10001, 0)), ""))} -> Minuman | E40: {=IF(C40="","", IFERROR(INDEX(Barang!$E$2:$E$10001, MATCH(C40, Barang!$B$2:$B$10001, 0)), ""))} -> pcs | F40: 50 | G40: {=IF(C40="","", IFERROR(INDEX(Barang!$F$2:$F$10001, MATCH(C40, Barang!$B$2:$B$10001, 0)) * F40, ""))} -> 50000 | I40: =SUM(G36:G40) -> 997000 | M40: {=IF(N40="","", IFERROR(INDEX(Barang!$A$2:$A$10001, MATCH(N40, Barang!$B$2:$B$10001, 0)), "Tidak ditemukan"))} | O40: {=IF(N40="","", IFERROR(INDEX(Barang!$C$2:$C$10001, MATCH(N40, Barang!$B$2:$B$10001, 0)), ""))} | P40: {=IF(N40="","", IFERROR(INDEX(Barang!$E$2:$E$10001, MATCH(N40, Barang!$B$2:$B$10001, 0)), ""))} | R40: {=IF(N40="","", IFERROR(INDEX(Barang!$F$2:$F$10001, MATCH(N40, Barang!$B$2:$B$10001, 0)) * Q40, ""))} | U40: - | V40: -
A41: 45946 | B41: {=IF(C41="","", IFERROR(INDEX(Barang!$A$2:$A$10001, MATCH(C41, Barang!$B$2:$B$10001, 0)), "Tidak ditemukan"))} -> TLR2 | C41: Telur 1/2 | D41: {=IF(C41="","", IFERROR(INDEX(Barang!$C$2:$C$10001, MATCH(C41, Barang!$B$2:$B$10001, 0)), ""))} -> Sembako | E41: {=IF(C41="","", IFERROR(INDEX(Barang!$E$2:$E$10001, MATCH(C41, Barang!$B$2:$B$10001, 0)), ""))} -> kg | F41: 30 | G41: {=IF(C41="","", IFERROR(INDEX(Barang!$F$2:$F$10001, MATCH(C41, Barang!$B$2:$B$10001, 0)) * F41, ""))} -> 465000 | M41: {=IF(N41="","", IFERROR(INDEX(Barang!$A$2:$A$10001, MATCH(N41, Barang!$B$2:$B$10001, 0)), "Tidak ditemukan"))} | O41: {=IF(N41="","", IFERROR(INDEX(Barang!$C$2:$C$10001, MATCH(N41, Barang!$B$2:$B$10001, 0)), ""))} | P41: {=IF(N41="","", IFERROR(INDEX(Barang!$E$2:$E$10001, MATCH(N41, Barang!$B$2:$B$10001, 0)), ""))} | R41: {=IF(N41="","", IFERROR(INDEX(Barang!$F$2:$F$10001, MATCH(N41, Barang!$B$2:$B$10001, 0)) * Q41, ""))} | U41: - | V41: -
B42: {=IF(C42="","", IFERROR(INDEX(Barang!$A$2:$A$10001, MATCH(C42, Barang!$B$2:$B$10001, 0)), "Tidak ditemukan"))} -> TLR4 | C42: Telur 1/4 | D42: {=IF(C42="","", IFERROR(INDEX(Barang!$C$2:$C$10001, MATCH(C42, Barang!$B$2:$B$10001, 0)), ""))} -> Sembako | E42: {=IF(C42="","", IFERROR(INDEX(Barang!$E$2:$E$10001, MATCH(C42, Barang!$B$2:$B$10001, 0)), ""))} -> kg | F42: 20 | G42: {=IF(C42="","", IFERROR(INDEX(Barang!$F$2:$F$10001, MATCH(C42, Barang!$B$2:$B$10001, 0)) * F42, ""))} -> 160000 | M42: {=IF(N42="","", IFERROR(INDEX(Barang!$A$2:$A$10001, MATCH(N42, Barang!$B$2:$B$10001, 0)), "Tidak ditemukan"))} | O42: {=IF(N42="","", IFERROR(INDEX(Barang!$C$2:$C$10001, MATCH(N42, Barang!$B$2:$B$10001, 0)), ""))} | P42: {=IF(N42="","", IFERROR(INDEX(Barang!$E$2:$E$10001, MATCH(N42, Barang!$B$2:$B$10001, 0)), ""))} | R42: {=IF(N42="","", IFERROR(INDEX(Barang!$F$2:$F$10001, MATCH(N42, Barang!$B$2:$B$10001, 0)) * Q42, ""))} | U42: - | V42: -
B43: {=IF(C43="","", IFERROR(INDEX(Barang!$A$2:$A$10001, MATCH(C43, Barang!$B$2:$B$10001, 0)), "Tidak ditemukan"))} -> MGR001 | C43: Mie Goreng | D43: {=IF(C43="","", IFERROR(INDEX(Barang!$C$2:$C$10001, MATCH(C43, Barang!$B$2:$B$10001, 0)), ""))} -> Makanan | E43: {=IF(C43="","", IFERROR(INDEX(Barang!$E$2:$E$10001, MATCH(C43, Barang!$B$2:$B$10001, 0)), ""))} -> pcs | F43: 40 | G43: {=IF(C43="","", IFERROR(INDEX(Barang!$F$2:$F$10001, MATCH(C43, Barang!$B$2:$B$10001, 0)) * F43, ""))} -> 140000 | M43: {=IF(N43="","", IFERROR(INDEX(Barang!$A$2:$A$10001, MATCH(N43, Barang!$B$2:$B$10001, 0)), "Tidak ditemukan"))} | O43: {=IF(N43="","", IFERROR(INDEX(Barang!$C$2:$C$10001, MATCH(N43, Barang!$B$2:$B$10001, 0)), ""))} | P43: {=IF(N43="","", IFERROR(INDEX(Barang!$E$2:$E$10001, MATCH(N43, Barang!$B$2:$B$10001, 0)), ""))} | R43: {=IF(N43="","", IFERROR(INDEX(Barang!$F$2:$F$10001, MATCH(N43, Barang!$B$2:$B$10001, 0)) * Q43, ""))} | U43: - | V43: -
B44: {=IF(C44="","", IFERROR(INDEX(Barang!$A$2:$A$10001, MATCH(C44, Barang!$B$2:$B$10001, 0)), "Tidak ditemukan"))} -> GRR001 | C44: Goriorio | D44: {=IF(C44="","", IFERROR(INDEX(Barang!$C$2:$C$10001, MATCH(C44, Barang!$B$2:$B$10001, 0)), ""))} -> Makanan | E44: {=IF(C44="","", IFERROR(INDEX(Barang!$E$2:$E$10001, MATCH(C44, Barang!$B$2:$B$10001, 0)), ""))} -> pcs | F44: 20 | G44: {=IF(C44="","", IFERROR(INDEX(Barang!$F$2:$F$10001, MATCH(C44, Barang!$B$2:$B$10001, 0)) * F44, ""))} -> 10000 | M44: {=IF(N44="","", IFERROR(INDEX(Barang!$A$2:$A$10001, MATCH(N44, Barang!$B$2:$B$10001, 0)), "Tidak ditemukan"))} | O44: {=IF(N44="","", IFERROR(INDEX(Barang!$C$2:$C$10001, MATCH(N44, Barang!$B$2:$B$10001, 0)), ""))} | P44: {=IF(N44="","", IFERROR(INDEX(Barang!$E$2:$E$10001, MATCH(N44, Barang!$B$2:$B$10001, 0)), ""))} | R44: {=IF(N44="","", IFERROR(INDEX(Barang!$F$2:$F$10001, MATCH(N44, Barang!$B$2:$B$10001, 0)) * Q44, ""))} | U44: - | V44: -
B45: {=IF(C45="","", IFERROR(INDEX(Barang!$A$2:$A$10001, MATCH(C45, Barang!$B$2:$B$10001, 0)), "Tidak ditemukan"))} -> RCK001 | C45: Racik | D45: {=IF(C45="","", IFERROR(INDEX(Barang!$C$2:$C$10001, MATCH(C45, Barang!$B$2:$B$10001, 0)), ""))} -> Bumbu | E45: {=IF(C45="","", IFERROR(INDEX(Barang!$E$2:$E$10001, MATCH(C45, Barang!$B$2:$B$10001, 0)), ""))} -> pcs | F45: 10 | G45: {=IF(C45="","", IFERROR(INDEX(Barang!$F$2:$F$10001, MATCH(C45, Barang!$B$2:$B$10001, 0)) * F45, ""))} -> 20000 | M45: {=IF(N45="","", IFERROR(INDEX(Barang!$A$2:$A$10001, MATCH(N45, Barang!$B$2:$B$10001, 0)), "Tidak ditemukan"))} | O45: {=IF(N45="","", IFERROR(INDEX(Barang!$C$2:$C$10001, MATCH(N45, Barang!$B$2:$B$10001, 0)), ""))} | P45: {=IF(N45="","", IFERROR(INDEX(Barang!$E$2:$E$10001, MATCH(N45, Barang!$B$2:$B$10001, 0)), ""))} | R45: {=IF(N45="","", IFERROR(INDEX(Barang!$F$2:$F$10001, MATCH(N45, Barang!$B$2:$B$10001, 0)) * Q45, ""))} | U45: - | V45: -
B46: {=IF(C46="","", IFERROR(INDEX(Barang!$A$2:$A$10001, MATCH(C46, Barang!$B$2:$B$10001, 0)), "Tidak ditemukan"))} -> MRN001 | C46: Marinasi | D46: {=IF(C46="","", IFERROR(INDEX(Barang!$C$2:$C$10001, MATCH(C46, Barang!$B$2:$B$10001, 0)), ""))} -> Bumbu | E46: {=IF(C46="","", IFERROR(INDEX(Barang!$E$2:$E$10001, MATCH(C46, Barang!$B$2:$B$10001, 0)), ""))} -> pcs | F46: 10 | G46: {=IF(C46="","", IFERROR(INDEX(Barang!$F$2:$F$10001, MATCH(C46, Barang!$B$2:$B$10001, 0)) * F46, ""))} -> 10000 | M46: {=IF(N46="","", IFERROR(INDEX(Barang!$A$2:$A$10001, MATCH(N46, Barang!$B$2:$B$10001, 0)), "Tidak ditemukan"))} | O46: {=IF(N46="","", IFERROR(INDEX(Barang!$C$2:$C$10001, MATCH(N46, Barang!$B$2:$B$10001, 0)), ""))} | P46: {=IF(N46="","", IFERROR(INDEX(Barang!$E$2:$E$10001, MATCH(N46, Barang!$B$2:$B$10001, 0)), ""))} | R46: {=IF(N46="","", IFERROR(INDEX(Barang!$F$2:$F$10001, MATCH(N46, Barang!$B$2:$B$10001, 0)) * Q46, ""))} | U46: - | V46: -
B47: {=IF(C47="","", IFERROR(INDEX(Barang!$A$2:$A$10001, MATCH(C47, Barang!$B$2:$B$10001, 0)), "Tidak ditemukan"))} -> TRS001 | C47: Terasi | D47: {=IF(C47="","", IFERROR(INDEX(Barang!$C$2:$C$10001, MATCH(C47, Barang!$B$2:$B$10001, 0)), ""))} -> Bumbu | E47: {=IF(C47="","", IFERROR(INDEX(Barang!$E$2:$E$10001, MATCH(C47, Barang!$B$2:$B$10001, 0)), ""))} -> pcs | F47: 20 | G47: {=IF(C47="","", IFERROR(INDEX(Barang!$F$2:$F$10001, MATCH(C47, Barang!$B$2:$B$10001, 0)) * F47, ""))} -> 10000 | M47: {=IF(N47="","", IFERROR(INDEX(Barang!$A$2:$A$10001, MATCH(N47, Barang!$B$2:$B$10001, 0)), "Tidak ditemukan"))} | O47: {=IF(N47="","", IFERROR(INDEX(Barang!$C$2:$C$10001, MATCH(N47, Barang!$B$2:$B$10001, 0)), ""))} | P47: {=IF(N47="","", IFERROR(INDEX(Barang!$E$2:$E$10001, MATCH(N47, Barang!$B$2:$B$10001, 0)), ""))} | R47: {=IF(N47="","", IFERROR(INDEX(Barang!$F$2:$F$10001, MATCH(N47, Barang!$B$2:$B$10001, 0)) * Q47, ""))} | U47: - | V47: -
B48: {=IF(C48="","", IFERROR(INDEX(Barang!$A$2:$A$10001, MATCH(C48, Barang!$B$2:$B$10001, 0)), "Tidak ditemukan"))} -> STS | C48: Santan Sasa | D48: {=IF(C48="","", IFERROR(INDEX(Barang!$C$2:$C$10001, MATCH(C48, Barang!$B$2:$B$10001, 0)), ""))} -> Bumbu | E48: {=IF(C48="","", IFERROR(INDEX(Barang!$E$2:$E$10001, MATCH(C48, Barang!$B$2:$B$10001, 0)), ""))} -> pcs | F48: 10 | G48: {=IF(C48="","", IFERROR(INDEX(Barang!$F$2:$F$10001, MATCH(C48, Barang!$B$2:$B$10001, 0)) * F48, ""))} -> 55000 | M48: {=IF(N48="","", IFERROR(INDEX(Barang!$A$2:$A$10001, MATCH(N48, Barang!$B$2:$B$10001, 0)), "Tidak ditemukan"))} | O48: {=IF(N48="","", IFERROR(INDEX(Barang!$C$2:$C$10001, MATCH(N48, Barang!$B$2:$B$10001, 0)), ""))} | P48: {=IF(N48="","", IFERROR(INDEX(Barang!$E$2:$E$10001, MATCH(N48, Barang!$B$2:$B$10001, 0)), ""))} | R48: {=IF(N48="","", IFERROR(INDEX(Barang!$F$2:$F$10001, MATCH(N48, Barang!$B$2:$B$10001, 0)) * Q48, ""))} | U48: - | V48: -
B49: {=IF(C49="","", IFERROR(INDEX(Barang!$A$2:$A$10001, MATCH(C49, Barang!$B$2:$B$10001, 0)), "Tidak ditemukan"))} -> KS001 | C49: Kerupuk seblak | D49: {=IF(C49="","", IFERROR(INDEX(Barang!$C$2:$C$10001, MATCH(C49, Barang!$B$2:$B$10001, 0)), ""))} -> Makanan | E49: {=IF(C49="","", IFERROR(INDEX(Barang!$E$2:$E$10001, MATCH(C49, Barang!$B$2:$B$10001, 0)), ""))} -> pcs | F49: 10 | G49: {=IF(C49="","", IFERROR(INDEX(Barang!$F$2:$F$10001, MATCH(C49, Barang!$B$2:$B$10001, 0)) * F49, ""))} -> 60000 | M49: {=IF(N49="","", IFERROR(INDEX(Barang!$A$2:$A$10001, MATCH(N49, Barang!$B$2:$B$10001, 0)), "Tidak ditemukan"))} | O49: {=IF(N49="","", IFERROR(INDEX(Barang!$C$2:$C$10001, MATCH(N49, Barang!$B$2:$B$10001, 0)), ""))} | P49: {=IF(N49="","", IFERROR(INDEX(Barang!$E$2:$E$10001, MATCH(N49, Barang!$B$2:$B$10001, 0)), ""))} | R49: {=IF(N49="","", IFERROR(INDEX(Barang!$F$2:$F$10001, MATCH(N49, Barang!$B$2:$B$10001, 0)) * Q49, ""))} | U49: - | V49: -
B50: {=IF(C50="","", IFERROR(INDEX(Barang!$A$2:$A$10001, MATCH(C50, Barang!$B$2:$B$10001, 0)), "Tidak ditemukan"))} -> BC001 | C50: Boncabe | D50: {=IF(C50="","", IFERROR(INDEX(Barang!$C$2:$C$10001, MATCH(C50, Barang!$B$2:$B$10001, 0)), ""))} -> Bumbu | E50: {=IF(C50="","", IFERROR(INDEX(Barang!$E$2:$E$10001, MATCH(C50, Barang!$B$2:$B$10001, 0)), ""))} -> pcs | F50: 10 | G50: {=IF(C50="","", IFERROR(INDEX(Barang!$F$2:$F$10001, MATCH(C50, Barang!$B$2:$B$10001, 0)) * F50, ""))} -> 10000 | M50: {=IF(N50="","", IFERROR(INDEX(Barang!$A$2:$A$10001, MATCH(N50, Barang!$B$2:$B$10001, 0)), "Tidak ditemukan"))} | O50: {=IF(N50="","", IFERROR(INDEX(Barang!$C$2:$C$10001, MATCH(N50, Barang!$B$2:$B$10001, 0)), ""))} | P50: {=IF(N50="","", IFERROR(INDEX(Barang!$E$2:$E$10001, MATCH(N50, Barang!$B$2:$B$10001, 0)), ""))} | R50: {=IF(N50="","", IFERROR(INDEX(Barang!$F$2:$F$10001, MATCH(N50, Barang!$B$2:$B$10001, 0)) * Q50, ""))} | U50: - | V50: -
B51: {=IF(C51="","", IFERROR(INDEX(Barang!$A$2:$A$10001, MATCH(C51, Barang!$B$2:$B$10001, 0)), "Tidak ditemukan"))} -> MKE001 | C51: Mie Eko | D51: {=IF(C51="","", IFERROR(INDEX(Barang!$C$2:$C$10001, MATCH(C51, Barang!$B$2:$B$10001, 0)), ""))} -> Makanan | E51: {=IF(C51="","", IFERROR(INDEX(Barang!$E$2:$E$10001, MATCH(C51, Barang!$B$2:$B$10001, 0)), ""))} -> pcs | F51: 40 | G51: {=IF(C51="","", IFERROR(INDEX(Barang!$F$2:$F$10001, MATCH(C51, Barang!$B$2:$B$10001, 0)) * F51, ""))} -> 100000 | M51: {=IF(N51="","", IFERROR(INDEX(Barang!$A$2:$A$10001, MATCH(N51, Barang!$B$2:$B$10001, 0)), "Tidak ditemukan"))} | O51: {=IF(N51="","", IFERROR(INDEX(Barang!$C$2:$C$10001, MATCH(N51, Barang!$B$2:$B$10001, 0)), ""))} | P51: {=IF(N51="","", IFERROR(INDEX(Barang!$E$2:$E$10001, MATCH(N51, Barang!$B$2:$B$10001, 0)), ""))} | R51: {=IF(N51="","", IFERROR(INDEX(Barang!$F$2:$F$10001, MATCH(N51, Barang!$B$2:$B$10001, 0)) * Q51, ""))} | U51: - | V51: -
B52: {=IF(C52="","", IFERROR(INDEX(Barang!$A$2:$A$10001, MATCH(C52, Barang!$B$2:$B$10001, 0)), "Tidak ditemukan"))} -> GPK001 | C52: Gopek | D52: {=IF(C52="","", IFERROR(INDEX(Barang!$C$2:$C$10001, MATCH(C52, Barang!$B$2:$B$10001, 0)), ""))} -> Makanan | E52: {=IF(C52="","", IFERROR(INDEX(Barang!$E$2:$E$10001, MATCH(C52, Barang!$B$2:$B$10001, 0)), ""))} -> pcs | F52: 20 | G52: {=IF(C52="","", IFERROR(INDEX(Barang!$F$2:$F$10001, MATCH(C52, Barang!$B$2:$B$10001, 0)) * F52, ""))} -> 40000 | M52: {=IF(N52="","", IFERROR(INDEX(Barang!$A$2:$A$10001, MATCH(N52, Barang!$B$2:$B$10001, 0)), "Tidak ditemukan"))} | O52: {=IF(N52="","", IFERROR(INDEX(Barang!$C$2:$C$10001, MATCH(N52, Barang!$B$2:$B$10001, 0)), ""))} | P52: {=IF(N52="","", IFERROR(INDEX(Barang!$E$2:$E$10001, MATCH(N52, Barang!$B$2:$B$10001, 0)), ""))} | R52: {=IF(N52="","", IFERROR(INDEX(Barang!$F$2:$F$10001, MATCH(N52, Barang!$B$2:$B$10001, 0)) * Q52, ""))} | U52: - | V52: -
B53: {=IF(C53="","", IFERROR(INDEX(Barang!$A$2:$A$10001, MATCH(C53, Barang!$B$2:$B$10001, 0)), "Tidak ditemukan"))} -> RTP001 | C53: Roti Pia | D53: {=IF(C53="","", IFERROR(INDEX(Barang!$C$2:$C$10001, MATCH(C53, Barang!$B$2:$B$10001, 0)), ""))} -> Makanan | E53: {=IF(C53="","", IFERROR(INDEX(Barang!$E$2:$E$10001, MATCH(C53, Barang!$B$2:$B$10001, 0)), ""))} -> pcs | F53: 50 | G53: {=IF(C53="","", IFERROR(INDEX(Barang!$F$2:$F$10001, MATCH(C53, Barang!$B$2:$B$10001, 0)) * F53, ""))} -> 100000 | M53: {=IF(N53="","", IFERROR(INDEX(Barang!$A$2:$A$10001, MATCH(N53, Barang!$B$2:$B$10001, 0)), "Tidak ditemukan"))} | O53: {=IF(N53="","", IFERROR(INDEX(Barang!$C$2:$C$10001, MATCH(N53, Barang!$B$2:$B$10001, 0)), ""))} | P53: {=IF(N53="","", IFERROR(INDEX(Barang!$E$2:$E$10001, MATCH(N53, Barang!$B$2:$B$10001, 0)), ""))} | R53: {=IF(N53="","", IFERROR(INDEX(Barang!$F$2:$F$10001, MATCH(N53, Barang!$B$2:$B$10001, 0)) * Q53, ""))} | U53: - | V53: -
... B56: {=IF(C56="","", IFERROR(INDEX(Barang!$A$2:$A$10001, MATCH(C56, Barang!$B$2:$B$10001, 0)), "Tidak ditemukan"))} -> RSB001 | C56: Rinso Bubuk | D56: {=IF(C56="","", IFERROR(INDEX(Barang!$C$2:$C$10001, MATCH(C56, Barang!$B$2:$B$10001, 0)), ""))} -> Detergen | E56: {=IF(C56="","", IFERROR(INDEX(Barang!$E$2:$E$10001, MATCH(C56, Barang!$B$2:$B$10001, 0)), ""))} -> pcs | F56: 20 | G56: {=IF(C56="","", IFERROR(INDEX(Barang!$F$2:$F$10001, MATCH(C56, Barang!$B$2:$B$10001, 0)) * F56, ""))} -> 100000 | M56: {=IF(N56="","", IFERROR(INDEX(Barang!$A$2:$A$10001, MATCH(N56, Barang!$B$2:$B$10001, 0)), "Tidak ditemukan"))} | O56: {=IF(N56="","", IFERROR(INDEX(Barang!$C$2:$C$10001, MATCH(N56, Barang!$B$2:$B$10001, 0)), ""))} | P56: {=IF(N56="","", IFERROR(INDEX(Barang!$E$2:$E$10001, MATCH(N56, Barang!$B$2:$B$10001, 0)), ""))} | R56: {=IF(N56="","", IFERROR(INDEX(Barang!$F$2:$F$10001, MATCH(N56, Barang!$B$2:$B$10001, 0)) * Q56, ""))} | U56: - | V56: -
B57: {=IF(C57="","", IFERROR(INDEX(Barang!$A$2:$A$10001, MATCH(C57, Barang!$B$2:$B$10001, 0)), "Tidak ditemukan"))} -> PT1/2 | C57: Plastik 1/2 | D57: {=IF(C57="","", IFERROR(INDEX(Barang!$C$2:$C$10001, MATCH(C57, Barang!$B$2:$B$10001, 0)), ""))} -> Plastik | E57: {=IF(C57="","", IFERROR(INDEX(Barang!$E$2:$E$10001, MATCH(C57, Barang!$B$2:$B$10001, 0)), ""))} -> kg | F57: 110 | G57: {=IF(C57="","", IFERROR(INDEX(Barang!$F$2:$F$10001, MATCH(C57, Barang!$B$2:$B$10001, 0)) * F57, ""))} -> 385000 | I57: =SUM(G41:G57) -> 1715000 | M57: {=IF(N57="","", IFERROR(INDEX(Barang!$A$2:$A$10001, MATCH(N57, Barang!$B$2:$B$10001, 0)), "Tidak ditemukan"))} | O57: {=IF(N57="","", IFERROR(INDEX(Barang!$C$2:$C$10001, MATCH(N57, Barang!$B$2:$B$10001, 0)), ""))} | P57: {=IF(N57="","", IFERROR(INDEX(Barang!$E$2:$E$10001, MATCH(N57, Barang!$B$2:$B$10001, 0)), ""))} | R57: {=IF(N57="","", IFERROR(INDEX(Barang!$F$2:$F$10001, MATCH(N57, Barang!$B$2:$B$10001, 0)) * Q57, ""))} | U57: - | V57: -
A58: 45947 | B58: {=IF(C58="","", IFERROR(INDEX(Barang!$A$2:$A$10001, MATCH(C58, Barang!$B$2:$B$10001, 0)), "Tidak ditemukan"))} -> GRA001 | C58: Garuda Atom | D58: {=IF(C58="","", IFERROR(INDEX(Barang!$C$2:$C$10001, MATCH(C58, Barang!$B$2:$B$10001, 0)), ""))} -> Makanan | E58: {=IF(C58="","", IFERROR(INDEX(Barang!$E$2:$E$10001, MATCH(C58, Barang!$B$2:$B$10001, 0)), ""))} -> pcs | F58: 130 | G58: {=IF(C58="","", IFERROR(INDEX(Barang!$F$2:$F$10001, MATCH(C58, Barang!$B$2:$B$10001, 0)) * F58, ""))} -> 260000 | M58: {=IF(N58="","", IFERROR(INDEX(Barang!$A$2:$A$10001, MATCH(N58, Barang!$B$2:$B$10001, 0)), "Tidak ditemukan"))} | O58: {=IF(N58="","", IFERROR(INDEX(Barang!$C$2:$C$10001, MATCH(N58, Barang!$B$2:$B$10001, 0)), ""))} | P58: {=IF(N58="","", IFERROR(INDEX(Barang!$E$2:$E$10001, MATCH(N58, Barang!$B$2:$B$10001, 0)), ""))} | R58: {=IF(N58="","", IFERROR(INDEX(Barang!$F$2:$F$10001, MATCH(N58, Barang!$B$2:$B$10001, 0)) * Q58, ""))} | U58: - | V58: -
B59: {=IF(C59="","", IFERROR(INDEX(Barang!$A$2:$A$10001, MATCH(C59, Barang!$B$2:$B$10001, 0)), "Tidak ditemukan"))} -> DLN001 | C59: Dilan 1000 | D59: {=IF(C59="","", IFERROR(INDEX(Barang!$C$2:$C$10001, MATCH(C59, Barang!$B$2:$B$10001, 0)), ""))} -> Makanan | E59: {=IF(C59="","", IFERROR(INDEX(Barang!$E$2:$E$10001, MATCH(C59, Barang!$B$2:$B$10001, 0)), ""))} -> pcs | F59: 2 | G59: {=IF(C59="","", IFERROR(INDEX(Barang!$F$2:$F$10001, MATCH(C59, Barang!$B$2:$B$10001, 0)) * F59, ""))} -> 2000 | M59: {=IF(N59="","", IFERROR(INDEX(Barang!$A$2:$A$10001, MATCH(N59, Barang!$B$2:$B$10001, 0)), "Tidak ditemukan"))} | O59: {=IF(N59="","", IFERROR(INDEX(Barang!$C$2:$C$10001, MATCH(N59, Barang!$B$2:$B$10001, 0)), ""))} | P59: {=IF(N59="","", IFERROR(INDEX(Barang!$E$2:$E$10001, MATCH(N59, Barang!$B$2:$B$10001, 0)), ""))} | R59: {=IF(N59="","", IFERROR(INDEX(Barang!$F$2:$F$10001, MATCH(N59, Barang!$B$2:$B$10001, 0)) * Q59, ""))} | U59: - | V59: -
B60: {=IF(C60="","", IFERROR(INDEX(Barang!$A$2:$A$10001, MATCH(C60, Barang!$B$2:$B$10001, 0)), "Tidak ditemukan"))} -> YP1001 | C60: Yupi 1000 | D60: {=IF(C60="","", IFERROR(INDEX(Barang!$C$2:$C$10001, MATCH(C60, Barang!$B$2:$B$10001, 0)), ""))} -> Makanan | E60: {=IF(C60="","", IFERROR(INDEX(Barang!$E$2:$E$10001, MATCH(C60, Barang!$B$2:$B$10001, 0)), ""))} -> pcs | F60: 2 | G60: {=IF(C60="","", IFERROR(INDEX(Barang!$F$2:$F$10001, MATCH(C60, Barang!$B$2:$B$10001, 0)) * F60, ""))} -> 2000 | M60: {=IF(N60="","", IFERROR(INDEX(Barang!$A$2:$A$10001, MATCH(N60, Barang!$B$2:$B$10001, 0)), "Tidak ditemukan"))} | O60: {=IF(N60="","", IFERROR(INDEX(Barang!$C$2:$C$10001, MATCH(N60, Barang!$B$2:$B$10001, 0)), ""))} | P60: {=IF(N60="","", IFERROR(INDEX(Barang!$E$2:$E$10001, MATCH(N60, Barang!$B$2:$B$10001, 0)), ""))} | R60: {=IF(N60="","", IFERROR(INDEX(Barang!$F$2:$F$10001, MATCH(N60, Barang!$B$2:$B$10001, 0)) * Q60, ""))} | U60: - | V60: -
B61: {=IF(C61="","", IFERROR(INDEX(Barang!$A$2:$A$10001, MATCH(C61, Barang!$B$2:$B$10001, 0)), "Tidak ditemukan"))} -> LFB001 | C61: Lifebouy | D61: {=IF(C61="","", IFERROR(INDEX(Barang!$C$2:$C$10001, MATCH(C61, Barang!$B$2:$B$10001, 0)), ""))} -> Sabun | E61: {=IF(C61="","", IFERROR(INDEX(Barang!$E$2:$E$10001, MATCH(C61, Barang!$B$2:$B$10001, 0)), ""))} -> pcs | F61: 2 | G61: {=IF(C61="","", IFERROR(INDEX(Barang!$F$2:$F$10001, MATCH(C61, Barang!$B$2:$B$10001, 0)) * F61, ""))} -> 12000 | M61: {=IF(N61="","", IFERROR(INDEX(Barang!$A$2:$A$10001, MATCH(N61, Barang!$B$2:$B$10001, 0)), "Tidak ditemukan"))} | O61: {=IF(N61="","", IFERROR(INDEX(Barang!$C$2:$C$10001, MATCH(N61, Barang!$B$2:$B$10001, 0)), ""))} | P61: {=IF(N61="","", IFERROR(INDEX(Barang!$E$2:$E$10001, MATCH(N61, Barang!$B$2:$B$10001, 0)), ""))} | R61: {=IF(N61="","", IFERROR(INDEX(Barang!$F$2:$F$10001, MATCH(N61, Barang!$B$2:$B$10001, 0)) * Q61, ""))} | U61: - | V61: -
B62: {=IF(C62="","", IFERROR(INDEX(Barang!$A$2:$A$10001, MATCH(C62, Barang!$B$2:$B$10001, 0)), "Tidak ditemukan"))} -> MGR001 | C62: Mie goreng | D62: {=IF(C62="","", IFERROR(INDEX(Barang!$C$2:$C$10001, MATCH(C62, Barang!$B$2:$B$10001, 0)), ""))} -> Makanan | E62: {=IF(C62="","", IFERROR(INDEX(Barang!$E$2:$E$10001, MATCH(C62, Barang!$B$2:$B$10001, 0)), ""))} -> pcs | F62: 40 | G62: {=IF(C62="","", IFERROR(INDEX(Barang!$F$2:$F$10001, MATCH(C62, Barang!$B$2:$B$10001, 0)) * F62, ""))} -> 140000 | M62: {=IF(N62="","", IFERROR(INDEX(Barang!$A$2:$A$10001, MATCH(N62, Barang!$B$2:$B$10001, 0)), "Tidak ditemukan"))} | O62: {=IF(N62="","", IFERROR(INDEX(Barang!$C$2:$C$10001, MATCH(N62, Barang!$B$2:$B$10001, 0)), ""))} | P62: {=IF(N62="","", IFERROR(INDEX(Barang!$E$2:$E$10001, MATCH(N62, Barang!$B$2:$B$10001, 0)), ""))} | R62: {=IF(N62="","", IFERROR(INDEX(Barang!$F$2:$F$10001, MATCH(N62, Barang!$B$2:$B$10001, 0)) * Q62, ""))} | U62: - | V62: -
B63: {=IF(C63="","", IFERROR(INDEX(Barang!$A$2:$A$10001, MATCH(C63, Barang!$B$2:$B$10001, 0)), "Tidak ditemukan"))} -> MKH001 | C63: Mie kuah | D63: {=IF(C63="","", IFERROR(INDEX(Barang!$C$2:$C$10001, MATCH(C63, Barang!$B$2:$B$10001, 0)), ""))} -> Makanan | E63: {=IF(C63="","", IFERROR(INDEX(Barang!$E$2:$E$10001, MATCH(C63, Barang!$B$2:$B$10001, 0)), ""))} -> pcs | F63: 40 | G63: {=IF(C63="","", IFERROR(INDEX(Barang!$F$2:$F$10001, MATCH(C63, Barang!$B$2:$B$10001, 0)) * F63, ""))} -> 140000 | I63: =SUM(G58:G63) -> 556000 | M63: {=IF(N63="","", IFERROR(INDEX(Barang!$A$2:$A$10001, MATCH(N63, Barang!$B$2:$B$10001, 0)), "Tidak ditemukan"))} | O63: {=IF(N63="","", IFERROR(INDEX(Barang!$C$2:$C$10001, MATCH(N63, Barang!$B$2:$B$10001, 0)), ""))} | P63: {=IF(N63="","", IFERROR(INDEX(Barang!$E$2:$E$10001, MATCH(N63, Barang!$B$2:$B$10001, 0)), ""))} | R63: {=IF(N63="","", IFERROR(INDEX(Barang!$F$2:$F$10001, MATCH(N63, Barang!$B$2:$B$10001, 0)) * Q63, ""))} | U63: - | V63: -
A64: 45948 | B64: {=IF(C64="","", IFERROR(INDEX(Barang!$A$2:$A$10001, MATCH(C64, Barang!$B$2:$B$10001, 0)), "Tidak ditemukan"))} -> TLR2 | C64: Telur 1/2 | D64: {=IF(C64="","", IFERROR(INDEX(Barang!$C$2:$C$10001, MATCH(C64, Barang!$B$2:$B$10001, 0)), ""))} -> Sembako | E64: {=IF(C64="","", IFERROR(INDEX(Barang!$E$2:$E$10001, MATCH(C64, Barang!$B$2:$B$10001, 0)), ""))} -> kg | F64: 60 | G64: {=IF(C64="","", IFERROR(INDEX(Barang!$F$2:$F$10001, MATCH(C64, Barang!$B$2:$B$10001, 0)) * F64, ""))} -> 930000 | M64: {=IF(N64="","", IFERROR(INDEX(Barang!$A$2:$A$10001, MATCH(N64, Barang!$B$2:$B$10001, 0)), "Tidak ditemukan"))} | O64: {=IF(N64="","", IFERROR(INDEX(Barang!$C$2:$C$10001, MATCH(N64, Barang!$B$2:$B$10001, 0)), ""))} | P64: {=IF(N64="","", IFERROR(INDEX(Barang!$E$2:$E$10001, MATCH(N64, Barang!$B$2:$B$10001, 0)), ""))} | R64: {=IF(N64="","", IFERROR(INDEX(Barang!$F$2:$F$10001, MATCH(N64, Barang!$B$2:$B$10001, 0)) * Q64, ""))} | U64: - | V64: -
B65: {=IF(C65="","", IFERROR(INDEX(Barang!$A$2:$A$10001, MATCH(C65, Barang!$B$2:$B$10001, 0)), "Tidak ditemukan"))} -> TRS001 | C65: Terasi | D65: {=IF(C65="","", IFERROR(INDEX(Barang!$C$2:$C$10001, MATCH(C65, Barang!$B$2:$B$10001, 0)), ""))} -> Bumbu | E65: {=IF(C65="","", IFERROR(INDEX(Barang!$E$2:$E$10001, MATCH(C65, Barang!$B$2:$B$10001, 0)), ""))} -> pcs | F65: 10 | G65: {=IF(C65="","", IFERROR(INDEX(Barang!$F$2:$F$10001, MATCH(C65, Barang!$B$2:$B$10001, 0)) * F65, ""))} -> 5000 | M65: {=IF(N65="","", IFERROR(INDEX(Barang!$A$2:$A$10001, MATCH(N65, Barang!$B$2:$B$10001, 0)), "Tidak ditemukan"))} | O65: {=IF(N65="","", IFERROR(INDEX(Barang!$C$2:$C$10001, MATCH(N65, Barang!$B$2:$B$10001, 0)), ""))} | P65: {=IF(N65="","", IFERROR(INDEX(Barang!$E$2:$E$10001, MATCH(N65, Barang!$B$2:$B$10001, 0)), ""))} | R65: {=IF(N65="","", IFERROR(INDEX(Barang!$F$2:$F$10001, MATCH(N65, Barang!$B$2:$B$10001, 0)) * Q65, ""))} | U65: - | V65: -
B66: {=IF(C66="","", IFERROR(INDEX(Barang!$A$2:$A$10001, MATCH(C66, Barang!$B$2:$B$10001, 0)), "Tidak ditemukan"))} -> KTB001 | C66: Ketumbar | D66: {=IF(C66="","", IFERROR(INDEX(Barang!$C$2:$C$10001, MATCH(C66, Barang!$B$2:$B$10001, 0)), ""))} -> Rempah | E66: {=IF(C66="","", IFERROR(INDEX(Barang!$E$2:$E$10001, MATCH(C66, Barang!$B$2:$B$10001, 0)), ""))} -> pcs | F66: 10 | G66: {=IF(C66="","", IFERROR(INDEX(Barang!$F$2:$F$10001, MATCH(C66, Barang!$B$2:$B$10001, 0)) * F66, ""))} -> 10000 | M66: {=IF(N66="","", IFERROR(INDEX(Barang!$A$2:$A$10001, MATCH(N66, Barang!$B$2:$B$10001, 0)), "Tidak ditemukan"))} | O66: {=IF(N66="","", IFERROR(INDEX(Barang!$C$2:$C$10001, MATCH(N66, Barang!$B$2:$B$10001, 0)), ""))} | P66: {=IF(N66="","", IFERROR(INDEX(Barang!$E$2:$E$10001, MATCH(N66, Barang!$B$2:$B$10001, 0)), ""))} | R66: {=IF(N66="","", IFERROR(INDEX(Barang!$F$2:$F$10001, MATCH(N66, Barang!$B$2:$B$10001, 0)) * Q66, ""))} | T66: =H66-'2024'!F66+Q66 -> -124 | U66: - | V66: -
B67: {=IF(C67="","", IFERROR(INDEX(Barang!$A$2:$A$10001, MATCH(C67, Barang!$B$2:$B$10001, 0)), "Tidak ditemukan"))} -> GCC001 | C67: Garuda crunchy | D67: {=IF(C67="","", IFERROR(INDEX(Barang!$C$2:$C$10001, MATCH(C67, Barang!$B$2:$B$10001, 0)), ""))} -> Makanan | E67: {=IF(C67="","", IFERROR(INDEX(Barang!$E$2:$E$10001, MATCH(C67, Barang!$B$2:$B$10001, 0)), ""))} -> pcs | F67: 10 | G67: {=IF(C67="","", IFERROR(INDEX(Barang!$F$2:$F$10001, MATCH(C67, Barang!$B$2:$B$10001, 0)) * F67, ""))} -> 20000 | M67: {=IF(N67="","", IFERROR(INDEX(Barang!$A$2:$A$10001, MATCH(N67, Barang!$B$2:$B$10001, 0)), "Tidak ditemukan"))} | O67: {=IF(N67="","", IFERROR(INDEX(Barang!$C$2:$C$10001, MATCH(N67, Barang!$B$2:$B$10001, 0)), ""))} | P67: {=IF(N67="","", IFERROR(INDEX(Barang!$E$2:$E$10001, MATCH(N67, Barang!$B$2:$B$10001, 0)), ""))} | R67: {=IF(N67="","", IFERROR(INDEX(Barang!$F$2:$F$10001, MATCH(N67, Barang!$B$2:$B$10001, 0)) * Q67, ""))} | T67: =H67-'2024'!F67+Q67 -> -38 | U67: - | V67: -
B68: {=IF(C68="","", IFERROR(INDEX(Barang!$A$2:$A$10001, MATCH(C68, Barang!$B$2:$B$10001, 0)), "Tidak ditemukan"))} -> DLN001 | C68: Dilan 1000 | D68: {=IF(C68="","", IFERROR(INDEX(Barang!$C$2:$C$10001, MATCH(C68, Barang!$B$2:$B$10001, 0)), ""))} -> Makanan | E68: {=IF(C68="","", IFERROR(INDEX(Barang!$E$2:$E$10001, MATCH(C68, Barang!$B$2:$B$10001, 0)), ""))} -> pcs | F68: 24 | G68: {=IF(C68="","", IFERROR(INDEX(Barang!$F$2:$F$10001, MATCH(C68, Barang!$B$2:$B$10001, 0)) * F68, ""))} -> 24000 | M68: {=IF(N68="","", IFERROR(INDEX(Barang!$A$2:$A$10001, MATCH(N68, Barang!$B$2:$B$10001, 0)), "Tidak ditemukan"))} | O68: {=IF(N68="","", IFERROR(INDEX(Barang!$C$2:$C$10001, MATCH(N68, Barang!$B$2:$B$10001, 0)), ""))} | P68: {=IF(N68="","", IFERROR(INDEX(Barang!$E$2:$E$10001, MATCH(N68, Barang!$B$2:$B$10001, 0)), ""))} | R68: {=IF(N68="","", IFERROR(INDEX(Barang!$F$2:$F$10001, MATCH(N68, Barang!$B$2:$B$10001, 0)) * Q68, ""))} | T68: =H68-'2024'!F68+Q68 -> -55 | U68: - | V68: -
B69: {=IF(C69="","", IFERROR(INDEX(Barang!$A$2:$A$10001, MATCH(C69, Barang!$B$2:$B$10001, 0)), "Tidak ditemukan"))} -> DSO001 | C69: Desaku opor | D69: {=IF(C69="","", IFERROR(INDEX(Barang!$C$2:$C$10001, MATCH(C69, Barang!$B$2:$B$10001, 0)), ""))} -> Bumbu | E69: {=IF(C69="","", IFERROR(INDEX(Barang!$E$2:$E$10001, MATCH(C69, Barang!$B$2:$B$10001, 0)), ""))} -> pcs | F69: 10 | G69: {=IF(C69="","", IFERROR(INDEX(Barang!$F$2:$F$10001, MATCH(C69, Barang!$B$2:$B$10001, 0)) * F69, ""))} -> 35000 | M69: {=IF(N69="","", IFERROR(INDEX(Barang!$A$2:$A$10001, MATCH(N69, Barang!$B$2:$B$10001, 0)), "Tidak ditemukan"))} | O69: {=IF(N69="","", IFERROR(INDEX(Barang!$C$2:$C$10001, MATCH(N69, Barang!$B$2:$B$10001, 0)), ""))} | P69: {=IF(N69="","", IFERROR(INDEX(Barang!$E$2:$E$10001, MATCH(N69, Barang!$B$2:$B$10001, 0)), ""))} | R69: {=IF(N69="","", IFERROR(INDEX(Barang!$F$2:$F$10001, MATCH(N69, Barang!$B$2:$B$10001, 0)) * Q69, ""))} | T69: =H69-'2024'!F69+Q69 -> -43 | U69: - | V69: -
B70: {=IF(C70="","", IFERROR(INDEX(Barang!$A$2:$A$10001, MATCH(C70, Barang!$B$2:$B$10001, 0)), "Tidak ditemukan"))} -> STS | C70: Santan sasa | D70: {=IF(C70="","", IFERROR(INDEX(Barang!$C$2:$C$10001, MATCH(C70, Barang!$B$2:$B$10001, 0)), ""))} -> Bumbu | E70: {=IF(C70="","", IFERROR(INDEX(Barang!$E$2:$E$10001, MATCH(C70, Barang!$B$2:$B$10001, 0)), ""))} -> pcs | F70: 10 | G70: {=IF(C70="","", IFERROR(INDEX(Barang!$F$2:$F$10001, MATCH(C70, Barang!$B$2:$B$10001, 0)) * F70, ""))} -> 55000 | M70: {=IF(N70="","", IFERROR(INDEX(Barang!$A$2:$A$10001, MATCH(N70, Barang!$B$2:$B$10001, 0)), "Tidak ditemukan"))} | O70: {=IF(N70="","", IFERROR(INDEX(Barang!$C$2:$C$10001, MATCH(N70, Barang!$B$2:$B$10001, 0)), ""))} | P70: {=IF(N70="","", IFERROR(INDEX(Barang!$E$2:$E$10001, MATCH(N70, Barang!$B$2:$B$10001, 0)), ""))} | R70: {=IF(N70="","", IFERROR(INDEX(Barang!$F$2:$F$10001, MATCH(N70, Barang!$B$2:$B$10001, 0)) * Q70, ""))} | T70: =H70-'2024'!F70+Q70 -> -38 | U70: - | V70: -
B71: {=IF(C71="","", IFERROR(INDEX(Barang!$A$2:$A$10001, MATCH(C71, Barang!$B$2:$B$10001, 0)), "Tidak ditemukan"))} -> RTP001 | C71: Roti pia | D71: {=IF(C71="","", IFERROR(INDEX(Barang!$C$2:$C$10001, MATCH(C71, Barang!$B$2:$B$10001, 0)), ""))} -> Makanan | E71: {=IF(C71="","", IFERROR(INDEX(Barang!$E$2:$E$10001, MATCH(C71, Barang!$B$2:$B$10001, 0)), ""))} -> pcs | F71: 15 | G71: {=IF(C71="","", IFERROR(INDEX(Barang!$F$2:$F$10001, MATCH(C71, Barang!$B$2:$B$10001, 0)) * F71, ""))} -> 30000 | M71: {=IF(N71="","", IFERROR(INDEX(Barang!$A$2:$A$10001, MATCH(N71, Barang!$B$2:$B$10001, 0)), "Tidak ditemukan"))} | O71: {=IF(N71="","", IFERROR(INDEX(Barang!$C$2:$C$10001, MATCH(N71, Barang!$B$2:$B$10001, 0)), ""))} | P71: {=IF(N71="","", IFERROR(INDEX(Barang!$E$2:$E$10001, MATCH(N71, Barang!$B$2:$B$10001, 0)), ""))} | R71: {=IF(N71="","", IFERROR(INDEX(Barang!$F$2:$F$10001, MATCH(N71, Barang!$B$2:$B$10001, 0)) * Q71, ""))} | T71: =H71-'2024'!F71+Q71 -> -36 | U71: - | V71: -
B72: {=IF(C72="","", IFERROR(INDEX(Barang!$A$2:$A$10001, MATCH(C72, Barang!$B$2:$B$10001, 0)), "Tidak ditemukan"))} -> KPH001 | C72: Kopi hitam | D72: {=IF(C72="","", IFERROR(INDEX(Barang!$C$2:$C$10001, MATCH(C72, Barang!$B$2:$B$10001, 0)), ""))} -> Minuman | E72: {=IF(C72="","", IFERROR(INDEX(Barang!$E$2:$E$10001, MATCH(C72, Barang!$B$2:$B$10001, 0)), ""))} -> pcs | F72: 60 | G72: {=IF(C72="","", IFERROR(INDEX(Barang!$F$2:$F$10001, MATCH(C72, Barang!$B$2:$B$10001, 0)) * F72, ""))} -> 60000 | M72: {=IF(N72="","", IFERROR(INDEX(Barang!$A$2:$A$10001, MATCH(N72, Barang!$B$2:$B$10001, 0)), "Tidak ditemukan"))} | O72: {=IF(N72="","", IFERROR(INDEX(Barang!$C$2:$C$10001, MATCH(N72, Barang!$B$2:$B$10001, 0)), ""))} | P72: {=IF(N72="","", IFERROR(INDEX(Barang!$E$2:$E$10001, MATCH(N72, Barang!$B$2:$B$10001, 0)), ""))} | R72: {=IF(N72="","", IFERROR(INDEX(Barang!$F$2:$F$10001, MATCH(N72, Barang!$B$2:$B$10001, 0)) * Q72, ""))} | T72: =H72-'2024'!F72+Q72 -> -60 | U72: - | V72: -
B73: {=IF(C73="","", IFERROR(INDEX(Barang!$A$2:$A$10001, MATCH(C73, Barang!$B$2:$B$10001, 0)), "Tidak ditemukan"))} -> THD001 | C73: Teh dandang | D73: {=IF(C73="","", IFERROR(INDEX(Barang!$C$2:$C$10001, MATCH(C73, Barang!$B$2:$B$10001, 0)), ""))} -> Minuman | E73: {=IF(C73="","", IFERROR(INDEX(Barang!$E$2:$E$10001, MATCH(C73, Barang!$B$2:$B$10001, 0)), ""))} -> pcs | F73: 20 | G73: {=IF(C73="","", IFERROR(INDEX(Barang!$F$2:$F$10001, MATCH(C73, Barang!$B$2:$B$10001, 0)) * F73, ""))} -> 40000 | M73: {=IF(N73="","", IFERROR(INDEX(Barang!$A$2:$A$10001, MATCH(N73, Barang!$B$2:$B$10001, 0)), "Tidak ditemukan"))} | O73: {=IF(N73="","", IFERROR(INDEX(Barang!$C$2:$C$10001, MATCH(N73, Barang!$B$2:$B$10001, 0)), ""))} | P73: {=IF(N73="","", IFERROR(INDEX(Barang!$E$2:$E$10001, MATCH(N73, Barang!$B$2:$B$10001, 0)), ""))} | R73: {=IF(N73="","", IFERROR(INDEX(Barang!$F$2:$F$10001, MATCH(N73, Barang!$B$2:$B$10001, 0)) * Q73, ""))} | T73: =H73-'2024'!F73+Q73 -> -35 | U73: - | V73: -
B74: {=IF(C74="","", IFERROR(INDEX(Barang!$A$2:$A$10001, MATCH(C74, Barang!$B$2:$B$10001, 0)), "Tidak ditemukan"))} -> GPT001 | C74: Gery potato | D74: {=IF(C74="","", IFERROR(INDEX(Barang!$C$2:$C$10001, MATCH(C74, Barang!$B$2:$B$10001, 0)), ""))} -> Makanan | E74: {=IF(C74="","", IFERROR(INDEX(Barang!$E$2:$E$10001, MATCH(C74, Barang!$B$2:$B$10001, 0)), ""))} -> pcs | F74: 50 | G74: {=IF(C74="","", IFERROR(INDEX(Barang!$F$2:$F$10001, MATCH(C74, Barang!$B$2:$B$10001, 0)) * F74, ""))} -> 50000 | M74: {=IF(N74="","", IFERROR(INDEX(Barang!$A$2:$A$10001, MATCH(N74, Barang!$B$2:$B$10001, 0)), "Tidak ditemukan"))} | O74: {=IF(N74="","", IFERROR(INDEX(Barang!$C$2:$C$10001, MATCH(N74, Barang!$B$2:$B$10001, 0)), ""))} | P74: {=IF(N74="","", IFERROR(INDEX(Barang!$E$2:$E$10001, MATCH(N74, Barang!$B$2:$B$10001, 0)), ""))} | R74: {=IF(N74="","", IFERROR(INDEX(Barang!$F$2:$F$10001, MATCH(N74, Barang!$B$2:$B$10001, 0)) * Q74, ""))} | T74: =H74-'2024'!F74+Q74 -> -40 | U74: - | V74: -
B75: {=IF(C75="","", IFERROR(INDEX(Barang!$A$2:$A$10001, MATCH(C75, Barang!$B$2:$B$10001, 0)), "Tidak ditemukan"))} -> GRR001 | C75: Goriorio | D75: {=IF(C75="","", IFERROR(INDEX(Barang!$C$2:$C$10001, MATCH(C75, Barang!$B$2:$B$10001, 0)), ""))} -> Makanan | E75: {=IF(C75="","", IFERROR(INDEX(Barang!$E$2:$E$10001, MATCH(C75, Barang!$B$2:$B$10001, 0)), ""))} -> pcs | F75: 20 | G75: {=IF(C75="","", IFERROR(INDEX(Barang!$F$2:$F$10001, MATCH(C75, Barang!$B$2:$B$10001, 0)) * F75, ""))} -> 10000 | M75: {=IF(N75="","", IFERROR(INDEX(Barang!$A$2:$A$10001, MATCH(N75, Barang!$B$2:$B$10001, 0)), "Tidak ditemukan"))} | O75: {=IF(N75="","", IFERROR(INDEX(Barang!$C$2:$C$10001, MATCH(N75, Barang!$B$2:$B$10001, 0)), ""))} | P75: {=IF(N75="","", IFERROR(INDEX(Barang!$E$2:$E$10001, MATCH(N75, Barang!$B$2:$B$10001, 0)), ""))} | R75: {=IF(N75="","", IFERROR(INDEX(Barang!$F$2:$F$10001, MATCH(N75, Barang!$B$2:$B$10001, 0)) * Q75, ""))} | T75: =H75-'2024'!F75+Q75 -> -45 | U75: - | V75: -
B76: {=IF(C76="","", IFERROR(INDEX(Barang!$A$2:$A$10001, MATCH(C76, Barang!$B$2:$B$10001, 0)), "Tidak ditemukan"))} -> CLR001 | C76: Chocolatos rich | D76: {=IF(C76="","", IFERROR(INDEX(Barang!$C$2:$C$10001, MATCH(C76, Barang!$B$2:$B$10001, 0)), ""))} -> Makanan | E76: {=IF(C76="","", IFERROR(INDEX(Barang!$E$2:$E$10001, MATCH(C76, Barang!$B$2:$B$10001, 0)), ""))} -> pcs | F76: 24 | G76: {=IF(C76="","", IFERROR(INDEX(Barang!$F$2:$F$10001, MATCH(C76, Barang!$B$2:$B$10001, 0)) * F76, ""))} -> 48000 | I76: =SUM(G64:G76) -> 1317000 | M76: {=IF(N76="","", IFERROR(INDEX(Barang!$A$2:$A$10001, MATCH(N76, Barang!$B$2:$B$10001, 0)), "Tidak ditemukan"))} | O76: {=IF(N76="","", IFERROR(INDEX(Barang!$C$2:$C$10001, MATCH(N76, Barang!$B$2:$B$10001, 0)), ""))} | P76: {=IF(N76="","", IFERROR(INDEX(Barang!$E$2:$E$10001, MATCH(N76, Barang!$B$2:$B$10001, 0)), ""))} | R76: {=IF(N76="","", IFERROR(INDEX(Barang!$F$2:$F$10001, MATCH(N76, Barang!$B$2:$B$10001, 0)) * Q76, ""))} | T76: =H76-'2024'!F76+Q76 -> -19 | U76: - | V76: -
A77: 45949 | B77: {=IF(C77="","", IFERROR(INDEX(Barang!$A$2:$A$10001, MATCH(C77, Barang!$B$2:$B$10001, 0)), "Tidak ditemukan"))} -> TPL2 | C77: Tropical 2Lt | D77: {=IF(C77="","", IFERROR(INDEX(Barang!$C$2:$C$10001, MATCH(C77, Barang!$B$2:$B$10001, 0)), ""))} -> Minyak | E77: {=IF(C77="","", IFERROR(INDEX(Barang!$E$2:$E$10001, MATCH(C77, Barang!$B$2:$B$10001, 0)), ""))} -> Liter | F77: 6 | G77: {=IF(C77="","", IFERROR(INDEX(Barang!$F$2:$F$10001, MATCH(C77, Barang!$B$2:$B$10001, 0)) * F77, ""))} -> 240000 | M77: {=IF(N77="","", IFERROR(INDEX(Barang!$A$2:$A$10001, MATCH(N77, Barang!$B$2:$B$10001, 0)), "Tidak ditemukan"))} | O77: {=IF(N77="","", IFERROR(INDEX(Barang!$C$2:$C$10001, MATCH(N77, Barang!$B$2:$B$10001, 0)), ""))} | P77: {=IF(N77="","", IFERROR(INDEX(Barang!$E$2:$E$10001, MATCH(N77, Barang!$B$2:$B$10001, 0)), ""))} | R77: {=IF(N77="","", IFERROR(INDEX(Barang!$F$2:$F$10001, MATCH(N77, Barang!$B$2:$B$10001, 0)) * Q77, ""))} | T77: =H77-'2024'!F77+Q77 -> -30 | U77: - | V77: -
B78: {=IF(C78="","", IFERROR(INDEX(Barang!$A$2:$A$10001, MATCH(C78, Barang!$B$2:$B$10001, 0)), "Tidak ditemukan"))} -> DLN001 | C78: Dilan 1000 | D78: {=IF(C78="","", IFERROR(INDEX(Barang!$C$2:$C$10001, MATCH(C78, Barang!$B$2:$B$10001, 0)), ""))} -> Makanan | E78: {=IF(C78="","", IFERROR(INDEX(Barang!$E$2:$E$10001, MATCH(C78, Barang!$B$2:$B$10001, 0)), ""))} -> pcs | F78: 24 | G78: {=IF(C78="","", IFERROR(INDEX(Barang!$F$2:$F$10001, MATCH(C78, Barang!$B$2:$B$10001, 0)) * F78, ""))} -> 24000 | M78: {=IF(N78="","", IFERROR(INDEX(Barang!$A$2:$A$10001, MATCH(N78, Barang!$B$2:$B$10001, 0)), "Tidak ditemukan"))} | O78: {=IF(N78="","", IFERROR(INDEX(Barang!$C$2:$C$10001, MATCH(N78, Barang!$B$2:$B$10001, 0)), ""))} | P78: {=IF(N78="","", IFERROR(INDEX(Barang!$E$2:$E$10001, MATCH(N78, Barang!$B$2:$B$10001, 0)), ""))} | R78: {=IF(N78="","", IFERROR(INDEX(Barang!$F$2:$F$10001, MATCH(N78, Barang!$B$2:$B$10001, 0)) * Q78, ""))} | T78: =H78-'2024'!F78+Q78 -> -30 | U78: - | V78: -
B79: {=IF(C79="","", IFERROR(INDEX(Barang!$A$2:$A$10001, MATCH(C79, Barang!$B$2:$B$10001, 0)), "Tidak ditemukan"))} -> KCP001 | C79: Kecap | D79: {=IF(C79="","", IFERROR(INDEX(Barang!$C$2:$C$10001, MATCH(C79, Barang!$B$2:$B$10001, 0)), ""))} -> Bumbu | E79: {=IF(C79="","", IFERROR(INDEX(Barang!$E$2:$E$10001, MATCH(C79, Barang!$B$2:$B$10001, 0)), ""))} -> pcs | F79: 20 | G79: {=IF(C79="","", IFERROR(INDEX(Barang!$F$2:$F$10001, MATCH(C79, Barang!$B$2:$B$10001, 0)) * F79, ""))} -> 40000 | M79: {=IF(N79="","", IFERROR(INDEX(Barang!$A$2:$A$10001, MATCH(N79, Barang!$B$2:$B$10001, 0)), "Tidak ditemukan"))} | O79: {=IF(N79="","", IFERROR(INDEX(Barang!$C$2:$C$10001, MATCH(N79, Barang!$B$2:$B$10001, 0)), ""))} | P79: {=IF(N79="","", IFERROR(INDEX(Barang!$E$2:$E$10001, MATCH(N79, Barang!$B$2:$B$10001, 0)), ""))} | R79: {=IF(N79="","", IFERROR(INDEX(Barang!$F$2:$F$10001, MATCH(N79, Barang!$B$2:$B$10001, 0)) * Q79, ""))} | T79: =H79-'2024'!F79+Q79 -> -198 | U79: - | V79: -
B80: {=IF(C80="","", IFERROR(INDEX(Barang!$A$2:$A$10001, MATCH(C80, Barang!$B$2:$B$10001, 0)), "Tidak ditemukan"))} -> GRM01 | C80: Garam | D80: {=IF(C80="","", IFERROR(INDEX(Barang!$C$2:$C$10001, MATCH(C80, Barang!$B$2:$B$10001, 0)), ""))} -> Bumbu | E80: {=IF(C80="","", IFERROR(INDEX(Barang!$E$2:$E$10001, MATCH(C80, Barang!$B$2:$B$10001, 0)), ""))} -> pcs | F80: 20 | G80: {=IF(C80="","", IFERROR(INDEX(Barang!$F$2:$F$10001, MATCH(C80, Barang!$B$2:$B$10001, 0)) * F80, ""))} -> 50000 | M80: {=IF(N80="","", IFERROR(INDEX(Barang!$A$2:$A$10001, MATCH(N80, Barang!$B$2:$B$10001, 0)), "Tidak ditemukan"))} | O80: {=IF(N80="","", IFERROR(INDEX(Barang!$C$2:$C$10001, MATCH(N80, Barang!$B$2:$B$10001, 0)), ""))} | P80: {=IF(N80="","", IFERROR(INDEX(Barang!$E$2:$E$10001, MATCH(N80, Barang!$B$2:$B$10001, 0)), ""))} | R80: {=IF(N80="","", IFERROR(INDEX(Barang!$F$2:$F$10001, MATCH(N80, Barang!$B$2:$B$10001, 0)) * Q80, ""))} | T80: =H80-'2024'!F80+Q80 -> -33 | U80: - | V80: -
B81: {=IF(C81="","", IFERROR(INDEX(Barang!$A$2:$A$10001, MATCH(C81, Barang!$B$2:$B$10001, 0)), "Tidak ditemukan"))} -> STS | C81: Santan sasa | D81: {=IF(C81="","", IFERROR(INDEX(Barang!$C$2:$C$10001, MATCH(C81, Barang!$B$2:$B$10001, 0)), ""))} -> Bumbu | E81: {=IF(C81="","", IFERROR(INDEX(Barang!$E$2:$E$10001, MATCH(C81, Barang!$B$2:$B$10001, 0)), ""))} -> pcs | F81: 10 | G81: {=IF(C81="","", IFERROR(INDEX(Barang!$F$2:$F$10001, MATCH(C81, Barang!$B$2:$B$10001, 0)) * F81, ""))} -> 55000 | M81: {=IF(N81="","", IFERROR(INDEX(Barang!$A$2:$A$10001, MATCH(N81, Barang!$B$2:$B$10001, 0)), "Tidak ditemukan"))} | O81: {=IF(N81="","", IFERROR(INDEX(Barang!$C$2:$C$10001, MATCH(N81, Barang!$B$2:$B$10001, 0)), ""))} | P81: {=IF(N81="","", IFERROR(INDEX(Barang!$E$2:$E$10001, MATCH(N81, Barang!$B$2:$B$10001, 0)), ""))} | R81: {=IF(N81="","", IFERROR(INDEX(Barang!$F$2:$F$10001, MATCH(N81, Barang!$B$2:$B$10001, 0)) * Q81, ""))} | T81: =H81-'2024'!F81+Q81 -> -25 | U81: - | V81: -
B82: {=IF(C82="","", IFERROR(INDEX(Barang!$A$2:$A$10001, MATCH(C82, Barang!$B$2:$B$10001, 0)), "Tidak ditemukan"))} -> GRA001 | C82: Garuda atom | D82: {=IF(C82="","", IFERROR(INDEX(Barang!$C$2:$C$10001, MATCH(C82, Barang!$B$2:$B$10001, 0)), ""))} -> Makanan | E82: {=IF(C82="","", IFERROR(INDEX(Barang!$E$2:$E$10001, MATCH(C82, Barang!$B$2:$B$10001, 0)), ""))} -> pcs | F82: 10 | G82: {=IF(C82="","", IFERROR(INDEX(Barang!$F$2:$F$10001, MATCH(C82, Barang!$B$2:$B$10001, 0)) * F82, ""))} -> 20000 | M82: {=IF(N82="","", IFERROR(INDEX(Barang!$A$2:$A$10001, MATCH(N82, Barang!$B$2:$B$10001, 0)), "Tidak ditemukan"))} | O82: {=IF(N82="","", IFERROR(INDEX(Barang!$C$2:$C$10001, MATCH(N82, Barang!$B$2:$B$10001, 0)), ""))} | P82: {=IF(N82="","", IFERROR(INDEX(Barang!$E$2:$E$10001, MATCH(N82, Barang!$B$2:$B$10001, 0)), ""))} | R82: {=IF(N82="","", IFERROR(INDEX(Barang!$F$2:$F$10001, MATCH(N82, Barang!$B$2:$B$10001, 0)) * Q82, ""))} | T82: =H82-'2024'!F82+Q82 -> -36 | U82: - | V82: -
B83: {=IF(C83="","", IFERROR(INDEX(Barang!$A$2:$A$10001, MATCH(C83, Barang!$B$2:$B$10001, 0)), "Tidak ditemukan"))} -> PLS002 | C83: Pilus | D83: {=IF(C83="","", IFERROR(INDEX(Barang!$C$2:$C$10001, MATCH(C83, Barang!$B$2:$B$10001, 0)), ""))} -> Makanan | E83: {=IF(C83="","", IFERROR(INDEX(Barang!$E$2:$E$10001, MATCH(C83, Barang!$B$2:$B$10001, 0)), ""))} -> pcs | F83: 40 | G83: {=IF(C83="","", IFERROR(INDEX(Barang!$F$2:$F$10001, MATCH(C83, Barang!$B$2:$B$10001, 0)) * F83, ""))} -> 40000 | M83: {=IF(N83="","", IFERROR(INDEX(Barang!$A$2:$A$10001, MATCH(N83, Barang!$B$2:$B$10001, 0)), "Tidak ditemukan"))} | O83: {=IF(N83="","", IFERROR(INDEX(Barang!$C$2:$C$10001, MATCH(N83, Barang!$B$2:$B$10001, 0)), ""))} | P83: {=IF(N83="","", IFERROR(INDEX(Barang!$E$2:$E$10001, MATCH(N83, Barang!$B$2:$B$10001, 0)), ""))} | R83: {=IF(N83="","", IFERROR(INDEX(Barang!$F$2:$F$10001, MATCH(N83, Barang!$B$2:$B$10001, 0)) * Q83, ""))} | T83: =H83-'2024'!F83+Q83 -> -43 | U83: - | V83: -
B84: {=IF(C84="","", IFERROR(INDEX(Barang!$A$2:$A$10001, MATCH(C84, Barang!$B$2:$B$10001, 0)), "Tidak ditemukan"))} -> OKJ2 | C84: Okky jelly 2 | D84: {=IF(C84="","", IFERROR(INDEX(Barang!$C$2:$C$10001, MATCH(C84, Barang!$B$2:$B$10001, 0)), ""))} -> Minuman | E84: {=IF(C84="","", IFERROR(INDEX(Barang!$E$2:$E$10001, MATCH(C84, Barang!$B$2:$B$10001, 0)), ""))} -> pcs | F84: 3 | G84: {=IF(C84="","", IFERROR(INDEX(Barang!$F$2:$F$10001, MATCH(C84, Barang!$B$2:$B$10001, 0)) * F84, ""))} -> 6000 | M84: {=IF(N84="","", IFERROR(INDEX(Barang!$A$2:$A$10001, MATCH(N84, Barang!$B$2:$B$10001, 0)), "Tidak ditemukan"))} | O84: {=IF(N84="","", IFERROR(INDEX(Barang!$C$2:$C$10001, MATCH(N84, Barang!$B$2:$B$10001, 0)), ""))} | P84: {=IF(N84="","", IFERROR(INDEX(Barang!$E$2:$E$10001, MATCH(N84, Barang!$B$2:$B$10001, 0)), ""))} | R84: {=IF(N84="","", IFERROR(INDEX(Barang!$F$2:$F$10001, MATCH(N84, Barang!$B$2:$B$10001, 0)) * Q84, ""))} | T84: =H84-'2024'!F84+Q84 -> -36 | U84: - | V84: -
B85: {=IF(C85="","", IFERROR(INDEX(Barang!$A$2:$A$10001, MATCH(C85, Barang!$B$2:$B$10001, 0)), "Tidak ditemukan"))} -> ADS001 | C85: Adem sari | D85: {=IF(C85="","", IFERROR(INDEX(Barang!$C$2:$C$10001, MATCH(C85, Barang!$B$2:$B$10001, 0)), ""))} -> Minuman | E85: {=IF(C85="","", IFERROR(INDEX(Barang!$E$2:$E$10001, MATCH(C85, Barang!$B$2:$B$10001, 0)), ""))} -> pcs | F85: 1 | G85: {=IF(C85="","", IFERROR(INDEX(Barang!$F$2:$F$10001, MATCH(C85, Barang!$B$2:$B$10001, 0)) * F85, ""))} -> 2500 | M85: {=IF(N85="","", IFERROR(INDEX(Barang!$A$2:$A$10001, MATCH(N85, Barang!$B$2:$B$10001, 0)), "Tidak ditemukan"))} | O85: {=IF(N85="","", IFERROR(INDEX(Barang!$C$2:$C$10001, MATCH(N85, Barang!$B$2:$B$10001, 0)), ""))} | P85: {=IF(N85="","", IFERROR(INDEX(Barang!$E$2:$E$10001, MATCH(N85, Barang!$B$2:$B$10001, 0)), ""))} | R85: {=IF(N85="","", IFERROR(INDEX(Barang!$F$2:$F$10001, MATCH(N85, Barang!$B$2:$B$10001, 0)) * Q85, ""))} | T85: =H85-'2024'!F85+Q85 -> -98 | U85: - | V85: -
B86: {=IF(C86="","", IFERROR(INDEX(Barang!$A$2:$A$10001, MATCH(C86, Barang!$B$2:$B$10001, 0)), "Tidak ditemukan"))} -> KCG4 | C86: Kacang 1/4 | D86: {=IF(C86="","", IFERROR(INDEX(Barang!$C$2:$C$10001, MATCH(C86, Barang!$B$2:$B$10001, 0)), ""))} -> Makanan | E86: {=IF(C86="","", IFERROR(INDEX(Barang!$E$2:$E$10001, MATCH(C86, Barang!$B$2:$B$10001, 0)), ""))} -> kg | F86: 5 | G86: {=IF(C86="","", IFERROR(INDEX(Barang!$F$2:$F$10001, MATCH(C86, Barang!$B$2:$B$10001, 0)) * F86, ""))} -> 37500 | M86: {=IF(N86="","", IFERROR(INDEX(Barang!$A$2:$A$10001, MATCH(N86, Barang!$B$2:$B$10001, 0)), "Tidak ditemukan"))} | O86: {=IF(N86="","", IFERROR(INDEX(Barang!$C$2:$C$10001, MATCH(N86, Barang!$B$2:$B$10001, 0)), ""))} | P86: {=IF(N86="","", IFERROR(INDEX(Barang!$E$2:$E$10001, MATCH(N86, Barang!$B$2:$B$10001, 0)), ""))} | R86: {=IF(N86="","", IFERROR(INDEX(Barang!$F$2:$F$10001, MATCH(N86, Barang!$B$2:$B$10001, 0)) * Q86, ""))} | T86: =H86-'2024'!F86+Q86 -> -22 | U86: - | V86: -
B87: {=IF(C87="","", IFERROR(INDEX(Barang!$A$2:$A$10001, MATCH(C87, Barang!$B$2:$B$10001, 0)), "Tidak ditemukan"))} -> MCN001 | C87: Micin 1000 | D87: {=IF(C87="","", IFERROR(INDEX(Barang!$C$2:$C$10001, MATCH(C87, Barang!$B$2:$B$10001, 0)), ""))} -> Bumbu | E87: {=IF(C87="","", IFERROR(INDEX(Barang!$E$2:$E$10001, MATCH(C87, Barang!$B$2:$B$10001, 0)), ""))} -> pcs | F87: 1 | G87: {=IF(C87="","", IFERROR(INDEX(Barang!$F$2:$F$10001, MATCH(C87, Barang!$B$2:$B$10001, 0)) * F87, ""))} -> 1000 | M87: {=IF(N87="","", IFERROR(INDEX(Barang!$A$2:$A$10001, MATCH(N87, Barang!$B$2:$B$10001, 0)), "Tidak ditemukan"))} | O87: {=IF(N87="","", IFERROR(INDEX(Barang!$C$2:$C$10001, MATCH(N87, Barang!$B$2:$B$10001, 0)), ""))} | P87: {=IF(N87="","", IFERROR(INDEX(Barang!$E$2:$E$10001, MATCH(N87, Barang!$B$2:$B$10001, 0)), ""))} | R87: {=IF(N87="","", IFERROR(INDEX(Barang!$F$2:$F$10001, MATCH(N87, Barang!$B$2:$B$10001, 0)) * Q87, ""))} | T87: =H87-'2024'!F87+Q87 -> -13 | U87: - | V87: -
B88: {=IF(C88="","", IFERROR(INDEX(Barang!$A$2:$A$10001, MATCH(C88, Barang!$B$2:$B$10001, 0)), "Tidak ditemukan"))} -> YP500 | C88: Yupi 500 | D88: {=IF(C88="","", IFERROR(INDEX(Barang!$C$2:$C$10001, MATCH(C88, Barang!$B$2:$B$10001, 0)), ""))} -> Makanan | E88: {=IF(C88="","", IFERROR(INDEX(Barang!$E$2:$E$10001, MATCH(C88, Barang!$B$2:$B$10001, 0)), ""))} -> pcs | F88: 4 | G88: {=IF(C88="","", IFERROR(INDEX(Barang!$F$2:$F$10001, MATCH(C88, Barang!$B$2:$B$10001, 0)) * F88, ""))} -> 2000 | M88: {=IF(N88="","", IFERROR(INDEX(Barang!$A$2:$A$10001, MATCH(N88, Barang!$B$2:$B$10001, 0)), "Tidak ditemukan"))} | O88: {=IF(N88="","", IFERROR(INDEX(Barang!$C$2:$C$10001, MATCH(N88, Barang!$B$2:$B$10001, 0)), ""))} | P88: {=IF(N88="","", IFERROR(INDEX(Barang!$E$2:$E$10001, MATCH(N88, Barang!$B$2:$B$10001, 0)), ""))} | R88: {=IF(N88="","", IFERROR(INDEX(Barang!$F$2:$F$10001, MATCH(N88, Barang!$B$2:$B$10001, 0)) * Q88, ""))} | T88: =H88-'2024'!F88+Q88 -> -25 | U88: - | V88: -
B89: {=IF(C89="","", IFERROR(INDEX(Barang!$A$2:$A$10001, MATCH(C89, Barang!$B$2:$B$10001, 0)), "Tidak ditemukan"))} -> ELP001 | C89: Elite potato | D89: {=IF(C89="","", IFERROR(INDEX(Barang!$C$2:$C$10001, MATCH(C89, Barang!$B$2:$B$10001, 0)), ""))} -> Makanan | E89: {=IF(C89="","", IFERROR(INDEX(Barang!$E$2:$E$10001, MATCH(C89, Barang!$B$2:$B$10001, 0)), ""))} -> pcs | F89: 2 | G89: {=IF(C89="","", IFERROR(INDEX(Barang!$F$2:$F$10001, MATCH(C89, Barang!$B$2:$B$10001, 0)) * F89, ""))} -> 4000 | I89: =SUM(G77:G89) -> 522000 | M89: {=IF(N89="","", IFERROR(INDEX(Barang!$A$2:$A$10001, MATCH(N89, Barang!$B$2:$B$10001, 0)), "Tidak ditemukan"))} | O89: {=IF(N89="","", IFERROR(INDEX(Barang!$C$2:$C$10001, MATCH(N89, Barang!$B$2:$B$10001, 0)), ""))} | P89: {=IF(N89="","", IFERROR(INDEX(Barang!$E$2:$E$10001, MATCH(N89, Barang!$B$2:$B$10001, 0)), ""))} | R89: {=IF(N89="","", IFERROR(INDEX(Barang!$F$2:$F$10001, MATCH(N89, Barang!$B$2:$B$10001, 0)) * Q89, ""))} | T89: =H89-'2024'!F89+Q89 -> -100 | U89: - | V89: -
A90: 45950 | B90: {=IF(C90="","", IFERROR(INDEX(Barang!$A$2:$A$10001, MATCH(C90, Barang!$B$2:$B$10001, 0)), "Tidak ditemukan"))} -> DNY001 | C90: Downy | D90: {=IF(C90="","", IFERROR(INDEX(Barang!$C$2:$C$10001, MATCH(C90, Barang!$B$2:$B$10001, 0)), ""))} -> Detergen | E90: {=IF(C90="","", IFERROR(INDEX(Barang!$E$2:$E$10001, MATCH(C90, Barang!$B$2:$B$10001, 0)), ""))} -> pcs | F90: 4 | G90: {=IF(C90="","", IFERROR(INDEX(Barang!$F$2:$F$10001, MATCH(C90, Barang!$B$2:$B$10001, 0)) * F90, ""))} -> 2000 | M90: {=IF(N90="","", IFERROR(INDEX(Barang!$A$2:$A$10001, MATCH(N90, Barang!$B$2:$B$10001, 0)), "Tidak ditemukan"))} | O90: {=IF(N90="","", IFERROR(INDEX(Barang!$C$2:$C$10001, MATCH(N90, Barang!$B$2:$B$10001, 0)), ""))} | P90: {=IF(N90="","", IFERROR(INDEX(Barang!$E$2:$E$10001, MATCH(N90, Barang!$B$2:$B$10001, 0)), ""))} | R90: {=IF(N90="","", IFERROR(INDEX(Barang!$F$2:$F$10001, MATCH(N90, Barang!$B$2:$B$10001, 0)) * Q90, ""))} | T90: =H90-'2024'!F90+Q90 -> -2 | U90: - | V90: -
B91: {=IF(C91="","", IFERROR(INDEX(Barang!$A$2:$A$10001, MATCH(C91, Barang!$B$2:$B$10001, 0)), "Tidak ditemukan"))} -> LFB001 | C91: Lifebouy | D91: {=IF(C91="","", IFERROR(INDEX(Barang!$C$2:$C$10001, MATCH(C91, Barang!$B$2:$B$10001, 0)), ""))} -> Sabun | E91: {=IF(C91="","", IFERROR(INDEX(Barang!$E$2:$E$10001, MATCH(C91, Barang!$B$2:$B$10001, 0)), ""))} -> pcs | F91: 1 | G91: {=IF(C91="","", IFERROR(INDEX(Barang!$F$2:$F$10001, MATCH(C91, Barang!$B$2:$B$10001, 0)) * F91, ""))} -> 6000 | M91: {=IF(N91="","", IFERROR(INDEX(Barang!$A$2:$A$10001, MATCH(N91, Barang!$B$2:$B$10001, 0)), "Tidak ditemukan"))} | O91: {=IF(N91="","", IFERROR(INDEX(Barang!$C$2:$C$10001, MATCH(N91, Barang!$B$2:$B$10001, 0)), ""))} | P91: {=IF(N91="","", IFERROR(INDEX(Barang!$E$2:$E$10001, MATCH(N91, Barang!$B$2:$B$10001, 0)), ""))} | R91: {=IF(N91="","", IFERROR(INDEX(Barang!$F$2:$F$10001, MATCH(N91, Barang!$B$2:$B$10001, 0)) * Q91, ""))} | T91: =H91-'2024'!F91+Q91 -> -120 | U91: - | V91: -
B92: {=IF(C92="","", IFERROR(INDEX(Barang!$A$2:$A$10001, MATCH(C92, Barang!$B$2:$B$10001, 0)), "Tidak ditemukan"))} -> SST001 | C92: Sosoft | D92: {=IF(C92="","", IFERROR(INDEX(Barang!$C$2:$C$10001, MATCH(C92, Barang!$B$2:$B$10001, 0)), ""))} -> Detergen | E92: {=IF(C92="","", IFERROR(INDEX(Barang!$E$2:$E$10001, MATCH(C92, Barang!$B$2:$B$10001, 0)), ""))} -> pcs | F92: 1 | G92: {=IF(C92="","", IFERROR(INDEX(Barang!$F$2:$F$10001, MATCH(C92, Barang!$B$2:$B$10001, 0)) * F92, ""))} -> 18000 | M92: {=IF(N92="","", IFERROR(INDEX(Barang!$A$2:$A$10001, MATCH(N92, Barang!$B$2:$B$10001, 0)), "Tidak ditemukan"))} | O92: {=IF(N92="","", IFERROR(INDEX(Barang!$C$2:$C$10001, MATCH(N92, Barang!$B$2:$B$10001, 0)), ""))} | P92: {=IF(N92="","", IFERROR(INDEX(Barang!$E$2:$E$10001, MATCH(N92, Barang!$B$2:$B$10001, 0)), ""))} | R92: {=IF(N92="","", IFERROR(INDEX(Barang!$F$2:$F$10001, MATCH(N92, Barang!$B$2:$B$10001, 0)) * Q92, ""))} | T92: =H92-'2024'!F92+Q92 -> -20 | U92: - | V92: -
B93: {=IF(C93="","", IFERROR(INDEX(Barang!$A$2:$A$10001, MATCH(C93, Barang!$B$2:$B$10001, 0)), "Tidak ditemukan"))} -> TLR2 | C93: Telur 1/2 | D93: {=IF(C93="","", IFERROR(INDEX(Barang!$C$2:$C$10001, MATCH(C93, Barang!$B$2:$B$10001, 0)), ""))} -> Sembako | E93: {=IF(C93="","", IFERROR(INDEX(Barang!$E$2:$E$10001, MATCH(C93, Barang!$B$2:$B$10001, 0)), ""))} -> kg | F93: 10 | G93: {=IF(C93="","", IFERROR(INDEX(Barang!$F$2:$F$10001, MATCH(C93, Barang!$B$2:$B$10001, 0)) * F93, ""))} -> 155000 | M93: {=IF(N93="","", IFERROR(INDEX(Barang!$A$2:$A$10001, MATCH(N93, Barang!$B$2:$B$10001, 0)), "Tidak ditemukan"))} | O93: {=IF(N93="","", IFERROR(INDEX(Barang!$C$2:$C$10001, MATCH(N93, Barang!$B$2:$B$10001, 0)), ""))} | P93: {=IF(N93="","", IFERROR(INDEX(Barang!$E$2:$E$10001, MATCH(N93, Barang!$B$2:$B$10001, 0)), ""))} | R93: {=IF(N93="","", IFERROR(INDEX(Barang!$F$2:$F$10001, MATCH(N93, Barang!$B$2:$B$10001, 0)) * Q93, ""))} | T93: =H93-'2024'!F93+Q93 -> -8 | U93: - | V93: -
B94: {=IF(C94="","", IFERROR(INDEX(Barang!$A$2:$A$10001, MATCH(C94, Barang!$B$2:$B$10001, 0)), "Tidak ditemukan"))} -> KTN001 | C94: Kertas nasi | D94: {=IF(C94="","", IFERROR(INDEX(Barang!$C$2:$C$10001, MATCH(C94, Barang!$B$2:$B$10001, 0)), ""))} -> Kertas | E94: {=IF(C94="","", IFERROR(INDEX(Barang!$E$2:$E$10001, MATCH(C94, Barang!$B$2:$B$10001, 0)), ""))} -> pcs | F94: 2 | G94: {=IF(C94="","", IFERROR(INDEX(Barang!$F$2:$F$10001, MATCH(C94, Barang!$B$2:$B$10001, 0)) * F94, ""))} -> 3000 | M94: {=IF(N94="","", IFERROR(INDEX(Barang!$A$2:$A$10001, MATCH(N94, Barang!$B$2:$B$10001, 0)), "Tidak ditemukan"))} | O94: {=IF(N94="","", IFERROR(INDEX(Barang!$C$2:$C$10001, MATCH(N94, Barang!$B$2:$B$10001, 0)), ""))} | P94: {=IF(N94="","", IFERROR(INDEX(Barang!$E$2:$E$10001, MATCH(N94, Barang!$B$2:$B$10001, 0)), ""))} | R94: {=IF(N94="","", IFERROR(INDEX(Barang!$F$2:$F$10001, MATCH(N94, Barang!$B$2:$B$10001, 0)) * Q94, ""))} | T94: =H94-'2024'!F94+Q94 -> -60 | U94: - | V94: -
B95: {=IF(C95="","", IFERROR(INDEX(Barang!$A$2:$A$10001, MATCH(C95, Barang!$B$2:$B$10001, 0)), "Tidak ditemukan"))} -> PSD001 | C95: Pepsodent | D95: {=IF(C95="","", IFERROR(INDEX(Barang!$C$2:$C$10001, MATCH(C95, Barang!$B$2:$B$10001, 0)), ""))} -> Pasta gigi | E95: {=IF(C95="","", IFERROR(INDEX(Barang!$E$2:$E$10001, MATCH(C95, Barang!$B$2:$B$10001, 0)), ""))} -> pcs | F95: 1 | G95: {=IF(C95="","", IFERROR(INDEX(Barang!$F$2:$F$10001, MATCH(C95, Barang!$B$2:$B$10001, 0)) * F95, ""))} -> 11500 | M95: {=IF(N95="","", IFERROR(INDEX(Barang!$A$2:$A$10001, MATCH(N95, Barang!$B$2:$B$10001, 0)), "Tidak ditemukan"))} | O95: {=IF(N95="","", IFERROR(INDEX(Barang!$C$2:$C$10001, MATCH(N95, Barang!$B$2:$B$10001, 0)), ""))} | P95: {=IF(N95="","", IFERROR(INDEX(Barang!$E$2:$E$10001, MATCH(N95, Barang!$B$2:$B$10001, 0)), ""))} | R95: {=IF(N95="","", IFERROR(INDEX(Barang!$F$2:$F$10001, MATCH(N95, Barang!$B$2:$B$10001, 0)) * Q95, ""))} | T95: =H95-'2024'!F95+Q95 -> -23 | U95: - | V95: -
B96: {=IF(C96="","", IFERROR(INDEX(Barang!$A$2:$A$10001, MATCH(C96, Barang!$B$2:$B$10001, 0)), "Tidak ditemukan"))} -> SKB001 | C96: Soklin bubuk | D96: {=IF(C96="","", IFERROR(INDEX(Barang!$C$2:$C$10001, MATCH(C96, Barang!$B$2:$B$10001, 0)), ""))} -> Detergen | E96: {=IF(C96="","", IFERROR(INDEX(Barang!$E$2:$E$10001, MATCH(C96, Barang!$B$2:$B$10001, 0)), ""))} -> pcs | F96: 1 | G96: {=IF(C96="","", IFERROR(INDEX(Barang!$F$2:$F$10001, MATCH(C96, Barang!$B$2:$B$10001, 0)) * F96, ""))} -> 5000 | I96: =SUM(G90:G96) -> 200500 | M96: {=IF(N96="","", IFERROR(INDEX(Barang!$A$2:$A$10001, MATCH(N96, Barang!$B$2:$B$10001, 0)), "Tidak ditemukan"))} | O96: {=IF(N96="","", IFERROR(INDEX(Barang!$C$2:$C$10001, MATCH(N96, Barang!$B$2:$B$10001, 0)), ""))} | P96: {=IF(N96="","", IFERROR(INDEX(Barang!$E$2:$E$10001, MATCH(N96, Barang!$B$2:$B$10001, 0)), ""))} | R96: {=IF(N96="","", IFERROR(INDEX(Barang!$F$2:$F$10001, MATCH(N96, Barang!$B$2:$B$10001, 0)) * Q96, ""))} | T96: =H96-'2024'!F96+Q96 -> -22 | U96: - | V96: -
A97: 45951 | B97: {=IF(C97="","", IFERROR(INDEX(Barang!$A$2:$A$10001, MATCH(C97, Barang!$B$2:$B$10001, 0)), "Tidak ditemukan"))} -> RTP001 | C97: Roti pia | D97: {=IF(C97="","", IFERROR(INDEX(Barang!$C$2:$C$10001, MATCH(C97, Barang!$B$2:$B$10001, 0)), ""))} -> Makanan | E97: {=IF(C97="","", IFERROR(INDEX(Barang!$E$2:$E$10001, MATCH(C97, Barang!$B$2:$B$10001, 0)), ""))} -> pcs | F97: 4 | G97: {=IF(C97="","", IFERROR(INDEX(Barang!$F$2:$F$10001, MATCH(C97, Barang!$B$2:$B$10001, 0)) * F97, ""))} -> 8000 | M97: {=IF(N97="","", IFERROR(INDEX(Barang!$A$2:$A$10001, MATCH(N97, Barang!$B$2:$B$10001, 0)), "Tidak ditemukan"))} | O97: {=IF(N97="","", IFERROR(INDEX(Barang!$C$2:$C$10001, MATCH(N97, Barang!$B$2:$B$10001, 0)), ""))} | P97: {=IF(N97="","", IFERROR(INDEX(Barang!$E$2:$E$10001, MATCH(N97, Barang!$B$2:$B$10001, 0)), ""))} | R97: {=IF(N97="","", IFERROR(INDEX(Barang!$F$2:$F$10001, MATCH(N97, Barang!$B$2:$B$10001, 0)) * Q97, ""))} | T97: =H97-'2024'!F97+Q97 -> -8 | U97: - | V97: -
B98: {=IF(C98="","", IFERROR(INDEX(Barang!$A$2:$A$10001, MATCH(C98, Barang!$B$2:$B$10001, 0)), "Tidak ditemukan"))} -> GPT001 | C98: Gery potato | D98: {=IF(C98="","", IFERROR(INDEX(Barang!$C$2:$C$10001, MATCH(C98, Barang!$B$2:$B$10001, 0)), ""))} -> Makanan | E98: {=IF(C98="","", IFERROR(INDEX(Barang!$E$2:$E$10001, MATCH(C98, Barang!$B$2:$B$10001, 0)), ""))} -> pcs | F98: 5 | G98: {=IF(C98="","", IFERROR(INDEX(Barang!$F$2:$F$10001, MATCH(C98, Barang!$B$2:$B$10001, 0)) * F98, ""))} -> 5000 | M98: {=IF(N98="","", IFERROR(INDEX(Barang!$A$2:$A$10001, MATCH(N98, Barang!$B$2:$B$10001, 0)), "Tidak ditemukan"))} | O98: {=IF(N98="","", IFERROR(INDEX(Barang!$C$2:$C$10001, MATCH(N98, Barang!$B$2:$B$10001, 0)), ""))} | P98: {=IF(N98="","", IFERROR(INDEX(Barang!$E$2:$E$10001, MATCH(N98, Barang!$B$2:$B$10001, 0)), ""))} | R98: {=IF(N98="","", IFERROR(INDEX(Barang!$F$2:$F$10001, MATCH(N98, Barang!$B$2:$B$10001, 0)) * Q98, ""))} | T98: =H98-'2024'!F98+Q98 -> -40 | U98: - | V98: -
B99: {=IF(C99="","", IFERROR(INDEX(Barang!$A$2:$A$10001, MATCH(C99, Barang!$B$2:$B$10001, 0)), "Tidak ditemukan"))} -> MGR001 | C99: Mie goreng | D99: {=IF(C99="","", IFERROR(INDEX(Barang!$C$2:$C$10001, MATCH(C99, Barang!$B$2:$B$10001, 0)), ""))} -> Makanan | E99: {=IF(C99="","", IFERROR(INDEX(Barang!$E$2:$E$10001, MATCH(C99, Barang!$B$2:$B$10001, 0)), ""))} -> pcs | F99: 41 | G99: {=IF(C99="","", IFERROR(INDEX(Barang!$F$2:$F$10001, MATCH(C99, Barang!$B$2:$B$10001, 0)) * F99, ""))} -> 143500 | M99: {=IF(N99="","", IFERROR(INDEX(Barang!$A$2:$A$10001, MATCH(N99, Barang!$B$2:$B$10001, 0)), "Tidak ditemukan"))} | O99: {=IF(N99="","", IFERROR(INDEX(Barang!$C$2:$C$10001, MATCH(N99, Barang!$B$2:$B$10001, 0)), ""))} | P99: {=IF(N99="","", IFERROR(INDEX(Barang!$E$2:$E$10001, MATCH(N99, Barang!$B$2:$B$10001, 0)), ""))} | R99: {=IF(N99="","", IFERROR(INDEX(Barang!$F$2:$F$10001, MATCH(N99, Barang!$B$2:$B$10001, 0)) * Q99, ""))} | T99: =H99-'2024'!F99+Q99 -> -22 | U99: - | V99: -
B100: {=IF(C100="","", IFERROR(INDEX(Barang!$A$2:$A$10001, MATCH(C100, Barang!$B$2:$B$10001, 0)), "Tidak ditemukan"))} -> MKH001 | C100: Mie kuah | D100: {=IF(C100="","", IFERROR(INDEX(Barang!$C$2:$C$10001, MATCH(C100, Barang!$B$2:$B$10001, 0)), ""))} -> Makanan | E100: {=IF(C100="","", IFERROR(INDEX(Barang!$E$2:$E$10001, MATCH(C100, Barang!$B$2:$B$10001, 0)), ""))} -> pcs | F100: 40 | G100: {=IF(C100="","", IFERROR(INDEX(Barang!$F$2:$F$10001, MATCH(C100, Barang!$B$2:$B$10001, 0)) * F100, ""))} -> 140000 | M100: {=IF(N100="","", IFERROR(INDEX(Barang!$A$2:$A$10001, MATCH(N100, Barang!$B$2:$B$10001, 0)), "Tidak ditemukan"))} | O100: {=IF(N100="","", IFERROR(INDEX(Barang!$C$2:$C$10001, MATCH(N100, Barang!$B$2:$B$10001, 0)), ""))} | P100: {=IF(N100="","", IFERROR(INDEX(Barang!$E$2:$E$10001, MATCH(N100, Barang!$B$2:$B$10001, 0)), ""))} | R100: {=IF(N100="","", IFERROR(INDEX(Barang!$F$2:$F$10001, MATCH(N100, Barang!$B$2:$B$10001, 0)) * Q100, ""))} | T100: =H100-'2024'!F100+Q100 -> -16 | U100: - | V100: -
B101: {=IF(C101="","", IFERROR(INDEX(Barang!$A$2:$A$10001, MATCH(C101, Barang!$B$2:$B$10001, 0)), "Tidak ditemukan"))} -> QKR001 | C101: Quaker oat | D101: {=IF(C101="","", IFERROR(INDEX(Barang!$C$2:$C$10001, MATCH(C101, Barang!$B$2:$B$10001, 0)), ""))} -> Makanan | E101: {=IF(C101="","", IFERROR(INDEX(Barang!$E$2:$E$10001, MATCH(C101, Barang!$B$2:$B$10001, 0)), ""))} -> pcs | F101: 2 | G101: {=IF(C101="","", IFERROR(INDEX(Barang!$F$2:$F$10001, MATCH(C101, Barang!$B$2:$B$10001, 0)) * F101, ""))} -> 4000 | M101: {=IF(N101="","", IFERROR(INDEX(Barang!$A$2:$A$10001, MATCH(N101, Barang!$B$2:$B$10001, 0)), "Tidak ditemukan"))} | O101: {=IF(N101="","", IFERROR(INDEX(Barang!$C$2:$C$10001, MATCH(N101, Barang!$B$2:$B$10001, 0)), ""))} | P101: {=IF(N101="","", IFERROR(INDEX(Barang!$E$2:$E$10001, MATCH(N101, Barang!$B$2:$B$10001, 0)), ""))} | R101: {=IF(N101="","", IFERROR(INDEX(Barang!$F$2:$F$10001, MATCH(N101, Barang!$B$2:$B$10001, 0)) * Q101, ""))} | T101: =H101-'2024'!F101+Q101 -> -20 | U101: - | V101: -
B102: {=IF(C102="","", IFERROR(INDEX(Barang!$A$2:$A$10001, MATCH(C102, Barang!$B$2:$B$10001, 0)), "Tidak ditemukan"))} -> GDY001 | C102: Good Day | D102: {=IF(C102="","", IFERROR(INDEX(Barang!$C$2:$C$10001, MATCH(C102, Barang!$B$2:$B$10001, 0)), ""))} -> Minuman | E102: {=IF(C102="","", IFERROR(INDEX(Barang!$E$2:$E$10001, MATCH(C102, Barang!$B$2:$B$10001, 0)), ""))} -> pcs | F102: 10 | G102: {=IF(C102="","", IFERROR(INDEX(Barang!$F$2:$F$10001, MATCH(C102, Barang!$B$2:$B$10001, 0)) * F102, ""))} -> 25000
...

Sheet 2026
A1: Tanggal | B1: Kode Barang | C1: Nama Barang | D1: Kategori | E1: Satuan | F1: Jual | G1: Harga Jual | H1: Stok Awal | I1: Total
A2: 46023 | B2: {=IF(C2="","", IFERROR(INDEX(Barang!$A$2:$A$10001, MATCH(C2, Barang!$B$2:$B$10001, 0)), "Tidak ditemukan"))} -> GPT001 | C2: Gery potato | D2: {=IF(C2="","", IFERROR(INDEX(Barang!$C$2:$C$10001, MATCH(C2, Barang!$B$2:$B$10001, 0)), ""))} -> Makanan | E2: {=IF(C2="","", IFERROR(INDEX(Barang!$E$2:$E$10001, MATCH(C2, Barang!$B$2:$B$10001, 0)), ""))} -> pcs | F2: 33 | G2: {=IF(C2="","", IFERROR(INDEX(Barang!$F$2:$F$10001, MATCH(C2, Barang!$B$2:$B$10001, 0)) * F2, ""))} -> 33000
B3: {=IF(C3="","", IFERROR(INDEX(Barang!$A$2:$A$10001, MATCH(C3, Barang!$B$2:$B$10001, 0)), "Tidak ditemukan"))} -> CL1001 | C3: Chocolatos 1000 | D3: {=IF(C3="","", IFERROR(INDEX(Barang!$C$2:$C$10001, MATCH(C3, Barang!$B$2:$B$10001, 0)), ""))} -> Makanan | E3: {=IF(C3="","", IFERROR(INDEX(Barang!$E$2:$E$10001, MATCH(C3, Barang!$B$2:$B$10001, 0)), ""))} -> pcs | F3: 27 | G3: {=IF(C3="","", IFERROR(INDEX(Barang!$F$2:$F$10001, MATCH(C3, Barang!$B$2:$B$10001, 0)) * F3, ""))} -> 27000
B4: {=IF(C4="","", IFERROR(INDEX(Barang!$A$2:$A$10001, MATCH(C4, Barang!$B$2:$B$10001, 0)), "Tidak ditemukan"))} -> THD001 | C4: Teh dandang | D4: {=IF(C4="","", IFERROR(INDEX(Barang!$C$2:$C$10001, MATCH(C4, Barang!$B$2:$B$10001, 0)), ""))} -> Minuman | E4: {=IF(C4="","", IFERROR(INDEX(Barang!$E$2:$E$10001, MATCH(C4, Barang!$B$2:$B$10001, 0)), ""))} -> pcs | F4: 19 | G4: {=IF(C4="","", IFERROR(INDEX(Barang!$F$2:$F$10001, MATCH(C4, Barang!$B$2:$B$10001, 0)) * F4, ""))} -> 38000
B5: {=IF(C5="","", IFERROR(INDEX(Barang!$A$2:$A$10001, MATCH(C5, Barang!$B$2:$B$10001, 0)), "Tidak ditemukan"))} -> TLR2 | C5: Telur 1/2 | D5: {=IF(C5="","", IFERROR(INDEX(Barang!$C$2:$C$10001, MATCH(C5, Barang!$B$2:$B$10001, 0)), ""))} -> Sembako | E5: {=IF(C5="","", IFERROR(INDEX(Barang!$E$2:$E$10001, MATCH(C5, Barang!$B$2:$B$10001, 0)), ""))} -> kg | F5: 17 | G5: {=IF(C5="","", IFERROR(INDEX(Barang!$F$2:$F$10001, MATCH(C5, Barang!$B$2:$B$10001, 0)) * F5, ""))} -> 263500
B6: {=IF(C6="","", IFERROR(INDEX(Barang!$A$2:$A$10001, MATCH(C6, Barang!$B$2:$B$10001, 0)), "Tidak ditemukan"))} -> PLS002 | C6: Pilus | D6: {=IF(C6="","", IFERROR(INDEX(Barang!$C$2:$C$10001, MATCH(C6, Barang!$B$2:$B$10001, 0)), ""))} -> Makanan | E6: {=IF(C6="","", IFERROR(INDEX(Barang!$E$2:$E$10001, MATCH(C6, Barang!$B$2:$B$10001, 0)), ""))} -> pcs | F6: 43 | G6: {=IF(C6="","", IFERROR(INDEX(Barang!$F$2:$F$10001, MATCH(C6, Barang!$B$2:$B$10001, 0)) * F6, ""))} -> 43000
B7: {=IF(C7="","", IFERROR(INDEX(Barang!$A$2:$A$10001, MATCH(C7, Barang!$B$2:$B$10001, 0)), "Tidak ditemukan"))} -> MGR001 | C7: Mie goreng | D7: {=IF(C7="","", IFERROR(INDEX(Barang!$C$2:$C$10001, MATCH(C7, Barang!$B$2:$B$10001, 0)), ""))} -> Makanan | E7: {=IF(C7="","", IFERROR(INDEX(Barang!$E$2:$E$10001, MATCH(C7, Barang!$B$2:$B$10001, 0)), ""))} -> pcs | F7: 10 | G7: {=IF(C7="","", IFERROR(INDEX(Barang!$F$2:$F$10001, MATCH(C7, Barang!$B$2:$B$10001, 0)) * F7, ""))} -> 35000
B8: {=IF(C8="","", IFERROR(INDEX(Barang!$A$2:$A$10001, MATCH(C8, Barang!$B$2:$B$10001, 0)), "Tidak ditemukan"))} -> IDM002 | C8: Indomilk | D8: {=IF(C8="","", IFERROR(INDEX(Barang!$C$2:$C$10001, MATCH(C8, Barang!$B$2:$B$10001, 0)), ""))} -> Minuman | E8: {=IF(C8="","", IFERROR(INDEX(Barang!$E$2:$E$10001, MATCH(C8, Barang!$B$2:$B$10001, 0)), ""))} -> pcs | F8: 28 | G8: {=IF(C8="","", IFERROR(INDEX(Barang!$F$2:$F$10001, MATCH(C8, Barang!$B$2:$B$10001, 0)) * F8, ""))} -> 42000
B9: {=IF(C9="","", IFERROR(INDEX(Barang!$A$2:$A$10001, MATCH(C9, Barang!$B$2:$B$10001, 0)), "Tidak ditemukan"))} -> SG7001 | C9: Sari gandum 7 | D9: {=IF(C9="","", IFERROR(INDEX(Barang!$C$2:$C$10001, MATCH(C9, Barang!$B$2:$B$10001, 0)), ""))} -> Makanan | E9: {=IF(C9="","", IFERROR(INDEX(Barang!$E$2:$E$10001, MATCH(C9, Barang!$B$2:$B$10001, 0)), ""))} -> pcs | F9: 13 | G9: {=IF(C9="","", IFERROR(INDEX(Barang!$F$2:$F$10001, MATCH(C9, Barang!$B$2:$B$10001, 0)) * F9, ""))} -> 97500
B10: {=IF(C10="","", IFERROR(INDEX(Barang!$A$2:$A$10001, MATCH(C10, Barang!$B$2:$B$10001, 0)), "Tidak ditemukan"))} -> TRS001 | C10: Terasi | D10: {=IF(C10="","", IFERROR(INDEX(Barang!$C$2:$C$10001, MATCH(C10, Barang!$B$2:$B$10001, 0)), ""))} -> Bumbu | E10: {=IF(C10="","", IFERROR(INDEX(Barang!$E$2:$E$10001, MATCH(C10, Barang!$B$2:$B$10001, 0)), ""))} -> pcs | F10: 11 | G10: {=IF(C10="","", IFERROR(INDEX(Barang!$F$2:$F$10001, MATCH(C10, Barang!$B$2:$B$10001, 0)) * F10, ""))} -> 5500 | I10: =SUM(G2:G10) -> 584500
A11: 46024 | B11: {=IF(C11="","", IFERROR(INDEX(Barang!$A$2:$A$10001, MATCH(C11, Barang!$B$2:$B$10001, 0)), "Tidak ditemukan"))} -> CL1001 | C11: Chocolatos 1000 | D11: {=IF(C11="","", IFERROR(INDEX(Barang!$C$2:$C$10001, MATCH(C11, Barang!$B$2:$B$10001, 0)), ""))} -> Makanan | E11: {=IF(C11="","", IFERROR(INDEX(Barang!$E$2:$E$10001, MATCH(C11, Barang!$B$2:$B$10001, 0)), ""))} -> pcs | F11: 34 | G11: {=IF(C11="","", IFERROR(INDEX(Barang!$F$2:$F$10001, MATCH(C11, Barang!$B$2:$B$10001, 0)) * F11, ""))} -> 34000
B12: {=IF(C12="","", IFERROR(INDEX(Barang!$A$2:$A$10001, MATCH(C12, Barang!$B$2:$B$10001, 0)), "Tidak ditemukan"))} -> KPH001 | C12: kopi hitam | D12: {=IF(C12="","", IFERROR(INDEX(Barang!$C$2:$C$10001, MATCH(C12, Barang!$B$2:$B$10001, 0)), ""))} -> Minuman | E12: {=IF(C12="","", IFERROR(INDEX(Barang!$E$2:$E$10001, MATCH(C12, Barang!$B$2:$B$10001, 0)), ""))} -> pcs | F12: 41 | G12: {=IF(C12="","", IFERROR(INDEX(Barang!$F$2:$F$10001, MATCH(C12, Barang!$B$2:$B$10001, 0)) * F12, ""))} -> 41000
B13: {=IF(C13="","", IFERROR(INDEX(Barang!$A$2:$A$10001, MATCH(C13, Barang!$B$2:$B$10001, 0)), "Tidak ditemukan"))} -> STS | C13: Santan sasa | D13: {=IF(C13="","", IFERROR(INDEX(Barang!$C$2:$C$10001, MATCH(C13, Barang!$B$2:$B$10001, 0)), ""))} -> Bumbu | E13: {=IF(C13="","", IFERROR(INDEX(Barang!$E$2:$E$10001, MATCH(C13, Barang!$B$2:$B$10001, 0)), ""))} -> pcs | F13: 10 | G13: {=IF(C13="","", IFERROR(INDEX(Barang!$F$2:$F$10001, MATCH(C13, Barang!$B$2:$B$10001, 0)) * F13, ""))} -> 55000
B14: {=IF(C14="","", IFERROR(INDEX(Barang!$A$2:$A$10001, MATCH(C14, Barang!$B$2:$B$10001, 0)), "Tidak ditemukan"))} -> GPT001 | C14: Gery potato | D14: {=IF(C14="","", IFERROR(INDEX(Barang!$C$2:$C$10001, MATCH(C14, Barang!$B$2:$B$10001, 0)), ""))} -> Makanan | E14: {=IF(C14="","", IFERROR(INDEX(Barang!$E$2:$E$10001, MATCH(C14, Barang!$B$2:$B$10001, 0)), ""))} -> pcs | F14: 30 | G14: {=IF(C14="","", IFERROR(INDEX(Barang!$F$2:$F$10001, MATCH(C14, Barang!$B$2:$B$10001, 0)) * F14, ""))} -> 30000
B15: {=IF(C15="","", IFERROR(INDEX(Barang!$A$2:$A$10001, MATCH(C15, Barang!$B$2:$B$10001, 0)), "Tidak ditemukan"))} -> CL5001 | C15: Chocolatos 500 | D15: {=IF(C15="","", IFERROR(INDEX(Barang!$C$2:$C$10001, MATCH(C15, Barang!$B$2:$B$10001, 0)), ""))} -> Makanan | E15: {=IF(C15="","", IFERROR(INDEX(Barang!$E$2:$E$10001, MATCH(C15, Barang!$B$2:$B$10001, 0)), ""))} -> pcs | F15: 31 | G15: {=IF(C15="","", IFERROR(INDEX(Barang!$F$2:$F$10001, MATCH(C15, Barang!$B$2:$B$10001, 0)) * F15, ""))} -> 15500
B16: {=IF(C16="","", IFERROR(INDEX(Barang!$A$2:$A$10001, MATCH(C16, Barang!$B$2:$B$10001, 0)), "Tidak ditemukan"))} -> MGR001 | C16: Mie goreng | D16: {=IF(C16="","", IFERROR(INDEX(Barang!$C$2:$C$10001, MATCH(C16, Barang!$B$2:$B$10001, 0)), ""))} -> Makanan | E16: {=IF(C16="","", IFERROR(INDEX(Barang!$E$2:$E$10001, MATCH(C16, Barang!$B$2:$B$10001, 0)), ""))} -> pcs | F16: 33 | G16: {=IF(C16="","", IFERROR(INDEX(Barang!$F$2:$F$10001, MATCH(C16, Barang!$B$2:$B$10001, 0)) * F16, ""))} -> 115500
B17: {=IF(C17="","", IFERROR(INDEX(Barang!$A$2:$A$10001, MATCH(C17, Barang!$B$2:$B$10001, 0)), "Tidak ditemukan"))} -> GL1001 | C17: Gula 1kg | D17: {=IF(C17="","", IFERROR(INDEX(Barang!$C$2:$C$10001, MATCH(C17, Barang!$B$2:$B$10001, 0)), ""))} -> Sembako | E17: {=IF(C17="","", IFERROR(INDEX(Barang!$E$2:$E$10001, MATCH(C17, Barang!$B$2:$B$10001, 0)), ""))} -> kg | F17: 10 | G17: {=IF(C17="","", IFERROR(INDEX(Barang!$F$2:$F$10001, MATCH(C17, Barang!$B$2:$B$10001, 0)) * F17, ""))} -> 165000
B18: {=IF(C18="","", IFERROR(INDEX(Barang!$A$2:$A$10001, MATCH(C18, Barang!$B$2:$B$10001, 0)), "Tidak ditemukan"))} -> PLP001 | C18: Pilus POP | D18: {=IF(C18="","", IFERROR(INDEX(Barang!$C$2:$C$10001, MATCH(C18, Barang!$B$2:$B$10001, 0)), ""))} -> Makanan | E18: {=IF(C18="","", IFERROR(INDEX(Barang!$E$2:$E$10001, MATCH(C18, Barang!$B$2:$B$10001, 0)), ""))} -> pcs | F18: 34 | G18: {=IF(C18="","", IFERROR(INDEX(Barang!$F$2:$F$10001, MATCH(C18, Barang!$B$2:$B$10001, 0)) * F18, ""))} -> 68000
B19: {=IF(C19="","", IFERROR(INDEX(Barang!$A$2:$A$10001, MATCH(C19, Barang!$B$2:$B$10001, 0)), "Tidak ditemukan"))} -> SBE001 | C19: Ekonomi colek | D19: {=IF(C19="","", IFERROR(INDEX(Barang!$C$2:$C$10001, MATCH(C19, Barang!$B$2:$B$10001, 0)), ""))} -> Detergen | E19: {=IF(C19="","", IFERROR(INDEX(Barang!$E$2:$E$10001, MATCH(C19, Barang!$B$2:$B$10001, 0)), ""))} -> pcs | F19: 20 | G19: {=IF(C19="","", IFERROR(INDEX(Barang!$F$2:$F$10001, MATCH(C19, Barang!$B$2:$B$10001, 0)) * F19, ""))} -> 40000
B20: {=IF(C20="","", IFERROR(INDEX(Barang!$A$2:$A$10001, MATCH(C20, Barang!$B$2:$B$10001, 0)), "Tidak ditemukan"))} -> GCC001 | C20: Garuda crunchy | D20: {=IF(C20="","", IFERROR(INDEX(Barang!$C$2:$C$10001, MATCH(C20, Barang!$B$2:$B$10001, 0)), ""))} -> Makanan | E20: {=IF(C20="","", IFERROR(INDEX(Barang!$E$2:$E$10001, MATCH(C20, Barang!$B$2:$B$10001, 0)), ""))} -> pcs | F20: 24 | G20: {=IF(C20="","", IFERROR(INDEX(Barang!$F$2:$F$10001, MATCH(C20, Barang!$B$2:$B$10001, 0)) * F20, ""))} -> 48000
B21: {=IF(C21="","", IFERROR(INDEX(Barang!$A$2:$A$10001, MATCH(C21, Barang!$B$2:$B$10001, 0)), "Tidak ditemukan"))} -> PLS002 | C21: Pilus | D21: {=IF(C21="","", IFERROR(INDEX(Barang!$C$2:$C$10001, MATCH(C21, Barang!$B$2:$B$10001, 0)), ""))} -> Makanan | E21: {=IF(C21="","", IFERROR(INDEX(Barang!$E$2:$E$10001, MATCH(C21, Barang!$B$2:$B$10001, 0)), ""))} -> pcs | F21: 20 | G21: {=IF(C21="","", IFERROR(INDEX(Barang!$F$2:$F$10001, MATCH(C21, Barang!$B$2:$B$10001, 0)) * F21, ""))} -> 20000
B22: {=IF(C22="","", IFERROR(INDEX(Barang!$A$2:$A$10001, MATCH(C22, Barang!$B$2:$B$10001, 0)), "Tidak ditemukan"))} -> SNK001 | C22: Snack | D22: {=IF(C22="","", IFERROR(INDEX(Barang!$C$2:$C$10001, MATCH(C22, Barang!$B$2:$B$10001, 0)), ""))} -> Makanan | E22: {=IF(C22="","", IFERROR(INDEX(Barang!$E$2:$E$10001, MATCH(C22, Barang!$B$2:$B$10001, 0)), ""))} -> pcs | F22: 31 | G22: {=IF(C22="","", IFERROR(INDEX(Barang!$F$2:$F$10001, MATCH(C22, Barang!$B$2:$B$10001, 0)) * F22, ""))} -> 62000
B23: {=IF(C23="","", IFERROR(INDEX(Barang!$A$2:$A$10001, MATCH(C23, Barang!$B$2:$B$10001, 0)), "Tidak ditemukan"))} -> PTS001 | C23: Piattos | D23: {=IF(C23="","", IFERROR(INDEX(Barang!$C$2:$C$10001, MATCH(C23, Barang!$B$2:$B$10001, 0)), ""))} -> Makanan | E23: {=IF(C23="","", IFERROR(INDEX(Barang!$E$2:$E$10001, MATCH(C23, Barang!$B$2:$B$10001, 0)), ""))} -> pcs | F23: 11 | G23: {=IF(C23="","", IFERROR(INDEX(Barang!$F$2:$F$10001, MATCH(C23, Barang!$B$2:$B$10001, 0)) * F23, ""))} -> 22000
... B31: {=IF(C31="","", IFERROR(INDEX(Barang!$A$2:$A$10001, MATCH(C31, Barang!$B$2:$B$10001, 0)), "Tidak ditemukan"))} -> IDM002 | C31: Indomilk | D31: {=IF(C31="","", IFERROR(INDEX(Barang!$C$2:$C$10001, MATCH(C31, Barang!$B$2:$B$10001, 0)), ""))} -> Minuman | E31: {=IF(C31="","", IFERROR(INDEX(Barang!$E$2:$E$10001, MATCH(C31, Barang!$B$2:$B$10001, 0)), ""))} -> pcs | F31: 11 | G31: {=IF(C31="","", IFERROR(INDEX(Barang!$F$2:$F$10001, MATCH(C31, Barang!$B$2:$B$10001, 0)) * F31, ""))} -> 16500
B32: {=IF(C32="","", IFERROR(INDEX(Barang!$A$2:$A$10001, MATCH(C32, Barang!$B$2:$B$10001, 0)), "Tidak ditemukan"))} -> RTP001 | C32: Roti pia | D32: {=IF(C32="","", IFERROR(INDEX(Barang!$C$2:$C$10001, MATCH(C32, Barang!$B$2:$B$10001, 0)), ""))} -> Makanan | E32: {=IF(C32="","", IFERROR(INDEX(Barang!$E$2:$E$10001, MATCH(C32, Barang!$B$2:$B$10001, 0)), ""))} -> pcs | F32: 7 | G32: {=IF(C32="","", IFERROR(INDEX(Barang!$F$2:$F$10001, MATCH(C32, Barang!$B$2:$B$10001, 0)) * F32, ""))} -> 14000 | I32: =SUM(G11:G32) -> 1083000
A33: 46025 | B33: {=IF(C33="","", IFERROR(INDEX(Barang!$A$2:$A$10001, MATCH(C33, Barang!$B$2:$B$10001, 0)), "Tidak ditemukan"))} -> TLR2 | C33: Telur 1/2 | D33: {=IF(C33="","", IFERROR(INDEX(Barang!$C$2:$C$10001, MATCH(C33, Barang!$B$2:$B$10001, 0)), ""))} -> Sembako | E33: {=IF(C33="","", IFERROR(INDEX(Barang!$E$2:$E$10001, MATCH(C33, Barang!$B$2:$B$10001, 0)), ""))} -> kg | F33: 11 | G33: {=IF(C33="","", IFERROR(INDEX(Barang!$F$2:$F$10001, MATCH(C33, Barang!$B$2:$B$10001, 0)) * F33, ""))} -> 170500
B34: {=IF(C34="","", IFERROR(INDEX(Barang!$A$2:$A$10001, MATCH(C34, Barang!$B$2:$B$10001, 0)), "Tidak ditemukan"))} -> TPL2 | C34: Tropical 2Lt | D34: {=IF(C34="","", IFERROR(INDEX(Barang!$C$2:$C$10001, MATCH(C34, Barang!$B$2:$B$10001, 0)), ""))} -> Minyak | E34: {=IF(C34="","", IFERROR(INDEX(Barang!$E$2:$E$10001, MATCH(C34, Barang!$B$2:$B$10001, 0)), ""))} -> Liter | F34: 8 | G34: {=IF(C34="","", IFERROR(INDEX(Barang!$F$2:$F$10001, MATCH(C34, Barang!$B$2:$B$10001, 0)) * F34, ""))} -> 320000
B35: {=IF(C35="","", IFERROR(INDEX(Barang!$A$2:$A$10001, MATCH(C35, Barang!$B$2:$B$10001, 0)), "Tidak ditemukan"))} -> GL1001 | C35: Gula 1kg | D35: {=IF(C35="","", IFERROR(INDEX(Barang!$C$2:$C$10001, MATCH(C35, Barang!$B$2:$B$10001, 0)), ""))} -> Sembako | E35: {=IF(C35="","", IFERROR(INDEX(Barang!$E$2:$E$10001, MATCH(C35, Barang!$B$2:$B$10001, 0)), ""))} -> kg | F35: 12 | G35: {=IF(C35="","", IFERROR(INDEX(Barang!$F$2:$F$10001, MATCH(C35, Barang!$B$2:$B$10001, 0)) * F35, ""))} -> 198000
B36: {=IF(C36="","", IFERROR(INDEX(Barang!$A$2:$A$10001, MATCH(C36, Barang!$B$2:$B$10001, 0)), "Tidak ditemukan"))} -> GDY001 | C36: Good Day | D36: {=IF(C36="","", IFERROR(INDEX(Barang!$C$2:$C$10001, MATCH(C36, Barang!$B$2:$B$10001, 0)), ""))} -> Minuman | E36: {=IF(C36="","", IFERROR(INDEX(Barang!$E$2:$E$10001, MATCH(C36, Barang!$B$2:$B$10001, 0)), ""))} -> pcs | F36: 20 | G36: {=IF(C36="","", IFERROR(INDEX(Barang!$F$2:$F$10001, MATCH(C36, Barang!$B$2:$B$10001, 0)) * F36, ""))} -> 50000
B37: {=IF(C37="","", IFERROR(INDEX(Barang!$A$2:$A$10001, MATCH(C37, Barang!$B$2:$B$10001, 0)), "Tidak ditemukan"))} -> RTG001 | C37: Roti gery | D37: {=IF(C37="","", IFERROR(INDEX(Barang!$C$2:$C$10001, MATCH(C37, Barang!$B$2:$B$10001, 0)), ""))} -> Makanan | E37: {=IF(C37="","", IFERROR(INDEX(Barang!$E$2:$E$10001, MATCH(C37, Barang!$B$2:$B$10001, 0)), ""))} -> pcs | F37: 13 | G37: {=IF(C37="","", IFERROR(INDEX(Barang!$F$2:$F$10001, MATCH(C37, Barang!$B$2:$B$10001, 0)) * F37, ""))} -> 32500
B38: {=IF(C38="","", IFERROR(INDEX(Barang!$A$2:$A$10001, MATCH(C38, Barang!$B$2:$B$10001, 0)), "Tidak ditemukan"))} -> GCC001 | C38: Garuda crunchy | D38: {=IF(C38="","", IFERROR(INDEX(Barang!$C$2:$C$10001, MATCH(C38, Barang!$B$2:$B$10001, 0)), ""))} -> Makanan | E38: {=IF(C38="","", IFERROR(INDEX(Barang!$E$2:$E$10001, MATCH(C38, Barang!$B$2:$B$10001, 0)), ""))} -> pcs | F38: 22 | G38: {=IF(C38="","", IFERROR(INDEX(Barang!$F$2:$F$10001, MATCH(C38, Barang!$B$2:$B$10001, 0)) * F38, ""))} -> 44000
B39: {=IF(C39="","", IFERROR(INDEX(Barang!$A$2:$A$10001, MATCH(C39, Barang!$B$2:$B$10001, 0)), "Tidak ditemukan"))} -> APT001 | C39: Apetito | D39: {=IF(C39="","", IFERROR(INDEX(Barang!$C$2:$C$10001, MATCH(C39, Barang!$B$2:$B$10001, 0)), ""))} -> Makanan | E39: {=IF(C39="","", IFERROR(INDEX(Barang!$E$2:$E$10001, MATCH(C39, Barang!$B$2:$B$10001, 0)), ""))} -> pcs | F39: 31 | G39: {=IF(C39="","", IFERROR(INDEX(Barang!$F$2:$F$10001, MATCH(C39, Barang!$B$2:$B$10001, 0)) * F39, ""))} -> 62000
B40: {=IF(C40="","", IFERROR(INDEX(Barang!$A$2:$A$10001, MATCH(C40, Barang!$B$2:$B$10001, 0)), "Tidak ditemukan"))} -> GRR001 | C40: Goriorio | D40: {=IF(C40="","", IFERROR(INDEX(Barang!$C$2:$C$10001, MATCH(C40, Barang!$B$2:$B$10001, 0)), ""))} -> Makanan | E40: {=IF(C40="","", IFERROR(INDEX(Barang!$E$2:$E$10001, MATCH(C40, Barang!$B$2:$B$10001, 0)), ""))} -> pcs | F40: 40 | G40: {=IF(C40="","", IFERROR(INDEX(Barang!$F$2:$F$10001, MATCH(C40, Barang!$B$2:$B$10001, 0)) * F40, ""))} -> 20000
B41: {=IF(C41="","", IFERROR(INDEX(Barang!$A$2:$A$10001, MATCH(C41, Barang!$B$2:$B$10001, 0)), "Tidak ditemukan"))} -> TGJ02 | C41: Tepung Kanji 1/4 | D41: {=IF(C41="","", IFERROR(INDEX(Barang!$C$2:$C$10001, MATCH(C41, Barang!$B$2:$B$10001, 0)), ""))} -> Bumbu | E41: {=IF(C41="","", IFERROR(INDEX(Barang!$E$2:$E$10001, MATCH(C41, Barang!$B$2:$B$10001, 0)), ""))} -> kg | F41: 11 | G41: {=IF(C41="","", IFERROR(INDEX(Barang!$F$2:$F$10001, MATCH(C41, Barang!$B$2:$B$10001, 0)) * F41, ""))} -> 38500
B42: {=IF(C42="","", IFERROR(INDEX(Barang!$A$2:$A$10001, MATCH(C42, Barang!$B$2:$B$10001, 0)), "Tidak ditemukan"))} -> YP500 | C42: Yupi 500 | D42: {=IF(C42="","", IFERROR(INDEX(Barang!$C$2:$C$10001, MATCH(C42, Barang!$B$2:$B$10001, 0)), ""))} -> Makanan | E42: {=IF(C42="","", IFERROR(INDEX(Barang!$E$2:$E$10001, MATCH(C42, Barang!$B$2:$B$10001, 0)), ""))} -> pcs | F42: 65 | G42: {=IF(C42="","", IFERROR(INDEX(Barang!$F$2:$F$10001, MATCH(C42, Barang!$B$2:$B$10001, 0)) * F42, ""))} -> 32500
B43: {=IF(C43="","", IFERROR(INDEX(Barang!$A$2:$A$10001, MATCH(C43, Barang!$B$2:$B$10001, 0)), "Tidak ditemukan"))} -> MKH001 | C43: Mie kuah | D43: {=IF(C43="","", IFERROR(INDEX(Barang!$C$2:$C$10001, MATCH(C43, Barang!$B$2:$B$10001, 0)), ""))} -> Makanan | E43: {=IF(C43="","", IFERROR(INDEX(Barang!$E$2:$E$10001, MATCH(C43, Barang!$B$2:$B$10001, 0)), ""))} -> pcs | F43: 48 | G43: {=IF(C43="","", IFERROR(INDEX(Barang!$F$2:$F$10001, MATCH(C43, Barang!$B$2:$B$10001, 0)) * F43, ""))} -> 168000
B44: {=IF(C44="","", IFERROR(INDEX(Barang!$A$2:$A$10001, MATCH(C44, Barang!$B$2:$B$10001, 0)), "Tidak ditemukan"))} -> BC001 | C44: Boncabe | D44: {=IF(C44="","", IFERROR(INDEX(Barang!$C$2:$C$10001, MATCH(C44, Barang!$B$2:$B$10001, 0)), ""))} -> Bumbu | E44: {=IF(C44="","", IFERROR(INDEX(Barang!$E$2:$E$10001, MATCH(C44, Barang!$B$2:$B$10001, 0)), ""))} -> pcs | F44: 11 | G44: {=IF(C44="","", IFERROR(INDEX(Barang!$F$2:$F$10001, MATCH(C44, Barang!$B$2:$B$10001, 0)) * F44, ""))} -> 11000
B45: {=IF(C45="","", IFERROR(INDEX(Barang!$A$2:$A$10001, MATCH(C45, Barang!$B$2:$B$10001, 0)), "Tidak ditemukan"))} -> SKB001 | C45: Soklin bubuk | D45: {=IF(C45="","", IFERROR(INDEX(Barang!$C$2:$C$10001, MATCH(C45, Barang!$B$2:$B$10001, 0)), ""))} -> Detergen | E45: {=IF(C45="","", IFERROR(INDEX(Barang!$E$2:$E$10001, MATCH(C45, Barang!$B$2:$B$10001, 0)), ""))} -> pcs | F45: 13 | G45: {=IF(C45="","", IFERROR(INDEX(Barang!$F$2:$F$10001, MATCH(C45, Barang!$B$2:$B$10001, 0)) * F45, ""))} -> 65000 | I45: =SUM(G33:G45) -> 1212000
A46: 46026 | B46: {=IF(C46="","", IFERROR(INDEX(Barang!$A$2:$A$10001, MATCH(C46, Barang!$B$2:$B$10001, 0)), "Tidak ditemukan"))} -> APT001 | C46: Apetito | D46: {=IF(C46="","", IFERROR(INDEX(Barang!$C$2:$C$10001, MATCH(C46, Barang!$B$2:$B$10001, 0)), ""))} -> Makanan | E46: {=IF(C46="","", IFERROR(INDEX(Barang!$E$2:$E$10001, MATCH(C46, Barang!$B$2:$B$10001, 0)), ""))} -> pcs | F46: 40 | G46: {=IF(C46="","", IFERROR(INDEX(Barang!$F$2:$F$10001, MATCH(C46, Barang!$B$2:$B$10001, 0)) * F46, ""))} -> 80000
B47: {=IF(C47="","", IFERROR(INDEX(Barang!$A$2:$A$10001, MATCH(C47, Barang!$B$2:$B$10001, 0)), "Tidak ditemukan"))} -> OKJ1 | C47: Okky jelly 1 | D47: {=IF(C47="","", IFERROR(INDEX(Barang!$C$2:$C$10001, MATCH(C47, Barang!$B$2:$B$10001, 0)), ""))} -> Minuman | E47: {=IF(C47="","", IFERROR(INDEX(Barang!$E$2:$E$10001, MATCH(C47, Barang!$B$2:$B$10001, 0)), ""))} -> pcs | F47: 20 | G47: {=IF(C47="","", IFERROR(INDEX(Barang!$F$2:$F$10001, MATCH(C47, Barang!$B$2:$B$10001, 0)) * F47, ""))} -> 20000
B48: {=IF(C48="","", IFERROR(INDEX(Barang!$A$2:$A$10001, MATCH(C48, Barang!$B$2:$B$10001, 0)), "Tidak ditemukan"))} -> DLN02 | C48: Dilan 2000 | D48: {=IF(C48="","", IFERROR(INDEX(Barang!$C$2:$C$10001, MATCH(C48, Barang!$B$2:$B$10001, 0)), ""))} -> Makanan | E48: {=IF(C48="","", IFERROR(INDEX(Barang!$E$2:$E$10001, MATCH(C48, Barang!$B$2:$B$10001, 0)), ""))} -> pcs | F48: 17 | G48: {=IF(C48="","", IFERROR(INDEX(Barang!$F$2:$F$10001, MATCH(C48, Barang!$B$2:$B$10001, 0)) * F48, ""))} -> 34000
B49: {=IF(C49="","", IFERROR(INDEX(Barang!$A$2:$A$10001, MATCH(C49, Barang!$B$2:$B$10001, 0)), "Tidak ditemukan"))} -> PLP001 | C49: Pilus POP | D49: {=IF(C49="","", IFERROR(INDEX(Barang!$C$2:$C$10001, MATCH(C49, Barang!$B$2:$B$10001, 0)), ""))} -> Makanan | E49: {=IF(C49="","", IFERROR(INDEX(Barang!$E$2:$E$10001, MATCH(C49, Barang!$B$2:$B$10001, 0)), ""))} -> pcs | F49: 32 | G49: {=IF(C49="","", IFERROR(INDEX(Barang!$F$2:$F$10001, MATCH(C49, Barang!$B$2:$B$10001, 0)) * F49, ""))} -> 64000
B50: {=IF(C50="","", IFERROR(INDEX(Barang!$A$2:$A$10001, MATCH(C50, Barang!$B$2:$B$10001, 0)), "Tidak ditemukan"))} -> GPT001 | C50: Gery potato | D50: {=IF(C50="","", IFERROR(INDEX(Barang!$C$2:$C$10001, MATCH(C50, Barang!$B$2:$B$10001, 0)), ""))} -> Makanan | E50: {=IF(C50="","", IFERROR(INDEX(Barang!$E$2:$E$10001, MATCH(C50, Barang!$B$2:$B$10001, 0)), ""))} -> pcs | F50: 34 | G50: {=IF(C50="","", IFERROR(INDEX(Barang!$F$2:$F$10001, MATCH(C50, Barang!$B$2:$B$10001, 0)) * F50, ""))} -> 34000
B51: {=IF(C51="","", IFERROR(INDEX(Barang!$A$2:$A$10001, MATCH(C51, Barang!$B$2:$B$10001, 0)), "Tidak ditemukan"))} -> GRR001 | C51: Goriorio | D51: {=IF(C51="","", IFERROR(INDEX(Barang!$C$2:$C$10001, MATCH(C51, Barang!$B$2:$B$10001, 0)), ""))} -> Makanan | E51: {=IF(C51="","", IFERROR(INDEX(Barang!$E$2:$E$10001, MATCH(C51, Barang!$B$2:$B$10001, 0)), ""))} -> pcs | F51: 28 | G51: {=IF(C51="","", IFERROR(INDEX(Barang!$F$2:$F$10001, MATCH(C51, Barang!$B$2:$B$10001, 0)) * F51, ""))} -> 14000
B52: {=IF(C52="","", IFERROR(INDEX(Barang!$A$2:$A$10001, MATCH(C52, Barang!$B$2:$B$10001, 0)), "Tidak ditemukan"))} -> RTP001 | C52: Roti pia | D52: {=IF(C52="","", IFERROR(INDEX(Barang!$C$2:$C$10001, MATCH(C52, Barang!$B$2:$B$10001, 0)), ""))} -> Makanan | E52: {=IF(C52="","", IFERROR(INDEX(Barang!$E$2:$E$10001, MATCH(C52, Barang!$B$2:$B$10001, 0)), ""))} -> pcs | F52: 17 | G52: {=IF(C52="","", IFERROR(INDEX(Barang!$F$2:$F$10001, MATCH(C52, Barang!$B$2:$B$10001, 0)) * F52, ""))} -> 34000
B53: {=IF(C53="","", IFERROR(INDEX(Barang!$A$2:$A$10001, MATCH(C53, Barang!$B$2:$B$10001, 0)), "Tidak ditemukan"))} -> SSB001 | C53: Santan sasa bubuk | D53: {=IF(C53="","", IFERROR(INDEX(Barang!$C$2:$C$10001, MATCH(C53, Barang!$B$2:$B$10001, 0)), ""))} -> Bumbu | E53: {=IF(C53="","", IFERROR(INDEX(Barang!$E$2:$E$10001, MATCH(C53, Barang!$B$2:$B$10001, 0)), ""))} -> pcs | F53: 28 | G53: {=IF(C53="","", IFERROR(INDEX(Barang!$F$2:$F$10001, MATCH(C53, Barang!$B$2:$B$10001, 0)) * F53, ""))} -> 70000
B54: {=IF(C54="","", IFERROR(INDEX(Barang!$A$2:$A$10001, MATCH(C54, Barang!$B$2:$B$10001, 0)), "Tidak ditemukan"))} -> SDK001 | C54: Sedaap kaldu | D54: {=IF(C54="","", IFERROR(INDEX(Barang!$C$2:$C$10001, MATCH(C54, Barang!$B$2:$B$10001, 0)), ""))} -> Bumbu | E54: {=IF(C54="","", IFERROR(INDEX(Barang!$E$2:$E$10001, MATCH(C54, Barang!$B$2:$B$10001, 0)), ""))} -> pcs | F54: 20 | G54: {=IF(C54="","", IFERROR(INDEX(Barang!$F$2:$F$10001, MATCH(C54, Barang!$B$2:$B$10001, 0)) * F54, ""))} -> 10000
B55: {=IF(C55="","", IFERROR(INDEX(Barang!$A$2:$A$10001, MATCH(C55, Barang!$B$2:$B$10001, 0)), "Tidak ditemukan"))} -> LDK001 | C55: Ladaku | D55: {=IF(C55="","", IFERROR(INDEX(Barang!$C$2:$C$10001, MATCH(C55, Barang!$B$2:$B$10001, 0)), ""))} -> Bumbu | E55: {=IF(C55="","", IFERROR(INDEX(Barang!$E$2:$E$10001, MATCH(C55, Barang!$B$2:$B$10001, 0)), ""))} -> pcs | F55: 33 | G55: {=IF(C55="","", IFERROR(INDEX(Barang!$F$2:$F$10001, MATCH(C55, Barang!$B$2:$B$10001, 0)) * F55, ""))} -> 33000
B56: {=IF(C56="","", IFERROR(INDEX(Barang!$A$2:$A$10001, MATCH(C56, Barang!$B$2:$B$10001, 0)), "Tidak ditemukan"))} -> DNY001 | C56: Downy | D56: {=IF(C56="","", IFERROR(INDEX(Barang!$C$2:$C$10001, MATCH(C56, Barang!$B$2:$B$10001, 0)), ""))} -> Detergen | E56: {=IF(C56="","", IFERROR(INDEX(Barang!$E$2:$E$10001, MATCH(C56, Barang!$B$2:$B$10001, 0)), ""))} -> pcs | F56: 20 | G56: {=IF(C56="","", IFERROR(INDEX(Barang!$F$2:$F$10001, MATCH(C56, Barang!$B$2:$B$10001, 0)) * F56, ""))} -> 10000
B57: {=IF(C57="","", IFERROR(INDEX(Barang!$A$2:$A$10001, MATCH(C57, Barang!$B$2:$B$10001, 0)), "Tidak ditemukan"))} -> CM001 | C57: Clevo milk | D57: {=IF(C57="","", IFERROR(INDEX(Barang!$C$2:$C$10001, MATCH(C57, Barang!$B$2:$B$10001, 0)), ""))} -> Minuman | E57: {=IF(C57="","", IFERROR(INDEX(Barang!$E$2:$E$10001, MATCH(C57, Barang!$B$2:$B$10001, 0)), ""))} -> pcs | F57: 29 | G57: {=IF(C57="","", IFERROR(INDEX(Barang!$F$2:$F$10001, MATCH(C57, Barang!$B$2:$B$10001, 0)) * F57, ""))} -> 87000
B58: {=IF(C58="","", IFERROR(INDEX(Barang!$A$2:$A$10001, MATCH(C58, Barang!$B$2:$B$10001, 0)), "Tidak ditemukan"))} -> GDY001 | C58: Good Day | D58: {=IF(C58="","", IFERROR(INDEX(Barang!$C$2:$C$10001, MATCH(C58, Barang!$B$2:$B$10001, 0)), ""))} -> Minuman | E58: {=IF(C58="","", IFERROR(INDEX(Barang!$E$2:$E$10001, MATCH(C58, Barang!$B$2:$B$10001, 0)), ""))} -> pcs | F58: 11 | G58: {=IF(C58="","", IFERROR(INDEX(Barang!$F$2:$F$10001, MATCH(C58, Barang!$B$2:$B$10001, 0)) * F58, ""))} -> 27500
... B60: {=IF(C60="","", IFERROR(INDEX(Barang!$A$2:$A$10001, MATCH(C60, Barang!$B$2:$B$10001, 0)), "Tidak ditemukan"))} -> MKH001 | C60: Mie kuah | D60: {=IF(C60="","", IFERROR(INDEX(Barang!$C$2:$C$10001, MATCH(C60, Barang!$B$2:$B$10001, 0)), ""))} -> Makanan | E60: {=IF(C60="","", IFERROR(INDEX(Barang!$E$2:$E$10001, MATCH(C60, Barang!$B$2:$B$10001, 0)), ""))} -> pcs | F60: 40 | G60: {=IF(C60="","", IFERROR(INDEX(Barang!$F$2:$F$10001, MATCH(C60, Barang!$B$2:$B$10001, 0)) * F60, ""))} -> 140000
B61: {=IF(C61="","", IFERROR(INDEX(Barang!$A$2:$A$10001, MATCH(C61, Barang!$B$2:$B$10001, 0)), "Tidak ditemukan"))} -> MGR001 | C61: Mie goreng | D61: {=IF(C61="","", IFERROR(INDEX(Barang!$C$2:$C$10001, MATCH(C61, Barang!$B$2:$B$10001, 0)), ""))} -> Makanan | E61: {=IF(C61="","", IFERROR(INDEX(Barang!$E$2:$E$10001, MATCH(C61, Barang!$B$2:$B$10001, 0)), ""))} -> pcs | F61: 67 | G61: {=IF(C61="","", IFERROR(INDEX(Barang!$F$2:$F$10001, MATCH(C61, Barang!$B$2:$B$10001, 0)) * F61, ""))} -> 234500 | I61: =SUM(G46:G61) -> 933000
A62: 46027 | B62: {=IF(C62="","", IFERROR(INDEX(Barang!$A$2:$A$10001, MATCH(C62, Barang!$B$2:$B$10001, 0)), "Tidak ditemukan"))} -> RTG001 | C62: Roti gery | D62: {=IF(C62="","", IFERROR(INDEX(Barang!$C$2:$C$10001, MATCH(C62, Barang!$B$2:$B$10001, 0)), ""))} -> Makanan | E62: {=IF(C62="","", IFERROR(INDEX(Barang!$E$2:$E$10001, MATCH(C62, Barang!$B$2:$B$10001, 0)), ""))} -> pcs | F62: 22 | G62: {=IF(C62="","", IFERROR(INDEX(Barang!$F$2:$F$10001, MATCH(C62, Barang!$B$2:$B$10001, 0)) * F62, ""))} -> 55000
B63: {=IF(C63="","", IFERROR(INDEX(Barang!$A$2:$A$10001, MATCH(C63, Barang!$B$2:$B$10001, 0)), "Tidak ditemukan"))} -> GRR001 | C63: Goriorio | D63: {=IF(C63="","", IFERROR(INDEX(Barang!$C$2:$C$10001, MATCH(C63, Barang!$B$2:$B$10001, 0)), ""))} -> Makanan | E63: {=IF(C63="","", IFERROR(INDEX(Barang!$E$2:$E$10001, MATCH(C63, Barang!$B$2:$B$10001, 0)), ""))} -> pcs | F63: 21 | G63: {=IF(C63="","", IFERROR(INDEX(Barang!$F$2:$F$10001, MATCH(C63, Barang!$B$2:$B$10001, 0)) * F63, ""))} -> 10500
B64: {=IF(C64="","", IFERROR(INDEX(Barang!$A$2:$A$10001, MATCH(C64, Barang!$B$2:$B$10001, 0)), "Tidak ditemukan"))} -> CL1001 | C64: Chocolatos 1000 | D64: {=IF(C64="","", IFERROR(INDEX(Barang!$C$2:$C$10001, MATCH(C64, Barang!$B$2:$B$10001, 0)), ""))} -> Makanan | E64: {=IF(C64="","", IFERROR(INDEX(Barang!$E$2:$E$10001, MATCH(C64, Barang!$B$2:$B$10001, 0)), ""))} -> pcs | F64: 36 | G64: {=IF(C64="","", IFERROR(INDEX(Barang!$F$2:$F$10001, MATCH(C64, Barang!$B$2:$B$10001, 0)) * F64, ""))} -> 36000
B65: {=IF(C65="","", IFERROR(INDEX(Barang!$A$2:$A$10001, MATCH(C65, Barang!$B$2:$B$10001, 0)), "Tidak ditemukan"))} -> SNK001 | C65: Snack | D65: {=IF(C65="","", IFERROR(INDEX(Barang!$C$2:$C$10001, MATCH(C65, Barang!$B$2:$B$10001, 0)), ""))} -> Makanan | E65: {=IF(C65="","", IFERROR(INDEX(Barang!$E$2:$E$10001, MATCH(C65, Barang!$B$2:$B$10001, 0)), ""))} -> pcs | F65: 28 | G65: {=IF(C65="","", IFERROR(INDEX(Barang!$F$2:$F$10001, MATCH(C65, Barang!$B$2:$B$10001, 0)) * F65, ""))} -> 56000
B66: {=IF(C66="","", IFERROR(INDEX(Barang!$A$2:$A$10001, MATCH(C66, Barang!$B$2:$B$10001, 0)), "Tidak ditemukan"))} -> RTP001 | C66: Roti pia | D66: {=IF(C66="","", IFERROR(INDEX(Barang!$C$2:$C$10001, MATCH(C66, Barang!$B$2:$B$10001, 0)), ""))} -> Makanan | E66: {=IF(C66="","", IFERROR(INDEX(Barang!$E$2:$E$10001, MATCH(C66, Barang!$B$2:$B$10001, 0)), ""))} -> pcs | F66: 18 | G66: {=IF(C66="","", IFERROR(INDEX(Barang!$F$2:$F$10001, MATCH(C66, Barang!$B$2:$B$10001, 0)) * F66, ""))} -> 36000
B67: {=IF(C67="","", IFERROR(INDEX(Barang!$A$2:$A$10001, MATCH(C67, Barang!$B$2:$B$10001, 0)), "Tidak ditemukan"))} -> RDR001 | C67: Roma durian | D67: {=IF(C67="","", IFERROR(INDEX(Barang!$C$2:$C$10001, MATCH(C67, Barang!$B$2:$B$10001, 0)), ""))} -> Makanan | E67: {=IF(C67="","", IFERROR(INDEX(Barang!$E$2:$E$10001, MATCH(C67, Barang!$B$2:$B$10001, 0)), ""))} -> pcs | F67: 10 | G67: {=IF(C67="","", IFERROR(INDEX(Barang!$F$2:$F$10001, MATCH(C67, Barang!$B$2:$B$10001, 0)) * F67, ""))} -> 90000
B68: {=IF(C68="","", IFERROR(INDEX(Barang!$A$2:$A$10001, MATCH(C68, Barang!$B$2:$B$10001, 0)), "Tidak ditemukan"))} -> BRS1 | C68: beras 1kg | D68: {=IF(C68="","", IFERROR(INDEX(Barang!$C$2:$C$10001, MATCH(C68, Barang!$B$2:$B$10001, 0)), ""))} -> Sembako | E68: {=IF(C68="","", IFERROR(INDEX(Barang!$E$2:$E$10001, MATCH(C68, Barang!$B$2:$B$10001, 0)), ""))} -> kg | F68: 20 | G68: {=IF(C68="","", IFERROR(INDEX(Barang!$F$2:$F$10001, MATCH(C68, Barang!$B$2:$B$10001, 0)) * F68, ""))} -> 290000
B69: {=IF(C69="","", IFERROR(INDEX(Barang!$A$2:$A$10001, MATCH(C69, Barang!$B$2:$B$10001, 0)), "Tidak ditemukan"))} -> RCK001 | C69: Racik | D69: {=IF(C69="","", IFERROR(INDEX(Barang!$C$2:$C$10001, MATCH(C69, Barang!$B$2:$B$10001, 0)), ""))} -> Bumbu | E69: {=IF(C69="","", IFERROR(INDEX(Barang!$E$2:$E$10001, MATCH(C69, Barang!$B$2:$B$10001, 0)), ""))} -> pcs | F69: 11 | G69: {=IF(C69="","", IFERROR(INDEX(Barang!$F$2:$F$10001, MATCH(C69, Barang!$B$2:$B$10001, 0)) * F69, ""))} -> 22000
B70: {=IF(C70="","", IFERROR(INDEX(Barang!$A$2:$A$10001, MATCH(C70, Barang!$B$2:$B$10001, 0)), "Tidak ditemukan"))} -> TLR2 | C70: Telur 1/2 | D70: {=IF(C70="","", IFERROR(INDEX(Barang!$C$2:$C$10001, MATCH(C70, Barang!$B$2:$B$10001, 0)), ""))} -> Sembako | E70: {=IF(C70="","", IFERROR(INDEX(Barang!$E$2:$E$10001, MATCH(C70, Barang!$B$2:$B$10001, 0)), ""))} -> kg | F70: 20 | G70: {=IF(C70="","", IFERROR(INDEX(Barang!$F$2:$F$10001, MATCH(C70, Barang!$B$2:$B$10001, 0)) * F70, ""))} -> 310000
B71: {=IF(C71="","", IFERROR(INDEX(Barang!$A$2:$A$10001, MATCH(C71, Barang!$B$2:$B$10001, 0)), "Tidak ditemukan"))} -> MGR001 | C71: Mie goreng | D71: {=IF(C71="","", IFERROR(INDEX(Barang!$C$2:$C$10001, MATCH(C71, Barang!$B$2:$B$10001, 0)), ""))} -> Makanan | E71: {=IF(C71="","", IFERROR(INDEX(Barang!$E$2:$E$10001, MATCH(C71, Barang!$B$2:$B$10001, 0)), ""))} -> pcs | F71: 77 | G71: {=IF(C71="","", IFERROR(INDEX(Barang!$F$2:$F$10001, MATCH(C71, Barang!$B$2:$B$10001, 0)) * F71, ""))} -> 269500
B72: {=IF(C72="","", IFERROR(INDEX(Barang!$A$2:$A$10001, MATCH(C72, Barang!$B$2:$B$10001, 0)), "Tidak ditemukan"))} -> SG10.001 | C72: Sari gandum 10 | D72: {=IF(C72="","", IFERROR(INDEX(Barang!$C$2:$C$10001, MATCH(C72, Barang!$B$2:$B$10001, 0)), ""))} -> Makanan | E72: {=IF(C72="","", IFERROR(INDEX(Barang!$E$2:$E$10001, MATCH(C72, Barang!$B$2:$B$10001, 0)), ""))} -> pcs | F72: 20 | G72: {=IF(C72="","", IFERROR(INDEX(Barang!$F$2:$F$10001, MATCH(C72, Barang!$B$2:$B$10001, 0)) * F72, ""))} -> 200000 | I72: =SUM(G62:G72) -> 1375000
A73: 46028 | B73: {=IF(C73="","", IFERROR(INDEX(Barang!$A$2:$A$10001, MATCH(C73, Barang!$B$2:$B$10001, 0)), "Tidak ditemukan"))} -> TLR1 | C73: Telur 1kg | D73: {=IF(C73="","", IFERROR(INDEX(Barang!$C$2:$C$10001, MATCH(C73, Barang!$B$2:$B$10001, 0)), ""))} -> Sembako | E73: {=IF(C73="","", IFERROR(INDEX(Barang!$E$2:$E$10001, MATCH(C73, Barang!$B$2:$B$10001, 0)), ""))} -> kg | F73: 13 | G73: {=IF(C73="","", IFERROR(INDEX(Barang!$F$2:$F$10001, MATCH(C73, Barang!$B$2:$B$10001, 0)) * F73, ""))} -> 403000
B74: {=IF(C74="","", IFERROR(INDEX(Barang!$A$2:$A$10001, MATCH(C74, Barang!$B$2:$B$10001, 0)), "Tidak ditemukan"))} -> CL1001 | C74: Chocolatos 1000 | D74: {=IF(C74="","", IFERROR(INDEX(Barang!$C$2:$C$10001, MATCH(C74, Barang!$B$2:$B$10001, 0)), ""))} -> Makanan | E74: {=IF(C74="","", IFERROR(INDEX(Barang!$E$2:$E$10001, MATCH(C74, Barang!$B$2:$B$10001, 0)), ""))} -> pcs | F74: 22 | G74: {=IF(C74="","", IFERROR(INDEX(Barang!$F$2:$F$10001, MATCH(C74, Barang!$B$2:$B$10001, 0)) * F74, ""))} -> 22000
B75: {=IF(C75="","", IFERROR(INDEX(Barang!$A$2:$A$10001, MATCH(C75, Barang!$B$2:$B$10001, 0)), "Tidak ditemukan"))} -> TGJ001 | C75: Tepung jempol | D75: {=IF(C75="","", IFERROR(INDEX(Barang!$C$2:$C$10001, MATCH(C75, Barang!$B$2:$B$10001, 0)), ""))} -> Bumbu | E75: {=IF(C75="","", IFERROR(INDEX(Barang!$E$2:$E$10001, MATCH(C75, Barang!$B$2:$B$10001, 0)), ""))} -> pcs | F75: 31 | G75: {=IF(C75="","", IFERROR(INDEX(Barang!$F$2:$F$10001, MATCH(C75, Barang!$B$2:$B$10001, 0)) * F75, ""))} -> 93000
B76: {=IF(C76="","", IFERROR(INDEX(Barang!$A$2:$A$10001, MATCH(C76, Barang!$B$2:$B$10001, 0)), "Tidak ditemukan"))} -> KCP001 | C76: Kecap | D76: {=IF(C76="","", IFERROR(INDEX(Barang!$C$2:$C$10001, MATCH(C76, Barang!$B$2:$B$10001, 0)), ""))} -> Bumbu | E76: {=IF(C76="","", IFERROR(INDEX(Barang!$E$2:$E$10001, MATCH(C76, Barang!$B$2:$B$10001, 0)), ""))} -> pcs | F76: 20 | G76: {=IF(C76="","", IFERROR(INDEX(Barang!$F$2:$F$10001, MATCH(C76, Barang!$B$2:$B$10001, 0)) * F76, ""))} -> 40000
B77: {=IF(C77="","", IFERROR(INDEX(Barang!$A$2:$A$10001, MATCH(C77, Barang!$B$2:$B$10001, 0)), "Tidak ditemukan"))} -> BB001 | C77: Bambo | D77: {=IF(C77="","", IFERROR(INDEX(Barang!$C$2:$C$10001, MATCH(C77, Barang!$B$2:$B$10001, 0)), ""))} -> Bumbu | E77: {=IF(C77="","", IFERROR(INDEX(Barang!$E$2:$E$10001, MATCH(C77, Barang!$B$2:$B$10001, 0)), ""))} -> pcs | F77: 10 | G77: {=IF(C77="","", IFERROR(INDEX(Barang!$F$2:$F$10001, MATCH(C77, Barang!$B$2:$B$10001, 0)) * F77, ""))} -> 30000
B78: {=IF(C78="","", IFERROR(INDEX(Barang!$A$2:$A$10001, MATCH(C78, Barang!$B$2:$B$10001, 0)), "Tidak ditemukan"))} -> TGJ02 | C78: Tepung Kanji 1/4 | D78: {=IF(C78="","", IFERROR(INDEX(Barang!$C$2:$C$10001, MATCH(C78, Barang!$B$2:$B$10001, 0)), ""))} -> Bumbu | E78: {=IF(C78="","", IFERROR(INDEX(Barang!$E$2:$E$10001, MATCH(C78, Barang!$B$2:$B$10001, 0)), ""))} -> kg | F78: 21 | G78: {=IF(C78="","", IFERROR(INDEX(Barang!$F$2:$F$10001, MATCH(C78, Barang!$B$2:$B$10001, 0)) * F78, ""))} -> 73500
B79: {=IF(C79="","", IFERROR(INDEX(Barang!$A$2:$A$10001, MATCH(C79, Barang!$B$2:$B$10001, 0)), "Tidak ditemukan"))} -> MSK001 | C79: Masako | D79: {=IF(C79="","", IFERROR(INDEX(Barang!$C$2:$C$10001, MATCH(C79, Barang!$B$2:$B$10001, 0)), ""))} -> Bumbu | E79: {=IF(C79="","", IFERROR(INDEX(Barang!$E$2:$E$10001, MATCH(C79, Barang!$B$2:$B$10001, 0)), ""))} -> pcs | F79: 30 | G79: {=IF(C79="","", IFERROR(INDEX(Barang!$F$2:$F$10001, MATCH(C79, Barang!$B$2:$B$10001, 0)) * F79, ""))} -> 15000
B80: {=IF(C80="","", IFERROR(INDEX(Barang!$A$2:$A$10001, MATCH(C80, Barang!$B$2:$B$10001, 0)), "Tidak ditemukan"))} -> CLP001 | C80: Chocolatos pillow | D80: {=IF(C80="","", IFERROR(INDEX(Barang!$C$2:$C$10001, MATCH(C80, Barang!$B$2:$B$10001, 0)), ""))} -> Makanan | E80: {=IF(C80="","", IFERROR(INDEX(Barang!$E$2:$E$10001, MATCH(C80, Barang!$B$2:$B$10001, 0)), ""))} -> pcs | F80: 36 | G80: {=IF(C80="","", IFERROR(INDEX(Barang!$F$2:$F$10001, MATCH(C80, Barang!$B$2:$B$10001, 0)) * F80, ""))} -> 72000
B81: {=IF(C81="","", IFERROR(INDEX(Barang!$A$2:$A$10001, MATCH(C81, Barang!$B$2:$B$10001, 0)), "Tidak ditemukan"))} -> RTG001 | C81: Roti gery | D81: {=IF(C81="","", IFERROR(INDEX(Barang!$C$2:$C$10001, MATCH(C81, Barang!$B$2:$B$10001, 0)), ""))} -> Makanan | E81: {=IF(C81="","", IFERROR(INDEX(Barang!$E$2:$E$10001, MATCH(C81, Barang!$B$2:$B$10001, 0)), ""))} -> pcs | F81: 20 | G81: {=IF(C81="","", IFERROR(INDEX(Barang!$F$2:$F$10001, MATCH(C81, Barang!$B$2:$B$10001, 0)) * F81, ""))} -> 50000
B82: {=IF(C82="","", IFERROR(INDEX(Barang!$A$2:$A$10001, MATCH(C82, Barang!$B$2:$B$10001, 0)), "Tidak ditemukan"))} -> GDY001 | C82: Good Day | D82: {=IF(C82="","", IFERROR(INDEX(Barang!$C$2:$C$10001, MATCH(C82, Barang!$B$2:$B$10001, 0)), ""))} -> Minuman | E82: {=IF(C82="","", IFERROR(INDEX(Barang!$E$2:$E$10001, MATCH(C82, Barang!$B$2:$B$10001, 0)), ""))} -> pcs | F82: 16 | G82: {=IF(C82="","", IFERROR(INDEX(Barang!$F$2:$F$10001, MATCH(C82, Barang!$B$2:$B$10001, 0)) * F82, ""))} -> 40000
B83: {=IF(C83="","", IFERROR(INDEX(Barang!$A$2:$A$10001, MATCH(C83, Barang!$B$2:$B$10001, 0)), "Tidak ditemukan"))} -> TRS001 | C83: Terasi | D83: {=IF(C83="","", IFERROR(INDEX(Barang!$C$2:$C$10001, MATCH(C83, Barang!$B$2:$B$10001, 0)), ""))} -> Bumbu | E83: {=IF(C83="","", IFERROR(INDEX(Barang!$E$2:$E$10001, MATCH(C83, Barang!$B$2:$B$10001, 0)), ""))} -> pcs | F83: 17 | G83: {=IF(C83="","", IFERROR(INDEX(Barang!$F$2:$F$10001, MATCH(C83, Barang!$B$2:$B$10001, 0)) * F83, ""))} -> 8500
B84: {=IF(C84="","", IFERROR(INDEX(Barang!$A$2:$A$10001, MATCH(C84, Barang!$B$2:$B$10001, 0)), "Tidak ditemukan"))} -> KGK001 | C84: Kingkong | D84: {=IF(C84="","", IFERROR(INDEX(Barang!$C$2:$C$10001, MATCH(C84, Barang!$B$2:$B$10001, 0)), ""))} -> obat nyamuk | E84: {=IF(C84="","", IFERROR(INDEX(Barang!$E$2:$E$10001, MATCH(C84, Barang!$B$2:$B$10001, 0)), ""))} -> pcs | F84: 20 | G84: {=IF(C84="","", IFERROR(INDEX(Barang!$F$2:$F$10001, MATCH(C84, Barang!$B$2:$B$10001, 0)) * F84, ""))} -> 100000 | I84: =SUM(G73:G84) -> 947000
A85: 46029 | B85: {=IF(C85="","", IFERROR(INDEX(Barang!$A$2:$A$10001, MATCH(C85, Barang!$B$2:$B$10001, 0)), "Tidak ditemukan"))} -> IDM002 | C85: Indomilk | D85: {=IF(C85="","", IFERROR(INDEX(Barang!$C$2:$C$10001, MATCH(C85, Barang!$B$2:$B$10001, 0)), ""))} -> Minuman | E85: {=IF(C85="","", IFERROR(INDEX(Barang!$E$2:$E$10001, MATCH(C85, Barang!$B$2:$B$10001, 0)), ""))} -> pcs | F85: 27 | G85: {=IF(C85="","", IFERROR(INDEX(Barang!$F$2:$F$10001, MATCH(C85, Barang!$B$2:$B$10001, 0)) * F85, ""))} -> 40500
B86: {=IF(C86="","", IFERROR(INDEX(Barang!$A$2:$A$10001, MATCH(C86, Barang!$B$2:$B$10001, 0)), "Tidak ditemukan"))} -> TLR1 | C86: telur 1kg | D86: {=IF(C86="","", IFERROR(INDEX(Barang!$C$2:$C$10001, MATCH(C86, Barang!$B$2:$B$10001, 0)), ""))} -> Sembako | E86: {=IF(C86="","", IFERROR(INDEX(Barang!$E$2:$E$10001, MATCH(C86, Barang!$B$2:$B$10001, 0)), ""))} -> kg | F86: 17 | G86: {=IF(C86="","", IFERROR(INDEX(Barang!$F$2:$F$10001, MATCH(C86, Barang!$B$2:$B$10001, 0)) * F86, ""))} -> 527000
B87: {=IF(C87="","", IFERROR(INDEX(Barang!$A$2:$A$10001, MATCH(C87, Barang!$B$2:$B$10001, 0)), "Tidak ditemukan"))} -> TLR2 | C87: telur 1/2 | D87: {=IF(C87="","", IFERROR(INDEX(Barang!$C$2:$C$10001, MATCH(C87, Barang!$B$2:$B$10001, 0)), ""))} -> Sembako | E87: {=IF(C87="","", IFERROR(INDEX(Barang!$E$2:$E$10001, MATCH(C87, Barang!$B$2:$B$10001, 0)), ""))} -> kg | F87: 10 | G87: {=IF(C87="","", IFERROR(INDEX(Barang!$F$2:$F$10001, MATCH(C87, Barang!$B$2:$B$10001, 0)) * F87, ""))} -> 155000
B88: {=IF(C88="","", IFERROR(INDEX(Barang!$A$2:$A$10001, MATCH(C88, Barang!$B$2:$B$10001, 0)), "Tidak ditemukan"))} -> KCP001 | C88: Kecap | D88: {=IF(C88="","", IFERROR(INDEX(Barang!$C$2:$C$10001, MATCH(C88, Barang!$B$2:$B$10001, 0)), ""))} -> Bumbu | E88: {=IF(C88="","", IFERROR(INDEX(Barang!$E$2:$E$10001, MATCH(C88, Barang!$B$2:$B$10001, 0)), ""))} -> pcs | F88: 20 | G88: {=IF(C88="","", IFERROR(INDEX(Barang!$F$2:$F$10001, MATCH(C88, Barang!$B$2:$B$10001, 0)) * F88, ""))} -> 40000
B89: {=IF(C89="","", IFERROR(INDEX(Barang!$A$2:$A$10001, MATCH(C89, Barang!$B$2:$B$10001, 0)), "Tidak ditemukan"))} -> KPH001 | C89: Kopi hitam | D89: {=IF(C89="","", IFERROR(INDEX(Barang!$C$2:$C$10001, MATCH(C89, Barang!$B$2:$B$10001, 0)), ""))} -> Minuman | E89: {=IF(C89="","", IFERROR(INDEX(Barang!$E$2:$E$10001, MATCH(C89, Barang!$B$2:$B$10001, 0)), ""))} -> pcs | F89: 54 | G89: {=IF(C89="","", IFERROR(INDEX(Barang!$F$2:$F$10001, MATCH(C89, Barang!$B$2:$B$10001, 0)) * F89, ""))} -> 54000
B90: {=IF(C90="","", IFERROR(INDEX(Barang!$A$2:$A$10001, MATCH(C90, Barang!$B$2:$B$10001, 0)), "Tidak ditemukan"))} -> RTG001 | C90: Roti gery | D90: {=IF(C90="","", IFERROR(INDEX(Barang!$C$2:$C$10001, MATCH(C90, Barang!$B$2:$B$10001, 0)), ""))} -> Makanan | E90: {=IF(C90="","", IFERROR(INDEX(Barang!$E$2:$E$10001, MATCH(C90, Barang!$B$2:$B$10001, 0)), ""))} -> pcs | F90: 22 | G90: {=IF(C90="","", IFERROR(INDEX(Barang!$F$2:$F$10001, MATCH(C90, Barang!$B$2:$B$10001, 0)) * F90, ""))} -> 55000 | I90: =SUM(G85:G90) -> 871500
A91: 46030 | B91: {=IF(C91="","", IFERROR(INDEX(Barang!$A$2:$A$10001, MATCH(C91, Barang!$B$2:$B$10001, 0)), "Tidak ditemukan"))} -> GSB002 | C91: Gery salut besar | D91: {=IF(C91="","", IFERROR(INDEX(Barang!$C$2:$C$10001, MATCH(C91, Barang!$B$2:$B$10001, 0)), ""))} -> Makanan | E91: {=IF(C91="","", IFERROR(INDEX(Barang!$E$2:$E$10001, MATCH(C91, Barang!$B$2:$B$10001, 0)), ""))} -> pcs | F91: 30 | G91: {=IF(C91="","", IFERROR(INDEX(Barang!$F$2:$F$10001, MATCH(C91, Barang!$B$2:$B$10001, 0)) * F91, ""))} -> 195000
B92: {=IF(C92="","", IFERROR(INDEX(Barang!$A$2:$A$10001, MATCH(C92, Barang!$B$2:$B$10001, 0)), "Tidak ditemukan"))} -> BPT1 | C92: B. putih 1/4 | D92: {=IF(C92="","", IFERROR(INDEX(Barang!$C$2:$C$10001, MATCH(C92, Barang!$B$2:$B$10001, 0)), ""))} -> Rempah | E92: {=IF(C92="","", IFERROR(INDEX(Barang!$E$2:$E$10001, MATCH(C92, Barang!$B$2:$B$10001, 0)), ""))} -> kg | F92: 3 | G92: {=IF(C92="","", IFERROR(INDEX(Barang!$F$2:$F$10001, MATCH(C92, Barang!$B$2:$B$10001, 0)) * F92, ""))} -> 25500
B93: {=IF(C93="","", IFERROR(INDEX(Barang!$A$2:$A$10001, MATCH(C93, Barang!$B$2:$B$10001, 0)), "Tidak ditemukan"))} -> RYC001 | C93: Royco | D93: {=IF(C93="","", IFERROR(INDEX(Barang!$C$2:$C$10001, MATCH(C93, Barang!$B$2:$B$10001, 0)), ""))} -> Bumbu | E93: {=IF(C93="","", IFERROR(INDEX(Barang!$E$2:$E$10001, MATCH(C93, Barang!$B$2:$B$10001, 0)), ""))} -> pcs | F93: 30 | G93: {=IF(C93="","", IFERROR(INDEX(Barang!$F$2:$F$10001, MATCH(C93, Barang!$B$2:$B$10001, 0)) * F93, ""))} -> 15000
B94: {=IF(C94="","", IFERROR(INDEX(Barang!$A$2:$A$10001, MATCH(C94, Barang!$B$2:$B$10001, 0)), "Tidak ditemukan"))} -> GRM01 | C94: Garam | D94: {=IF(C94="","", IFERROR(INDEX(Barang!$C$2:$C$10001, MATCH(C94, Barang!$B$2:$B$10001, 0)), ""))} -> Bumbu | E94: {=IF(C94="","", IFERROR(INDEX(Barang!$E$2:$E$10001, MATCH(C94, Barang!$B$2:$B$10001, 0)), ""))} -> pcs | F94: 34 | G94: {=IF(C94="","", IFERROR(INDEX(Barang!$F$2:$F$10001, MATCH(C94, Barang!$B$2:$B$10001, 0)) * F94, ""))} -> 85000
B95: {=IF(C95="","", IFERROR(INDEX(Barang!$A$2:$A$10001, MATCH(C95, Barang!$B$2:$B$10001, 0)), "Tidak ditemukan"))} -> MGR001 | C95: Mie goreng | D95: {=IF(C95="","", IFERROR(INDEX(Barang!$C$2:$C$10001, MATCH(C95, Barang!$B$2:$B$10001, 0)), ""))} -> Makanan | E95: {=IF(C95="","", IFERROR(INDEX(Barang!$E$2:$E$10001, MATCH(C95, Barang!$B$2:$B$10001, 0)), ""))} -> pcs | F95: 20 | G95: {=IF(C95="","", IFERROR(INDEX(Barang!$F$2:$F$10001, MATCH(C95, Barang!$B$2:$B$10001, 0)) * F95, ""))} -> 70000
