Workbook

Sheet Barang
A1: Kode Barang | B1: Nama Barang | C1: Kategori | D1: Supplier | E1: Satuan | F1: Harga
A2: SKB001 | B2: Soklin bubuk | C2: Detergen | E2: pcs | F2: 5000
A3: YP500 | B3: Yupi 500 | C3: Makanan | E3: pcs | F3: 500
A4: BPT1 | B4: B. putih 1/4 | C4: Rempah | E4: kg | F4: 8500
A5: TGP002 | B5: Tepung peyek | C5: Bumbu | E5: pcs | F5: 1000
A6: IDM002 | B6: Indomilk | C6: Minuman | D6: Sp | E6: pcs | F6: 1500
A7: CLB001 | B7: Chocolatos bubuk | C7: Minuman | E7: pcs | F7: 2500
A8: CL5001 | B8: Chocolatos 500 | C8: Makanan | E8: pcs | F8: 500
A9: LML002 | B9: Le mineral | C9: Minuman | E9: btl | F9: 19000
A10: GL1001 | B10: Gula 1kg | C10: Sembako | E10: kg | F10: 16500
A11: GRM01 | B11: Garam | C11: Bumbu | E11: pcs | F11: 2500
A12: PLS002 | B12: Pilus | C12: Makanan | E12: pcs | F12: 1000
A13: GSL002 | B13: Garuda slondok | C13: Makanan | E13: pcs | F13: 2000
A14: TSP001 | B14: Tisu Peony | C14: Tissue | E14: pcs | F14: 7000
A15: GSB002 | B15: Gery salut besar | C15: Makanan | E15: pcs | F15: 6500
A16: SCB002 | B16: Scoth brite | C16: Spon | E16: pcs | F16: 3500
A17: MBK002 | B17: Mie baked | C17: Makanan | E17: pcs | F17: 3000
A18: RTP001 | B18: Roti Pia | C18: Makanan | E18: pcs | F18: 2000
A19: RYC001 | B19: Royco | C19: Bumbu | D19: Sp | E19: pcs | F19: 500
A20: THD001 | B20: Teh Dandang | C20: Minuman | E20: pcs | F20: 2000
A21: RSB001 | B21: Rinso Bubuk | C21: Detergen | E21: pcs | F21: 5000
A22: PT1/4 | B22: Plastik 1/4 | C22: Plastik | E22: kg | F22: 2000
A23: PT1/2 | B23: Plastik 1/2 | C23: Plastik | E23: kg | F23: 3500
A24: PT1001 | B24: Plastik 1kg | C24: Plastik | E24: kg | F24: 5000
A25: KSK001 | B25: Kresek | C25: Plastik | E25: pack | F25: 4000
A26: GRA001 | B26: Garuda Atom | C26: Makanan | E26: pcs | F26: 2000
A27: DLN001 | B27: Dilan 1000 | C27: Makanan | E27: pcs | F27: 1000
A28: YP1001 | B28: Yupi 1000 | C28: Makanan | E28: pcs | F28: 1000
A29: LFB001 | B29: Lifebouy | C29: Sabun | E29: pcs | F29: 6000
A30: MGR001 | B30: Mie goreng | C30: Makanan | E30: pcs | F30: 3500
A31: MKH001 | B31: Mie kuah | C31: Makanan | E31: pcs | F31: 3500
... A67: PT001 | B67: Petis 1/4 | C67: Bumbu | E67: kg | F67: 25000
B68: Petis 1/2 | C68: Bumbu | E68: kg | F68: 50000
B69: Petis 1kg | C69: Bumbu | E69: kg | F69: 60000
A70: MSK001 | B70: Masako | C70: Bumbu | E70: pcs | F70: 500
A71: MKE001 | B71: Mie eko | C71: Makanan | E71: pcs | F71: 2500
A72: SNC001 | B72: Sunco 1L | C72: Minyak | E72: Liter | F72: 21000
A73: SNK001 | B73: Snack | C73: Makanan | E73: pcs | F73: 2000
A74: DLC001 | B74: Dilan cookies | C74: Makanan | E74: pcs | F74: 1000
A75: TLA001 | B75: Tolak angin | C75: Minuman | E75: pcs | F75: 5000
A76: GDL001 | B76: GoodDay latte | C76: Minuman | E76: pcs | F76: 2000
A77: QTL001 | B77: Qtela | C77: Makanan | E77: pcs | F77: 2000
A78: GPK001 | B78: Gopek | C78: Makanan | E78: pcs | F78: 2000
A79: MLK01 | B79: Malkist kecil | C79: Makanan | E79: pcs | F79: 1000
A80: KB001 | B80: Kuah bakso | C80: Bumbu | E80: pcs | F80: 500
A81: LDK001 | B81: Ladaku | C81: Bumbu | E81: pcs | F81: 1000
... A97: TL002 | B97: Telur 2. 1/2 | C97: Sembako | E97: kg | F97: 14500
B98: Telur 2. 1/4 | C98: Sembako | E98: kg | F98: 29000
A99: PT1/4.T | B99: Plastik 1/4 tebal | C99: Plastik | E99: kg | F99: 10000
A100: BBG001 | B100: Bubble gum | C100: Makanan | E100: pcs | F100: 1000
A101: SG2001 | B101: Sari gandum 2 | C101: Makanan | E101: pcs | F101: 2000
A102: SG7001 | B102: Sari gandum 7 | C102: Makanan | E102: pcs | F102: 7500
A103: MRS001 | B103: Mie Ricies | C103: Makanan | E103: pcs | F103: 2500
A104: RDR001 | B104: Roma Durian | C104: Makanan | E104: pcs | F104: 9000
A105: CHR001 | B105: Charm softex | C105: Pembalut | E105: pcs | F105: 7500
A106: KGA001 | B106: Kopi gula aren | C106: Minuman | E106: pcs | F106: 2000
A107: STT001 | B107: Satelit | C107: Makanan | E107: pcs | F107: 4500
A108: PLP001 | B108: Pilus POP | C108: Makanan | E108: pcs | F108: 2000
A109: CLP001 | B109: Chocolatos pillow | C109: Makanan | E109: pcs | F109: 2000
A110: RTG001 | B110: Roti Gery | C110: Makanan | E110: pcs | F110: 2500
... A321: VLP001 | B321: Value pack | C321: Makanan | E321: pack | F321: 13000

Sheet 2024
A1: Tanggal | B1: Kode Barang | C1: Nama Barang | D1: Kategori | E1: Satuan | F1: Jual | G1: Harga Jual | H1: Stok Awal | I1: Column 1 | J1: Tanggal | K1: Kode Barang | L1: Nama Barang | M1: Kategori | N1: Satuan | O1: Kulak | P1: Harga Jual | Q1: Harga Kulak | R1: Stok Akhir | S1: Minimal Stok | T1: Supplier
A2: 45292 | B2: BCB001 | C2: Boncabe | D2: Bumbu | E2: bungkus | F2: 2 | G2: 2000 | J2: 45292 | K2: BCB001 | L2: Boncabe | M2: Bumbu | N2: bungkus | O2: 12 | Q2: 20000 | R2: 10 | S2: - | T2: -
B3: MSK001 | C3: Masako | D3: Bumbu | E3: bungkus | F3: 2 | G3: 1000 | K3: MSK001 | L3: Masako | M3: Bumbu | N3: bungkus | O3: 36 | Q3: 14000 | R3: 58 | S3: - | T3: -
B4: IDM001 | C4: Indomilk | D4: Minuman | E4: bungkus | F4: 1 | G4: 2000 | K4: IDM001 | L4: Indomilk | M4: Minuman | N4: bungkus | O4: 70 | Q4: 77000 | R4: 59 | S4: - | T4: -
B5: NTS001 | C5: Nutrisari | D5: Minuman | E5: bungkus | F5: 3 | G5: 4500 | K5: NTS001 | L5: Nutrisari | M5: Minuman | N5: bungkus | O5: 60 | Q5: 75000 | R5: 57 | S5: - | T5: -
B6: DNY001 | C6: Downy | D6: Detergen | E6: bungkus | F6: 2 | G6: 1000 | K6: DN001 | L6: Downy | M6: Detergen | N6: bungkus | O6: 36 | Q6: 15000 | R6: 82 | S6: - | T6: -
B7: CLS001 | C7: Chocolatos | D7: Makanan | E7: bungkus | F7: 2 | G7: 2000 | K7: CCS001 | L7: Chocolatos | M7: Makanan | N7: bungkus | O7: 192 | Q7: 304000 | R7: 190 | S7: - | T7: -
B8: MCN001 | C8: Micin | D8: Bumbu | E8: bungkus | F8: 1 | G8: 1000 | K8: MCN001 | L8: Micin | M8: Bumbu | N8: bungkus | O8: 20 | Q8: 18500 | R8: 19 | S8: - | T8: -
B9: GDY001 | C9: GoodDay | D9: Minuman | E9: bungkus | F9: 1 | G9: 2000 | K9: GDY001 | L9: GoodDay | M9: Minuman | N9: bungkus | O9: 40 | Q9: 72000 | R9: 39 | S9: - | T9: -
B10: TLR001 | C10: Telur | D10: Sembako | E10: kilo | F10: 1 | G10: 27000 | K10: TLR001 | L10: Telur | M10: Sembako | N10: kilo | O10: 10 | Q10: 285000 | R10: 9 | S10: - | T10: -
A11: 45293 | B11: UBM001 | C11: Biskuit UBM | D11: Makanan | E11: bungkus | F11: 1 | G11: 10000 | J11: 45293 | K11: UBM001 | L11: Mari UBM | M11: Makanan | N11: bungkus | R11: -1 | S11: - | T11: -
B12: TGO001 | C12: Tanggo | D12: Makanan | E12: bungkus | F12: 1 | G12: 2000 | K12: TGO001 | L12: Tanggo | M12: Makanan | N12: bungkus | R12: -1 | S12: - | T12: -
B13: CCS001 | C13: Chocolatos | D13: Makanan | E13: bungkus | F13: 1 | G13: 1000 | K13: CCS001 | L13: Chocolatos | M13: Makanan | N13: bungkus | O13: 120 | Q13: 60000 | R13: 119 | S13: - | T13: -
B14: GRM001 | C14: Garam | D14: Bumbu | E14: bungkus | F14: 1 | G14: 2500 | K14: GRM001 | L14: Garam | M14: Bumbu | N14: bungkus | O14: 40 | Q14: 67000 | R14: 39 | S14: - | T14: -
B15: RYC001 | C15: Royco | D15: Bumbu | E15: bungkus | F15: 4 | G15: 2000 | K15: RYC001 | L15: Royco | M15: Bumbu | N15: bungkus | O15: 36 | Q15: 14500 | R15: -4 | S15: - | T15: -
B16: KP001 | C16: Kopi | D16: Minuman | E16: bungkus | F16: 10 | G16: 5500 | K16: KP001 | L16: Kopi k.a | M16: Minuman | N16: bungkus | R16: -10 | S16: - | T16: -
B17: MKH001 | C17: Mie kuah | D17: Makanan | E17: bungkus | F17: 1 | G17: 3000 | K17: MKH001 | L17: Mie kuah | M17: Makanan | N17: bungkus | O17: 20 | Q17: 53000 | R17: 19 | S17: - | T17: -
B18: CLB001 | C18: Chocolatos bubuk | D18: Minuman | E18: bungkus | F18: 1 | G18: 2000 | K18: CCSB001 | L18: Chocolatos bubuk | M18: Minuman | N18: bungkus | O18: 20 | Q18: 35000 | R18: 19 | S18: - | T18: -
B19: GL001 | C19: Gula | D19: Sembako | E19: kilo | F19: 1 | G19: 16000 | K19: GL001 | L19: Gula | M19: Sembako | N19: kilo | O19: 10 | Q19: 125000 | R19: 9 | S19: - | T19: -
B20: NTS001 | C20: Nutrisari | D20: Minuman | E20: bungkus | F20: 3 | G20: 4500 | K20: NTS001 | L20: Nutrisari | M20: Minuman | N20: bungkus | O20: 70 | Q20: 84000 | R20: -3 | S20: - | T20: -
B21: STN001 | C21: Santan | D21: Bumbu | E21: bungkus | F21: 1 | G21: 3000 | K21: STN001 | L21: Santan | M21: Bumbu | N21: bungkus | R21: -1 | S21: - | T21: -
B22: TLR001 | C22: Telur | D22: Sembako | E22: kilo | F22: 45689 | G22: 14000 | K22: TLR001 | L22: Telur | M22: Sembako | N22: kilo | O22: 10 | Q22: 282000 | R22: 26/11 | S22: - | T22: -
B23: GDY001 | C23: GoodDay | D23: Minuman | E23: bungkus | F23: 1 | G23: 2000 | K23: GDY001 | L23: GoodDay | M23: Minuman | N23: bungkus | O23: 20 | Q23: 42000 | R23: 19 | S23: - | T23: -
B24: PLS001 | C24: Pilus garuda | D24: Makanan | E24: bungkus | F24: 4 | G24: 4000 | K24: PLS001 | L24: Pilus garuda | M24: Makanan | N24: bungkus | O24: 20 | Q24: 16000 | R24: -4 | S24: - | T24: -
B25: PYP001 | C25: Permen Yupi | D25: Makanan | E25: bungkus | F25: 2 | G25: 2000 | K25: PYP001 | L25: Permen Yupi | M25: Makanan | N25: bungkus | O25: 288 | Q25: 120000 | R25: 286 | S25: - | T25: -
A26: 45294 | B26: RCK001 | C26: Racik | D26: Bumbu | E26: bungkus | F26: 1 | G26: 2000 | J26: 45294 | K26: RCK001 | L26: Racik | M26: Bumbu | N26: bungkus | O26: 20 | Q26: 33000 | R26: 19 | S26: - | T26: -
B27: KRS001 | C27: Kara Santan | D27: Bumbu | E27: bungkus | F27: 1 | G27: 3500 | K27: KRS001 | L27: Kara Santan | M27: Bumbu | N27: bungkus | O27: 15 | Q27: 86500 | R27: 14 | S27: - | T27: -
B28: MSK001 | C28: Masako | D28: Bumbu | E28: bungkus | F28: 1 | G28: 500 | K28: MSK001 | L28: Masako | M28: Bumbu | N28: bungkus | O28: 72 | Q28: 27000 | R28: 71 | S28: - | T28: -
B29: LDB001 | C29: Lada Bubuk | D29: Bumbu | E29: bungkus | F29: 1 | G29: 1000 | K29: LDB001 | L29: Lada Bubuk | M29: Bumbu | N29: bungkus | R29: -1 | S29: - | T29: -
B30: BPT001 | C30: Bawang Putih | D30: Bumbu | E30: kilo | F30: 45748 | G30: 8500 | K30: BPT001 | L30: Bawang Putih | M30: Rempah | N30: kilo | O30: 2 | Q30: 76000 | R30: 30/9 | S30: - | T30: -
B31: PYP001 | C31: Permen Yupi | D31: Makanan | E31: bungkus | F31: 8 | G31: 4000 | K31: PYP001 | L31: Permen Yupi | M31: Makanan | N31: bungkus | O31: 288 | Q31: 120000 | R31: 280 | S31: - | T31: -
B32: MGR001 | C32: Mie Goreng | D32: Makanan | E32: bungkus | F32: 2 | G32: 7000 | K32: MGR001 | L32: Mie Goreng | M32: Makanan | N32: bungkus | O32: 20 | Q32: 56000 | R32: 18 | S32: - | T32: -
B33: MPD001 | C33: Mie Panda | D33: Makanan | E33: bungkus | F33: 1 | G33: 5000 | K33: MPD001 | L33: Mie Panda | M33: Makanan | N33: bungkus | R33: -1 | S33: - | T33: -
B34: TPG001 | C34: Tepung Geprek | D34: Bumbu mix | E34: bungkus | F34: 1 | G34: 11000 | K34: TPG001 | L34: Tepung Geprek | M34: Bumbu mix | N34: bungkus | R34: -1 | S34: - | T34: -
B35: TPJ001 | C35: Tepung Jempol | D35: Bumbu mix | E35: bungkus | F35: 1 | G35: 3000 | K35: TPJ001 | L35: Tepung Jempol | M35: Bumbu mix | N35: bungkus | O35: 10 | Q35: 22000 | R35: 9 | S35: - | T35: -
B36: SDB001 | C36: Sedaap Bumbu | D36: Bumbu | E36: bungkus | F36: 3 | G36: 3000 | K36: SDPB001 | L36: Sedaap Bumbu | M36: Bumbu | N36: bungkus | O36: 192 | Q36: 304000 | R36: 189 | S36: - | T36: -
B37: CLS001 | C37: Chocolatos | D37: Makanan | E37: bungkus | F37: 2 | G37: 2000 | K37: CCS001 | L37: Chocolatos | M37: Makanan | N37: bungkus | O37: 96 | Q37: 105000 | R37: 94 | S37: - | T37: -
B38: PLS001 | C38: Pilus garuda | D38: Makanan | E38: bungkus | F38: 1 | G38: 1000 | K38: PLS001 | L38: Pilus garuda | M38: Makanan | N38: bungkus | R38: -1 | S38: - | T38: -
B39: LMR001 | C39: Le mineral | D39: Minuman | E39: botol | F39: 1 | G39: 19000 | K39: LMR001 | L39: Le mineral | M39: Minuman | N39: botol | R39: -1 | S39: - | T39: -
B40: DTL001 | C40: Detol | D40: Sabun | E40: bungkus | F40: 1 | G40: 6000 | K40: DTL001 | L40: Detol | M40: Sabun | N40: bungkus | O40: 5 | Q40: 31500 | R40: 4 | S40: - | T40: -
A41: 45295 | B41: PTN001 | C41: Pantene | D41: Shampo | E41: bungkus | F41: 2 | G41: 2000 | J41: 45295 | K41: PTN001 | L41: Pantene | M41: Shampo | N41: bungkus | R41: -2 | S41: - | T41: -
B42: SBS001 | C42: Sabun Sayang | D42: Sabun | E42: bungkus | F42: 12 | G42: 6000 | K42: SBS001 | L42: Sabun Sayang | M42: Sabun | N42: bungkus | R42: -12 | S42: - | T42: -
B43: IDM001 | C43: Indomilk | D43: Minuman | E43: bungkus | F43: 6 | G43: 9000 | K43: IDM001 | L43: Indomilk | M43: Minuman | N43: bungkus | O43: 60 | Q43: 75000 | R43: 54 | S43: - | T43: -
B44: CLB001 | C44: Chocolatos Bubuk | D44: Minuman | E44: bungkus | F44: 3 | G44: 6000 | K44: CCB001 | L44: Chocolatos Bubuk | M44: Minuman | N44: bungkus | O44: 30 | Q44: 58500 | R44: 27 | S44: - | T44: -
B45: KGK001 | C45: Kingkong | D45: Obat nyamuk | E45: bungkus | F45: 1 | G45: 5000 | K45: OBN001 | L45: Obat Nyamuk | M45: Pestisida | N45: bungkus | O45: 5 | Q45: 35000 | R45: 4 | S45: - | T45: -
B46: PLS001 | C46: Pilus garuda | D46: Makanan | E46: bungkus | F46: 5 | G46: 5000 | K46: PLS001 | L46: Pilus garuda | M46: Makanan | N46: bungkus | O46: 60 | Q46: 49000 | R46: 55 | S46: - | T46: -
B47: CLS001 | C47: Chocolatos | D47: Makanan | E47: bungkus | F47: 4 | G47: 4000 | K47: CCS001 | L47: Chocolatos | M47: Makanan | N47: bungkus | O47: 72 | Q47: 56800 | R47: 68 | S47: - | T47: -
A48: 45296 | B48: BBT001 | C48: Biskuit Better | D48: Makanan | E48: bungkus | F48: 3 | G48: 6000 | J48: 45296 | K48: BBT001 | L48: Biskuit Better | M48: Makanan | N48: bungkus | R48: -3 | S48: - | T48: -
B49: BRS001 | C49: Beras | D49: Sembako | E49: kilo | F49: 4 | G49: 54000 | K49: BRS001 | L49: Beras | M49: Sembako | N49: kilo | O49: 25 | Q49: 910000 | R49: -1 | S49: - | T49: -
B50: TLR001 | C50: Telur | D50: Sembako | E50: kilo | F50: 45689 | G50: 14000 | K50: TLR001 | L50: Telur | M50: Sembako | N50: kilo | O50: 10 | Q50: 242000 | R50: 6/12 | S50: - | T50: -
B51: LFB001 | C51: Lifebouy | D51: Sabun | E51: bungkus | F51: 1 | G51: 4500 | K51: LFB001 | L51: Lifebouy | M51: Sabun | N51: bungkus | O51: 36 | Q51: 50000 | R51: 35 | S51: - | T51: -
B52: STB001 | C52: ScothBrite | D52: Sabut gosok | E52: bungkus | F52: 1 | G52: 4000 | K52: STB001 | L52: ScothBrite | M52: Sabut gosok | N52: bungkus | R52: -1 | S52: - | T52: -
B53: MKH001 | C53: Mie Kuah | D53: Makanan | E53: Bungkus | F53: 7 | G53: 21000 | K53: MKH001 | L53: Mie Kuah | M53: Makanan | N53: Bungkus | O53: 20 | Q53: 53000 | R53: 13 | S53: - | T53: -
B54: GRM001 | C54: Garam | D54: Bumbu | E54: bungkus | F54: 2 | G54: 5000 | K54: GRM001 | L54: Garam | M54: Bumbu | N54: bungkus | O54: 40 | Q54: 67000 | R54: 38 | S54: - | T54: -
B55: PYP001 | C55: Permen Yupi | D55: Makanan | E55: bungkus | F55: 2 | G55: 1000 | K55: PYP001 | L55: Permen Yupi | M55: Makanan | N55: bungkus | O55: 288 | Q55: 120000 | R55: 286 | S55: - | T55: -
B56: GTG001 | C56: Gentlegen | D56: Detergen | E56: botol | F56: 1 | G56: 10000 | K56: GTG001 | L56: Gentlegen | M56: Detergen | N56: botol | O56: 3 | Q56: 53700 | R56: 2 | S56: - | T56: -
B57: GTG001 | C57: Gentlegen kecil | D57: Detergen | E57: bungkus | F57: 3 | G57: 3000 | K57: GTG001 | L57: Gentlegen kecil | M57: Detergen | N57: bungkus | R57: -3 | S57: - | T57: -
B58: MKB001 | C58: Malkist Besar | D58: Makanan | E58: bungkus | F58: 2 | G58: 6500 | K58: MKB001 | L58: Malkist Besar | M58: Makanan | N58: bungkus | O58: 6 | Q58: 42500 | R58: 4 | S58: - | T58: -
B59: MKK001 | C59: Malkist kecil | D59: Makanan | E59: bungkus | F59: 1 | G59: 1000 | K59: MKK001 | L59: Malkist kecil | M59: Makanan | N59: bungkus | R59: -1 | S59: - | T59: -
B60: MGR001 | C60: Mie Goreng | D60: Makanan | E60: bungkus | F60: 2 | G60: 7000 | K60: MGR001 | L60: Mie Goreng | M60: Makanan | N60: bungkus | O60: 20 | Q60: 56000 | R60: 18 | S60: - | T60: -
B61: THD001 | C61: Teh Dandang | D61: Minuman | E61: bungkus | F61: 2 | G61: 4000 | K61: THD001 | L61: Teh Dandang | M61: Minuman | N61: bungkus | O61: 20 | Q61: 38000 | R61: 18 | S61: - | T61: -
B62: RYC001 | C62: Royco | D62: Bumbu | E62: bungkus | F62: 2 | G62: 1000 | K62: RYC001 | L62: Royco | M62: Bumbu | N62: bungkus | O62: 72 | Q62: 14000 | R62: 70 | S62: - | T62: -
B63: PTN001 | C63: Pantene | D63: Shampo | E63: bungkus | F63: 3 | G63: 3000 | K63: PTN001 | L63: Pantene | M63: Shampo | N63: bungkus | R63: -3 | S63: - | T63: -
B64: SCR005 | C64: Sabun Carsen | D64: Sabun | E64: bungkus | F64: 1 | G64: 4500 | K64: SCR001 | L64: Sabun Carsen | M64: Sabun | N64: bungkus | R64: -1 | S64: - | T64: -
B65: NTS001 | C65: Nutrisari | D65: Minuman | E65: bungkus | F65: 1 | G65: 1500 | K65: NTS001 | L65: Nutrisari | M65: Minuman | N65: bungkus | O65: 50 | Q65: 65000 | R65: 49 | S65: - | T65: -
A66: 45297 | B66: MKB001 | C66: Malkist besar | D66: Makanan | E66: bungkus | F66: 1 | G66: 6500 | J66: 45297 | K66: MKB001 | L66: Malkist besar | M66: Makanan | N66: bungkus | R66: =H66-F66+O66 -> -1 | S66: - | T66: -
B67: MKK001 | C67: Malkist kecil | D67: Makanan | E67: bungkus | F67: 2 | G67: 2000 | K67: MKK001 | L67: Malkist kecil | M67: Makanan | N67: bungkus | R67: =H67-F67+O67 -> -2 | S67: - | T67: -
B68: SOI001 | C68: Saori | D68: Bumbu | E68: bungkus | F68: 1 | G68: 2500 | K68: SOI001 | L68: Saori | M68: Bumbu | N68: bungkus | R68: =H68-F68+O68 -> -1 | S68: - | T68: -
B69: LDK001 | C69: Ladaku | D69: Bumbu | E69: bungkus | F69: 2 | G69: 2000 | K69: LDK001 | L69: Ladaku | M69: Bumbu | N69: bungkus | R69: =H69-F69+O69 -> -2 | S69: - | T69: -
B70: BB001 | C70: Bambo | D70: Bumbu | E70: bungkus | F70: 2 | G70: 6000 | K70: BMB001 | L70: Bambo | M70: Bumbu | N70: bungkus | R70: =H70-F70+O70 -> -2 | S70: - | T70: -
B71: UBM001 | C71: Biskuit UBM | D71: Makanan | E71: bungkus | F71: 1 | G71: 10000 | K71: UBM001 | L71: Biskuit UBM | M71: Makanan | N71: bungkus | R71: =H71-F71+O71 -> -1 | S71: - | T71: -
B72: BRK001 | C72: Biskuit Roma | D72: Makanan | E72: bungkus | F72: 1 | G72: 8500 | K72: BRK001 | L72: Biskuit Roma | M72: Makanan | N72: bungkus | R72: =H72-F72+O72 -> -1 | S72: - | T72: -
B73: GL001 | C73: Gula | D73: Campur | E73: kilo | F73: 1 | G73: 16000 | K73: GL001 | L73: Gula | M73: Campur | N73: kilo | R73: =H73-F73+O73 -> -1 | S73: - | T73: -
B74: BNJ001 | C74: Bihun Jagung | D74: Makanan | E74: bungkus | F74: 1 | G74: 7000 | K74: BNJ001 | L74: Bihun Jagung | M74: Makanan | N74: bungkus | R74: =H74-F74+O74 -> -1 | S74: - | T74: -
B75: KCG001 | C75: Kacang | D75: Makanan | E75: bungkus | F75: 1 | G75: 3500 | K75: KCG001 | L75: Kacang | M75: Makanan | N75: bungkus | R75: =H75-F75+O75 -> -1 | S75: - | T75: -
B76: KP001 | C76: Kopi k.a | D76: Minuman | E76: bungkus | F76: 10 | G76: 5500 | K76: KPH001 | L76: Kopi hitam | M76: Minuman | N76: bungkus | R76: =H76-F76+O76 -> -10 | S76: - | T76: -
B77: SOI001 | C77: Saori | D77: Bumbu | E77: bungkus | F77: 1 | G77: 2500 | K77: SOI001 | L77: Saori | M77: Bumbu | N77: bungkus | R77: =H77-F77+O77 -> -1 | S77: - | T77: -
B78: RYC001 | C78: Royco | D78: Bumbu | E78: bungkus | F78: 3 | G78: 1500 | K78: RYC001 | L78: Royco | M78: Bumbu | N78: bungkus | R78: =H78-F78+O78 -> -3 | S78: - | T78: -
B79: MGR001 | C79: Mie Goreng | D79: Makanan | E79: bungkus | F79: 1 | G79: 3500 | K79: MGR001 | L79: Mie Goreng | M79: Makanan | N79: bungkus | R79: =H79-F79+O79 -> -1 | S79: - | T79: -
A80: 45298 | B80: TPJ001 | C80: Tepung Jempol | D80: Bumbu | E80: bungkus | F80: 1 | G80: 3000 | R80: =H80-F80+O80 -> -1 | S80: - | T80: -
B81: TPY001 | C81: Tepung Peyek | D81: Bumbu | E81: bungkus | F81: 1 | G81: 1000 | R81: =H81-F81+O81 -> -1 | S81: - | T81: -
B82: GRC001 | C82: Garuda Crunchy | D82: Makanan | E82: bungkus | F82: 2 | G82: 4000 | R82: =H82-F82+O82 -> -2 | S82: - | T82: -
B83: CLS001 | C83: Chocolatos | D83: Makanan | E83: bungkus | F83: 2 | G83: 2000 | R83: =H83-F83+O83 -> -2 | S83: - | T83: -
B84: DNT001 | C84: Donat | D84: Makanan | E84: bungkus | F84: 6 | G84: 3000 | R84: =H84-F84+O84 -> -6 | S84: - | T84: -
B85: PYP001 | C85: Permen Yupi | D85: Makanan | E85: bungkus | F85: 13 | G85: 6500 | R85: =H85-F85+O85 -> -13 | S85: - | T85: -
B86: GRM001 | C86: Garam | D86: Bumbu | E86: bungkus | F86: 2 | G86: 5000 | R86: =H86-F86+O86 -> -2 | S86: - | T86: -
B87: KPS001 | C87: Kerupuk seblak | D87: Makanan | E87: bungkus | F87: 6 | G87: 6000 | R87: =H87-F87+O87 -> -6 | S87: - | T87: -
B88: PLS001 | C88: Pilus | D88: Makanan | E88: bungkus | F88: 2 | G88: 4000 | R88: =H88-F88+O88 -> -2 | S88: - | T88: -
B89: BBG001 | C89: Buble gum | D89: Makanan | E89: bungkus | F89: 6 | G89: 3000 | R89: =H89-F89+O89 -> -6 | S89: - | T89: -
B90: MKB001 | C90: Malkist besar | D90: Makanan | E90: bungkus | F90: 2 | G90: 13000 | R90: =H90-F90+O90 -> -2 | S90: - | T90: -
B91: BSB001 | C91: Biskuit better | D91: Makanan | E91: bungkus | F91: 1 | G91: 2000 | R91: =H91-F91+O91 -> -1 | S91: - | T91: -
B92: MGG001 | C92: Maggi | D92: Bumbu | E92: bungkus | F92: 9 | G92: 6000 | R92: =H92-F92+O92 -> -9 | S92: - | T92: -
... B95: RMK001 | C95: Roma kelapa | D95: Makanan | E95: bungkus | F95: 1 | G95: 8500 | R95: =H95-F95+O95 -> -1 | S95: - | T95: -
A96: 45299 | B96: TLR001 | C96: Telur | D96: Sembako | E96: kg | F96: 1/2 , 1/2 | G96: 28000 | R96: =H96-F96+O96 -> #VALUE! | S96: - | T96: -
B97: BHN001 | C97: Bihun | D97: Makanan | E97: bungkus | F97: 1 | G97: 7000 | R97: =H97-F97+O97 -> -1 | S97: - | T97: -
B98: BKB001 | C98: Biskuit better | D98: Makanan | E98: bungkus | F98: 1 | G98: 2000 | R98: =H98-F98+O98 -> -1 | S98: - | T98: -
B99: KPP001 | C99: Kerupuk pedas | D99: Makanan | E99: bungkus | F99: 1 | G99: 5000 | R99: =H99-F99+O99 -> -1 | S99: - | T99: -
B100: BRS001 | C100: Beras | D100: Sembako | E100: kilo | F100: 5 | G100: 67500 | R100: =H100-F100+O100 -> -5 | S100: - | T100: -
B101: TPB001 | C101: Tepung beras | D101: Bumbu | E101: bungkus | F101: 1 | G101: 7500 | R101: =H101-F101+O101 -> -1 | S101: - | T101: -
B102: KRS001 | C102: Kara santan | D102: bumbu | E102: bungkus | F102: 1 | G102: 3500 | R102: =H102-F102+O102 -> -1 | S102: - | T102: -
...

Sheet 2025
A1: Tanggal | B1: Kode Barang | C1: Nama Barang | D1: Kategori | E1: Satuan | F1: Jual | G1: Harga Jual | H1: Stok Awal | J1: Tanggal | K1: Kode Barang | L1: Nama Barang | M1: Kategori | N1: Satuan | O1: Kulak | P1: Harga Jual | Q1: Harga Kulak | R1: Stok Akhir | S1: Minimal Stok | T1: Supplier
A2: 45938 | B2: ADS001 | C2: Adem Sari | D2: Minuman | E2: pcs | F2: 1 | G2: 2500 | K2: {=IF(L2="","", IFERROR(INDEX(Barang!$A$2:$A$10001, MATCH(L2, Barang!$B$2:$B$10001, 0)), "Tidak ditemukan"))} | M2: {=IF(L2="","", IFERROR(INDEX(Barang!$C$2:$C$10001, MATCH(L2, Barang!$B$2:$B$10001, 0)), ""))} | N2: {=IF(L2="","", IFERROR(INDEX(Barang!$E$2:$E$10001, MATCH(L2, Barang!$B$2:$B$10001, 0)), ""))} | P2: {=IF(L2="","", IFERROR(INDEX(Barang!$F$2:$F$10001, MATCH(L2, Barang!$B$2:$B$10001, 0)) * O2, ""))} | S2: - | T2: -
B3: {=IF(C3="","", IFERROR(INDEX(Barang!$A$2:$A$10001, MATCH(C3, Barang!$B$2:$B$10001, 0)), "Tidak ditemukan"))} -> TPL2 | C3: Tropical 2Lt | D3: {=IF(C3="","", IFERROR(INDEX(Barang!$C$2:$C$10001, MATCH(C3, Barang!$B$2:$B$10001, 0)), ""))} -> Minyak | E3: {=IF(C3="","", IFERROR(INDEX(Barang!$E$2:$E$10001, MATCH(C3, Barang!$B$2:$B$10001, 0)), ""))} -> Liter | F3: 1 | G3: {=IF(C3="","", IFERROR(INDEX(Barang!$F$2:$F$10001, MATCH(C3, Barang!$B$2:$B$10001, 0)) * F3, ""))} -> 40000 | K3: {=IF(L3="","", IFERROR(INDEX(Barang!$A$2:$A$10001, MATCH(L3, Barang!$B$2:$B$10001, 0)), "Tidak ditemukan"))} | M3: {=IF(L3="","", IFERROR(INDEX(Barang!$C$2:$C$10001, MATCH(L3, Barang!$B$2:$B$10001, 0)), ""))} | N3: {=IF(L3="","", IFERROR(INDEX(Barang!$E$2:$E$10001, MATCH(L3, Barang!$B$2:$B$10001, 0)), ""))} | P3: {=IF(L3="","", IFERROR(INDEX(Barang!$F$2:$F$10001, MATCH(L3, Barang!$B$2:$B$10001, 0)) * O3, ""))} | S3: - | T3: -
B4: {=IF(C4="","", IFERROR(INDEX(Barang!$A$2:$A$10001, MATCH(C4, Barang!$B$2:$B$10001, 0)), "Tidak ditemukan"))} -> LFB001 | C4: Lifebouy | D4: {=IF(C4="","", IFERROR(INDEX(Barang!$C$2:$C$10001, MATCH(C4, Barang!$B$2:$B$10001, 0)), ""))} -> Sabun | E4: {=IF(C4="","", IFERROR(INDEX(Barang!$E$2:$E$10001, MATCH(C4, Barang!$B$2:$B$10001, 0)), ""))} -> pcs | F4: 1 | G4: {=IF(C4="","", IFERROR(INDEX(Barang!$F$2:$F$10001, MATCH(C4, Barang!$B$2:$B$10001, 0)) * F4, ""))} -> 6000 | K4: {=IF(L4="","", IFERROR(INDEX(Barang!$A$2:$A$10001, MATCH(L4, Barang!$B$2:$B$10001, 0)), "Tidak ditemukan"))} | M4: {=IF(L4="","", IFERROR(INDEX(Barang!$C$2:$C$10001, MATCH(L4, Barang!$B$2:$B$10001, 0)), ""))} | N4: {=IF(L4="","", IFERROR(INDEX(Barang!$E$2:$E$10001, MATCH(L4, Barang!$B$2:$B$10001, 0)), ""))} | P4: {=IF(L4="","", IFERROR(INDEX(Barang!$F$2:$F$10001, MATCH(L4, Barang!$B$2:$B$10001, 0)) * O4, ""))} | S4: - | T4: -
B5: {=IF(C5="","", IFERROR(INDEX(Barang!$A$2:$A$10001, MATCH(C5, Barang!$B$2:$B$10001, 0)), "Tidak ditemukan"))} -> TSP001 | C5: Tisu peony | D5: {=IF(C5="","", IFERROR(INDEX(Barang!$C$2:$C$10001, MATCH(C5, Barang!$B$2:$B$10001, 0)), ""))} -> Tissue | E5: {=IF(C5="","", IFERROR(INDEX(Barang!$E$2:$E$10001, MATCH(C5, Barang!$B$2:$B$10001, 0)), ""))} -> pcs | F5: 1 | G5: {=IF(C5="","", IFERROR(INDEX(Barang!$F$2:$F$10001, MATCH(C5, Barang!$B$2:$B$10001, 0)) * F5, ""))} -> 7000 | K5: {=IF(L5="","", IFERROR(INDEX(Barang!$A$2:$A$10001, MATCH(L5, Barang!$B$2:$B$10001, 0)), "Tidak ditemukan"))} | M5: {=IF(L5="","", IFERROR(INDEX(Barang!$C$2:$C$10001, MATCH(L5, Barang!$B$2:$B$10001, 0)), ""))} | N5: {=IF(L5="","", IFERROR(INDEX(Barang!$E$2:$E$10001, MATCH(L5, Barang!$B$2:$B$10001, 0)), ""))} | P5: {=IF(L5="","", IFERROR(INDEX(Barang!$F$2:$F$10001, MATCH(L5, Barang!$B$2:$B$10001, 0)) * O5, ""))} | S5: - | T5: -
B6: {=IF(C6="","", IFERROR(INDEX(Barang!$A$2:$A$10001, MATCH(C6, Barang!$B$2:$B$10001, 0)), "Tidak ditemukan"))} -> SAR001 | C6: Saori | D6: {=IF(C6="","", IFERROR(INDEX(Barang!$C$2:$C$10001, MATCH(C6, Barang!$B$2:$B$10001, 0)), ""))} -> Bumbu | E6: {=IF(C6="","", IFERROR(INDEX(Barang!$E$2:$E$10001, MATCH(C6, Barang!$B$2:$B$10001, 0)), ""))} -> pcs | F6: 1 | G6: {=IF(C6="","", IFERROR(INDEX(Barang!$F$2:$F$10001, MATCH(C6, Barang!$B$2:$B$10001, 0)) * F6, ""))} -> 3000 | K6: {=IF(L6="","", IFERROR(INDEX(Barang!$A$2:$A$10001, MATCH(L6, Barang!$B$2:$B$10001, 0)), "Tidak ditemukan"))} | M6: {=IF(L6="","", IFERROR(INDEX(Barang!$C$2:$C$10001, MATCH(L6, Barang!$B$2:$B$10001, 0)), ""))} | N6: {=IF(L6="","", IFERROR(INDEX(Barang!$E$2:$E$10001, MATCH(L6, Barang!$B$2:$B$10001, 0)), ""))} | P6: {=IF(L6="","", IFERROR(INDEX(Barang!$F$2:$F$10001, MATCH(L6, Barang!$B$2:$B$10001, 0)) * O6, ""))} | S6: - | T6: -
A7: 45939 | B7: {=IF(C7="","", IFERROR(INDEX(Barang!$A$2:$A$10001, MATCH(C7, Barang!$B$2:$B$10001, 0)), "Tidak ditemukan"))} -> TGJ001 | C7: Tepung Jempol | D7: Bumbu | E7: pcs | F7: 10 | G7: 30000 | K7: {=IF(L7="","", IFERROR(INDEX(Barang!$A$2:$A$10001, MATCH(L7, Barang!$B$2:$B$10001, 0)), "Tidak ditemukan"))} | M7: {=IF(L7="","", IFERROR(INDEX(Barang!$C$2:$C$10001, MATCH(L7, Barang!$B$2:$B$10001, 0)), ""))} | N7: {=IF(L7="","", IFERROR(INDEX(Barang!$E$2:$E$10001, MATCH(L7, Barang!$B$2:$B$10001, 0)), ""))} | P7: {=IF(L7="","", IFERROR(INDEX(Barang!$F$2:$F$10001, MATCH(L7, Barang!$B$2:$B$10001, 0)) * O7, ""))} | S7: - | T7: -
B8: {=IF(C8="","", IFERROR(INDEX(Barang!$A$2:$A$10001, MATCH(C8, Barang!$B$2:$B$10001, 0)), "Tidak ditemukan"))} -> MGR001 | C8: Mie Goreng | D8: Makanan | E8: pcs | F8: 40 | G8: 140000 | K8: {=IF(L8="","", IFERROR(INDEX(Barang!$A$2:$A$10001, MATCH(L8, Barang!$B$2:$B$10001, 0)), "Tidak ditemukan"))} | M8: {=IF(L8="","", IFERROR(INDEX(Barang!$C$2:$C$10001, MATCH(L8, Barang!$B$2:$B$10001, 0)), ""))} | N8: {=IF(L8="","", IFERROR(INDEX(Barang!$E$2:$E$10001, MATCH(L8, Barang!$B$2:$B$10001, 0)), ""))} | P8: {=IF(L8="","", IFERROR(INDEX(Barang!$F$2:$F$10001, MATCH(L8, Barang!$B$2:$B$10001, 0)) * O8, ""))} | S8: - | T8: -
B9: {=IF(C9="","", IFERROR(INDEX(Barang!$A$2:$A$10001, MATCH(C9, Barang!$B$2:$B$10001, 0)), "Tidak ditemukan"))} -> GL1001 | C9: Gula 1kg | D9: Bumbu | E9: kg | F9: 50 | G9: 825000 | K9: {=IF(L9="","", IFERROR(INDEX(Barang!$A$2:$A$10001, MATCH(L9, Barang!$B$2:$B$10001, 0)), "Tidak ditemukan"))} | M9: {=IF(L9="","", IFERROR(INDEX(Barang!$C$2:$C$10001, MATCH(L9, Barang!$B$2:$B$10001, 0)), ""))} | N9: {=IF(L9="","", IFERROR(INDEX(Barang!$E$2:$E$10001, MATCH(L9, Barang!$B$2:$B$10001, 0)), ""))} | P9: {=IF(L9="","", IFERROR(INDEX(Barang!$F$2:$F$10001, MATCH(L9, Barang!$B$2:$B$10001, 0)) * O9, ""))} | S9: - | T9: -
B10: {=IF(C10="","", IFERROR(INDEX(Barang!$A$2:$A$10001, MATCH(C10, Barang!$B$2:$B$10001, 0)), "Tidak ditemukan"))} -> RTP001 | C10: Roti Pia | D10: Makanan | E10: pcs | F10: 30 | G10: 60000 | K10: {=IF(L10="","", IFERROR(INDEX(Barang!$A$2:$A$10001, MATCH(L10, Barang!$B$2:$B$10001, 0)), "Tidak ditemukan"))} | M10: {=IF(L10="","", IFERROR(INDEX(Barang!$C$2:$C$10001, MATCH(L10, Barang!$B$2:$B$10001, 0)), ""))} | N10: {=IF(L10="","", IFERROR(INDEX(Barang!$E$2:$E$10001, MATCH(L10, Barang!$B$2:$B$10001, 0)), ""))} | P10: {=IF(L10="","", IFERROR(INDEX(Barang!$F$2:$F$10001, MATCH(L10, Barang!$B$2:$B$10001, 0)) * O10, ""))}
B11: {=IF(C11="","", IFERROR(INDEX(Barang!$A$2:$A$10001, MATCH(C11, Barang!$B$2:$B$10001, 0)), "Tidak ditemukan"))} -> SC001 | C11: Soklin Cair | D11: Sabun | E11: pcs | F11: 10 | G11: 90000 | K11: {=IF(L11="","", IFERROR(INDEX(Barang!$A$2:$A$10001, MATCH(L11, Barang!$B$2:$B$10001, 0)), "Tidak ditemukan"))} | M11: {=IF(L11="","", IFERROR(INDEX(Barang!$C$2:$C$10001, MATCH(L11, Barang!$B$2:$B$10001, 0)), ""))} | N11: {=IF(L11="","", IFERROR(INDEX(Barang!$E$2:$E$10001, MATCH(L11, Barang!$B$2:$B$10001, 0)), ""))} | P11: {=IF(L11="","", IFERROR(INDEX(Barang!$F$2:$F$10001, MATCH(L11, Barang!$B$2:$B$10001, 0)) * O11, ""))} | S11: - | T11: -
A12: 45940 | B12: {=IF(C12="","", IFERROR(INDEX(Barang!$A$2:$A$10001, MATCH(C12, Barang!$B$2:$B$10001, 0)), "Tidak ditemukan"))} -> BPT1 | C12: B. putih 1/4 | D12: Bumbu | E12: kg | F12: 20 | G12: 170000 | K12: {=IF(L12="","", IFERROR(INDEX(Barang!$A$2:$A$10001, MATCH(L12, Barang!$B$2:$B$10001, 0)), "Tidak ditemukan"))} | M12: {=IF(L12="","", IFERROR(INDEX(Barang!$C$2:$C$10001, MATCH(L12, Barang!$B$2:$B$10001, 0)), ""))} | N12: {=IF(L12="","", IFERROR(INDEX(Barang!$E$2:$E$10001, MATCH(L12, Barang!$B$2:$B$10001, 0)), ""))} | P12: {=IF(L12="","", IFERROR(INDEX(Barang!$F$2:$F$10001, MATCH(L12, Barang!$B$2:$B$10001, 0)) * O12, ""))} | S12: - | T12: -
B13: {=IF(C13="","", IFERROR(INDEX(Barang!$A$2:$A$10001, MATCH(C13, Barang!$B$2:$B$10001, 0)), "Tidak ditemukan"))} -> EKC001 | C13: Ekonomi Cair | D13: Sabun | E13: pcs | F13: 10 | G13: 90000 | K13: {=IF(L13="","", IFERROR(INDEX(Barang!$A$2:$A$10001, MATCH(L13, Barang!$B$2:$B$10001, 0)), "Tidak ditemukan"))} | M13: {=IF(L13="","", IFERROR(INDEX(Barang!$C$2:$C$10001, MATCH(L13, Barang!$B$2:$B$10001, 0)), ""))} | N13: {=IF(L13="","", IFERROR(INDEX(Barang!$E$2:$E$10001, MATCH(L13, Barang!$B$2:$B$10001, 0)), ""))} | P13: {=IF(L13="","", IFERROR(INDEX(Barang!$F$2:$F$10001, MATCH(L13, Barang!$B$2:$B$10001, 0)) * O13, ""))} | S13: - | T13: -
B14: {=IF(C14="","", IFERROR(INDEX(Barang!$A$2:$A$10001, MATCH(C14, Barang!$B$2:$B$10001, 0)), "Tidak ditemukan"))} -> STS | C14: Santan Sasa | D14: Bumbu | E14: pcs | F14: 10 | G14: 50000 | K14: {=IF(L14="","", IFERROR(INDEX(Barang!$A$2:$A$10001, MATCH(L14, Barang!$B$2:$B$10001, 0)), "Tidak ditemukan"))} | M14: {=IF(L14="","", IFERROR(INDEX(Barang!$C$2:$C$10001, MATCH(L14, Barang!$B$2:$B$10001, 0)), ""))} | N14: {=IF(L14="","", IFERROR(INDEX(Barang!$E$2:$E$10001, MATCH(L14, Barang!$B$2:$B$10001, 0)), ""))} | P14: {=IF(L14="","", IFERROR(INDEX(Barang!$F$2:$F$10001, MATCH(L14, Barang!$B$2:$B$10001, 0)) * O14, ""))} | S14: - | T14: -
B15: {=IF(C15="","", IFERROR(INDEX(Barang!$A$2:$A$10001, MATCH(C15, Barang!$B$2:$B$10001, 0)), "Tidak ditemukan"))} -> DSO001 | C15: Desaku Opor | D15: Bumbu | E15: pcs | F15: 10 | G15: 35000 | K15: {=IF(L15="","", IFERROR(INDEX(Barang!$A$2:$A$10001, MATCH(L15, Barang!$B$2:$B$10001, 0)), "Tidak ditemukan"))} | M15: {=IF(L15="","", IFERROR(INDEX(Barang!$C$2:$C$10001, MATCH(L15, Barang!$B$2:$B$10001, 0)), ""))} | N15: {=IF(L15="","", IFERROR(INDEX(Barang!$E$2:$E$10001, MATCH(L15, Barang!$B$2:$B$10001, 0)), ""))} | P15: {=IF(L15="","", IFERROR(INDEX(Barang!$F$2:$F$10001, MATCH(L15, Barang!$B$2:$B$10001, 0)) * O15, ""))} | S15: - | T15: -
B16: {=IF(C16="","", IFERROR(INDEX(Barang!$A$2:$A$10001, MATCH(C16, Barang!$B$2:$B$10001, 0)), "Tidak ditemukan"))} -> IDM002 | C16: Indomilk | D16: Minuman | E16: pcs | F16: 20 | G16: 180000 | K16: {=IF(L16="","", IFERROR(INDEX(Barang!$A$2:$A$10001, MATCH(L16, Barang!$B$2:$B$10001, 0)), "Tidak ditemukan"))} | M16: {=IF(L16="","", IFERROR(INDEX(Barang!$C$2:$C$10001, MATCH(L16, Barang!$B$2:$B$10001, 0)), ""))} | N16: {=IF(L16="","", IFERROR(INDEX(Barang!$E$2:$E$10001, MATCH(L16, Barang!$B$2:$B$10001, 0)), ""))} | P16: {=IF(L16="","", IFERROR(INDEX(Barang!$F$2:$F$10001, MATCH(L16, Barang!$B$2:$B$10001, 0)) * O16, ""))} | S16: - | T16: -
A17: 45941 | B17: {=IF(C17="","", IFERROR(INDEX(Barang!$A$2:$A$10001, MATCH(C17, Barang!$B$2:$B$10001, 0)), "Tidak ditemukan"))} -> MSK001 | C17: Masako | D17: Bumbu | E17: pcs | F17: 50 | G17: 20000 | K17: {=IF(L17="","", IFERROR(INDEX(Barang!$A$2:$A$10001, MATCH(L17, Barang!$B$2:$B$10001, 0)), "Tidak ditemukan"))} | M17: {=IF(L17="","", IFERROR(INDEX(Barang!$C$2:$C$10001, MATCH(L17, Barang!$B$2:$B$10001, 0)), ""))} | N17: {=IF(L17="","", IFERROR(INDEX(Barang!$E$2:$E$10001, MATCH(L17, Barang!$B$2:$B$10001, 0)), ""))} | P17: {=IF(L17="","", IFERROR(INDEX(Barang!$F$2:$F$10001, MATCH(L17, Barang!$B$2:$B$10001, 0)) * O17, ""))} | S17: - | T17: -
B18: {=IF(C18="","", IFERROR(INDEX(Barang!$A$2:$A$10001, MATCH(C18, Barang!$B$2:$B$10001, 0)), "Tidak ditemukan"))} -> KB001 | C18: Kuah Bakso | D18: Bumbu | E18: pcs | F18: 10 | G18: 5000 | K18: {=IF(L18="","", IFERROR(INDEX(Barang!$A$2:$A$10001, MATCH(L18, Barang!$B$2:$B$10001, 0)), "Tidak ditemukan"))} | M18: {=IF(L18="","", IFERROR(INDEX(Barang!$C$2:$C$10001, MATCH(L18, Barang!$B$2:$B$10001, 0)), ""))} | N18: {=IF(L18="","", IFERROR(INDEX(Barang!$E$2:$E$10001, MATCH(L18, Barang!$B$2:$B$10001, 0)), ""))} | P18: {=IF(L18="","", IFERROR(INDEX(Barang!$F$2:$F$10001, MATCH(L18, Barang!$B$2:$B$10001, 0)) * O18, ""))} | S18: - | T18: -
B19: {=IF(C19="","", IFERROR(INDEX(Barang!$A$2:$A$10001, MATCH(C19, Barang!$B$2:$B$10001, 0)), "Tidak ditemukan"))} -> TLR2 | C19: Telur 1/2 | D19: Makanan | E19: kg | F19: 10 | G19: 310000 | K19: {=IF(L19="","", IFERROR(INDEX(Barang!$A$2:$A$10001, MATCH(L19, Barang!$B$2:$B$10001, 0)), "Tidak ditemukan"))} | M19: {=IF(L19="","", IFERROR(INDEX(Barang!$C$2:$C$10001, MATCH(L19, Barang!$B$2:$B$10001, 0)), ""))} | N19: {=IF(L19="","", IFERROR(INDEX(Barang!$E$2:$E$10001, MATCH(L19, Barang!$B$2:$B$10001, 0)), ""))} | P19: {=IF(L19="","", IFERROR(INDEX(Barang!$F$2:$F$10001, MATCH(L19, Barang!$B$2:$B$10001, 0)) * O19, ""))} | S19: - | T19: -
A20: 45942 | B20: {=IF(C20="","", IFERROR(INDEX(Barang!$A$2:$A$10001, MATCH(C20, Barang!$B$2:$B$10001, 0)), "Tidak ditemukan"))} -> RTP001 | C20: Roti Pia | D20: Makanan | E20: pcs | F20: 20 | G20: 40000 | K20: {=IF(L20="","", IFERROR(INDEX(Barang!$A$2:$A$10001, MATCH(L20, Barang!$B$2:$B$10001, 0)), "Tidak ditemukan"))} | M20: {=IF(L20="","", IFERROR(INDEX(Barang!$C$2:$C$10001, MATCH(L20, Barang!$B$2:$B$10001, 0)), ""))} | N20: {=IF(L20="","", IFERROR(INDEX(Barang!$E$2:$E$10001, MATCH(L20, Barang!$B$2:$B$10001, 0)), ""))} | P20: {=IF(L20="","", IFERROR(INDEX(Barang!$F$2:$F$10001, MATCH(L20, Barang!$B$2:$B$10001, 0)) * O20, ""))} | S20: - | T20: -
B21: {=IF(C21="","", IFERROR(INDEX(Barang!$A$2:$A$10001, MATCH(C21, Barang!$B$2:$B$10001, 0)), "Tidak ditemukan"))} -> KB001 | C21: Kuah Bakso | D21: Bumbu | E21: pcs | F21: 10 | G21: 5000 | K21: {=IF(L21="","", IFERROR(INDEX(Barang!$A$2:$A$10001, MATCH(L21, Barang!$B$2:$B$10001, 0)), "Tidak ditemukan"))} | M21: {=IF(L21="","", IFERROR(INDEX(Barang!$C$2:$C$10001, MATCH(L21, Barang!$B$2:$B$10001, 0)), ""))} | N21: {=IF(L21="","", IFERROR(INDEX(Barang!$E$2:$E$10001, MATCH(L21, Barang!$B$2:$B$10001, 0)), ""))} | P21: {=IF(L21="","", IFERROR(INDEX(Barang!$F$2:$F$10001, MATCH(L21, Barang!$B$2:$B$10001, 0)) * O21, ""))} | S21: - | T21: -
B22: {=IF(C22="","", IFERROR(INDEX(Barang!$A$2:$A$10001, MATCH(C22, Barang!$B$2:$B$10001, 0)), "Tidak ditemukan"))} -> DLC001 | C22: Dilan Cookies | D22: Makanan | E22: pcs | F22: 24 | G22: 24000 | K22: {=IF(L22="","", IFERROR(INDEX(Barang!$A$2:$A$10001, MATCH(L22, Barang!$B$2:$B$10001, 0)), "Tidak ditemukan"))} | M22: {=IF(L22="","", IFERROR(INDEX(Barang!$C$2:$C$10001, MATCH(L22, Barang!$B$2:$B$10001, 0)), ""))} | N22: {=IF(L22="","", IFERROR(INDEX(Barang!$E$2:$E$10001, MATCH(L22, Barang!$B$2:$B$10001, 0)), ""))} | P22: {=IF(L22="","", IFERROR(INDEX(Barang!$F$2:$F$10001, MATCH(L22, Barang!$B$2:$B$10001, 0)) * O22, ""))} | S22: - | T22: -
B23: {=IF(C23="","", IFERROR(INDEX(Barang!$A$2:$A$10001, MATCH(C23, Barang!$B$2:$B$10001, 0)), "Tidak ditemukan"))} -> GRR001 | C23: Goriorio | D23: Makanan | E23: pcs | F23: 24 | G23: 12000 | K23: {=IF(L23="","", IFERROR(INDEX(Barang!$A$2:$A$10001, MATCH(L23, Barang!$B$2:$B$10001, 0)), "Tidak ditemukan"))} | M23: {=IF(L23="","", IFERROR(INDEX(Barang!$C$2:$C$10001, MATCH(L23, Barang!$B$2:$B$10001, 0)), ""))} | N23: {=IF(L23="","", IFERROR(INDEX(Barang!$E$2:$E$10001, MATCH(L23, Barang!$B$2:$B$10001, 0)), ""))} | P23: {=IF(L23="","", IFERROR(INDEX(Barang!$F$2:$F$10001, MATCH(L23, Barang!$B$2:$B$10001, 0)) * O23, ""))} | S23: - | T23: -
A24: 45943 | B24: {=IF(C24="","", IFERROR(INDEX(Barang!$A$2:$A$10001, MATCH(C24, Barang!$B$2:$B$10001, 0)), "Tidak ditemukan"))} -> GL1001 | C24: Gula 1kg | D24: Bumbu | E24: kg | F24: 50 | G24: 825000 | K24: {=IF(L24="","", IFERROR(INDEX(Barang!$A$2:$A$10001, MATCH(L24, Barang!$B$2:$B$10001, 0)), "Tidak ditemukan"))} | M24: {=IF(L24="","", IFERROR(INDEX(Barang!$C$2:$C$10001, MATCH(L24, Barang!$B$2:$B$10001, 0)), ""))} | N24: {=IF(L24="","", IFERROR(INDEX(Barang!$E$2:$E$10001, MATCH(L24, Barang!$B$2:$B$10001, 0)), ""))} | P24: {=IF(L24="","", IFERROR(INDEX(Barang!$F$2:$F$10001, MATCH(L24, Barang!$B$2:$B$10001, 0)) * O24, ""))} | S24: - | T24: -
B25: {=IF(C25="","", IFERROR(INDEX(Barang!$A$2:$A$10001, MATCH(C25, Barang!$B$2:$B$10001, 0)), "Tidak ditemukan"))} -> TLR2 | C25: Telur 1/2 | D25: Makanan | E25: kg | F25: 10 | G25: 310000 | K25: {=IF(L25="","", IFERROR(INDEX(Barang!$A$2:$A$10001, MATCH(L25, Barang!$B$2:$B$10001, 0)), "Tidak ditemukan"))} | M25: {=IF(L25="","", IFERROR(INDEX(Barang!$C$2:$C$10001, MATCH(L25, Barang!$B$2:$B$10001, 0)), ""))} | N25: {=IF(L25="","", IFERROR(INDEX(Barang!$E$2:$E$10001, MATCH(L25, Barang!$B$2:$B$10001, 0)), ""))} | P25: {=IF(L25="","", IFERROR(INDEX(Barang!$F$2:$F$10001, MATCH(L25, Barang!$B$2:$B$10001, 0)) * O25, ""))} | S25: - | T25: -
B26: {=IF(C26="","", IFERROR(INDEX(Barang!$A$2:$A$10001, MATCH(C26, Barang!$B$2:$B$10001, 0)), "Tidak ditemukan"))} -> THD001 | C26: Teh Dandang | D26: Minuman | E26: pcs | F26: 12 | G26: 24000 | K26: {=IF(L26="","", IFERROR(INDEX(Barang!$A$2:$A$10001, MATCH(L26, Barang!$B$2:$B$10001, 0)), "Tidak ditemukan"))} | M26: {=IF(L26="","", IFERROR(INDEX(Barang!$C$2:$C$10001, MATCH(L26, Barang!$B$2:$B$10001, 0)), ""))} | N26: {=IF(L26="","", IFERROR(INDEX(Barang!$E$2:$E$10001, MATCH(L26, Barang!$B$2:$B$10001, 0)), ""))} | P26: {=IF(L26="","", IFERROR(INDEX(Barang!$F$2:$F$10001, MATCH(L26, Barang!$B$2:$B$10001, 0)) * O26, ""))} | S26: - | T26: -
B27: {=IF(C27="","", IFERROR(INDEX(Barang!$A$2:$A$10001, MATCH(C27, Barang!$B$2:$B$10001, 0)), "Tidak ditemukan"))} -> KPH001 | C27: Kopi hitam | D27: Minuman | E27: pcs | F27: 24 | G27: 24000 | K27: {=IF(L27="","", IFERROR(INDEX(Barang!$A$2:$A$10001, MATCH(L27, Barang!$B$2:$B$10001, 0)), "Tidak ditemukan"))} | M27: {=IF(L27="","", IFERROR(INDEX(Barang!$C$2:$C$10001, MATCH(L27, Barang!$B$2:$B$10001, 0)), ""))} | N27: {=IF(L27="","", IFERROR(INDEX(Barang!$E$2:$E$10001, MATCH(L27, Barang!$B$2:$B$10001, 0)), ""))} | P27: {=IF(L27="","", IFERROR(INDEX(Barang!$F$2:$F$10001, MATCH(L27, Barang!$B$2:$B$10001, 0)) * O27, ""))} | S27: - | T27: -
B28: {=IF(C28="","", IFERROR(INDEX(Barang!$A$2:$A$10001, MATCH(C28, Barang!$B$2:$B$10001, 0)), "Tidak ditemukan"))} -> RPK001 | C28: Rapika | D28: Detergen | E28: pcs | F28: 10 | G28: 50000 | K28: {=IF(L28="","", IFERROR(INDEX(Barang!$A$2:$A$10001, MATCH(L28, Barang!$B$2:$B$10001, 0)), "Tidak ditemukan"))} | M28: {=IF(L28="","", IFERROR(INDEX(Barang!$C$2:$C$10001, MATCH(L28, Barang!$B$2:$B$10001, 0)), ""))} | N28: {=IF(L28="","", IFERROR(INDEX(Barang!$E$2:$E$10001, MATCH(L28, Barang!$B$2:$B$10001, 0)), ""))} | P28: {=IF(L28="","", IFERROR(INDEX(Barang!$F$2:$F$10001, MATCH(L28, Barang!$B$2:$B$10001, 0)) * O28, ""))} | S28: - | T28: -
B29: {=IF(C29="","", IFERROR(INDEX(Barang!$A$2:$A$10001, MATCH(C29, Barang!$B$2:$B$10001, 0)), "Tidak ditemukan"))} -> MSK001 | C29: Masako | D29: Bumbu | E29: pcs | F29: 20 | G29: 10000 | K29: {=IF(L29="","", IFERROR(INDEX(Barang!$A$2:$A$10001, MATCH(L29, Barang!$B$2:$B$10001, 0)), "Tidak ditemukan"))} | M29: {=IF(L29="","", IFERROR(INDEX(Barang!$C$2:$C$10001, MATCH(L29, Barang!$B$2:$B$10001, 0)), ""))} | N29: {=IF(L29="","", IFERROR(INDEX(Barang!$E$2:$E$10001, MATCH(L29, Barang!$B$2:$B$10001, 0)), ""))} | P29: {=IF(L29="","", IFERROR(INDEX(Barang!$F$2:$F$10001, MATCH(L29, Barang!$B$2:$B$10001, 0)) * O29, ""))} | S29: - | T29: -
A30: 45944 | B30: {=IF(C30="","", IFERROR(INDEX(Barang!$A$2:$A$10001, MATCH(C30, Barang!$B$2:$B$10001, 0)), "Tidak ditemukan"))} -> MGR001 | C30: Mie Goreng | D30: Makanan | E30: pcs | F30: 40 | G30: 140000 | K30: {=IF(L30="","", IFERROR(INDEX(Barang!$A$2:$A$10001, MATCH(L30, Barang!$B$2:$B$10001, 0)), "Tidak ditemukan"))} | M30: {=IF(L30="","", IFERROR(INDEX(Barang!$C$2:$C$10001, MATCH(L30, Barang!$B$2:$B$10001, 0)), ""))} | N30: {=IF(L30="","", IFERROR(INDEX(Barang!$E$2:$E$10001, MATCH(L30, Barang!$B$2:$B$10001, 0)), ""))} | P30: {=IF(L30="","", IFERROR(INDEX(Barang!$F$2:$F$10001, MATCH(L30, Barang!$B$2:$B$10001, 0)) * O30, ""))} | S30: - | T30: -
B31: {=IF(C31="","", IFERROR(INDEX(Barang!$A$2:$A$10001, MATCH(C31, Barang!$B$2:$B$10001, 0)), "Tidak ditemukan"))} -> MKH001 | C31: Mie Kuah | D31: Makanan | E31: pcs | F31: 40 | G31: 120000 | K31: {=IF(L31="","", IFERROR(INDEX(Barang!$A$2:$A$10001, MATCH(L31, Barang!$B$2:$B$10001, 0)), "Tidak ditemukan"))} | M31: {=IF(L31="","", IFERROR(INDEX(Barang!$C$2:$C$10001, MATCH(L31, Barang!$B$2:$B$10001, 0)), ""))} | N31: {=IF(L31="","", IFERROR(INDEX(Barang!$E$2:$E$10001, MATCH(L31, Barang!$B$2:$B$10001, 0)), ""))} | P31: {=IF(L31="","", IFERROR(INDEX(Barang!$F$2:$F$10001, MATCH(L31, Barang!$B$2:$B$10001, 0)) * O31, ""))} | S31: - | T31: -
B32: {=IF(C32="","", IFERROR(INDEX(Barang!$A$2:$A$10001, MATCH(C32, Barang!$B$2:$B$10001, 0)), "Tidak ditemukan"))} -> KB001 | C32: Kuah Bakso | D32: Bumbu | E32: pcs | F32: 10 | G32: 5000 | K32: {=IF(L32="","", IFERROR(INDEX(Barang!$A$2:$A$10001, MATCH(L32, Barang!$B$2:$B$10001, 0)), "Tidak ditemukan"))} | M32: {=IF(L32="","", IFERROR(INDEX(Barang!$C$2:$C$10001, MATCH(L32, Barang!$B$2:$B$10001, 0)), ""))} | N32: {=IF(L32="","", IFERROR(INDEX(Barang!$E$2:$E$10001, MATCH(L32, Barang!$B$2:$B$10001, 0)), ""))} | P32: {=IF(L32="","", IFERROR(INDEX(Barang!$F$2:$F$10001, MATCH(L32, Barang!$B$2:$B$10001, 0)) * O32, ""))} | S32: - | T32: -
B33: {=IF(C33="","", IFERROR(INDEX(Barang!$A$2:$A$10001, MATCH(C33, Barang!$B$2:$B$10001, 0)), "Tidak ditemukan"))} -> TPL2 | C33: Tropical 2Lt | D33: Sembako | E33: pcs | F33: 20 | G33: 800000 | K33: {=IF(L33="","", IFERROR(INDEX(Barang!$A$2:$A$10001, MATCH(L33, Barang!$B$2:$B$10001, 0)), "Tidak ditemukan"))} | M33: {=IF(L33="","", IFERROR(INDEX(Barang!$C$2:$C$10001, MATCH(L33, Barang!$B$2:$B$10001, 0)), ""))} | N33: {=IF(L33="","", IFERROR(INDEX(Barang!$E$2:$E$10001, MATCH(L33, Barang!$B$2:$B$10001, 0)), ""))} | P33: {=IF(L33="","", IFERROR(INDEX(Barang!$F$2:$F$10001, MATCH(L33, Barang!$B$2:$B$10001, 0)) * O33, ""))} | S33: - | T33: -
B34: {=IF(C34="","", IFERROR(INDEX(Barang!$A$2:$A$10001, MATCH(C34, Barang!$B$2:$B$10001, 0)), "Tidak ditemukan"))} -> TLR2 | C34: Telur 1/2 | D34: Sembako | E34: kg | F34: 30 | G34: 960000 | K34: {=IF(L34="","", IFERROR(INDEX(Barang!$A$2:$A$10001, MATCH(L34, Barang!$B$2:$B$10001, 0)), "Tidak ditemukan"))} | M34: {=IF(L34="","", IFERROR(INDEX(Barang!$C$2:$C$10001, MATCH(L34, Barang!$B$2:$B$10001, 0)), ""))} | N34: {=IF(L34="","", IFERROR(INDEX(Barang!$E$2:$E$10001, MATCH(L34, Barang!$B$2:$B$10001, 0)), ""))} | P34: {=IF(L34="","", IFERROR(INDEX(Barang!$F$2:$F$10001, MATCH(L34, Barang!$B$2:$B$10001, 0)) * O34, ""))} | S34: - | T34: -
B35: {=IF(C35="","", IFERROR(INDEX(Barang!$A$2:$A$10001, MATCH(C35, Barang!$B$2:$B$10001, 0)), "Tidak ditemukan"))} -> MSK001 | C35: Masako | D35: Bumbu | E35: pcs | F35: 20 | G35: 10000 | K35: {=IF(L35="","", IFERROR(INDEX(Barang!$A$2:$A$10001, MATCH(L35, Barang!$B$2:$B$10001, 0)), "Tidak ditemukan"))} | M35: {=IF(L35="","", IFERROR(INDEX(Barang!$C$2:$C$10001, MATCH(L35, Barang!$B$2:$B$10001, 0)), ""))} | N35: {=IF(L35="","", IFERROR(INDEX(Barang!$E$2:$E$10001, MATCH(L35, Barang!$B$2:$B$10001, 0)), ""))} | P35: {=IF(L35="","", IFERROR(INDEX(Barang!$F$2:$F$10001, MATCH(L35, Barang!$B$2:$B$10001, 0)) * O35, ""))} | S35: - | T35: -
A36: 45945 | B36: {=IF(C36="","", IFERROR(INDEX(Barang!$A$2:$A$10001, MATCH(C36, Barang!$B$2:$B$10001, 0)), "Tidak ditemukan"))} -> MKH001 | C36: Mie Kuah | D36: Makanan | E36: pcs | F36: 40 | G36: 120000 | K36: {=IF(L36="","", IFERROR(INDEX(Barang!$A$2:$A$10001, MATCH(L36, Barang!$B$2:$B$10001, 0)), "Tidak ditemukan"))} | M36: {=IF(L36="","", IFERROR(INDEX(Barang!$C$2:$C$10001, MATCH(L36, Barang!$B$2:$B$10001, 0)), ""))} | N36: {=IF(L36="","", IFERROR(INDEX(Barang!$E$2:$E$10001, MATCH(L36, Barang!$B$2:$B$10001, 0)), ""))} | P36: {=IF(L36="","", IFERROR(INDEX(Barang!$F$2:$F$10001, MATCH(L36, Barang!$B$2:$B$10001, 0)) * O36, ""))} | S36: - | T36: -
B37: {=IF(C37="","", IFERROR(INDEX(Barang!$A$2:$A$10001, MATCH(C37, Barang!$B$2:$B$10001, 0)), "Tidak ditemukan"))} -> GRR001 | C37: Goriorio | D37: Makanan | E37: pcs | F37: 24 | G37: 24000 | K37: {=IF(L37="","", IFERROR(INDEX(Barang!$A$2:$A$10001, MATCH(L37, Barang!$B$2:$B$10001, 0)), "Tidak ditemukan"))} | M37: {=IF(L37="","", IFERROR(INDEX(Barang!$C$2:$C$10001, MATCH(L37, Barang!$B$2:$B$10001, 0)), ""))} | N37: {=IF(L37="","", IFERROR(INDEX(Barang!$E$2:$E$10001, MATCH(L37, Barang!$B$2:$B$10001, 0)), ""))} | P37: {=IF(L37="","", IFERROR(INDEX(Barang!$F$2:$F$10001, MATCH(L37, Barang!$B$2:$B$10001, 0)) * O37, ""))} | S37: - | T37: -
B38: {=IF(C38="","", IFERROR(INDEX(Barang!$A$2:$A$10001, MATCH(C38, Barang!$B$2:$B$10001, 0)), "Tidak ditemukan"))} -> TLR2 | C38: Telur 1/2 | D38: Makanan | E38: kg | F38: 50 | G38: 1555000 | K38: {=IF(L38="","", IFERROR(INDEX(Barang!$A$2:$A$10001, MATCH(L38, Barang!$B$2:$B$10001, 0)), "Tidak ditemukan"))} | M38: {=IF(L38="","", IFERROR(INDEX(Barang!$C$2:$C$10001, MATCH(L38, Barang!$B$2:$B$10001, 0)), ""))} | N38: {=IF(L38="","", IFERROR(INDEX(Barang!$E$2:$E$10001, MATCH(L38, Barang!$B$2:$B$10001, 0)), ""))} | P38: {=IF(L38="","", IFERROR(INDEX(Barang!$F$2:$F$10001, MATCH(L38, Barang!$B$2:$B$10001, 0)) * O38, ""))} | S38: - | T38: -
B39: {=IF(C39="","", IFERROR(INDEX(Barang!$A$2:$A$10001, MATCH(C39, Barang!$B$2:$B$10001, 0)), "Tidak ditemukan"))} -> RTP001 | C39: Roti Pia | D39: Makanan | E39: pcs | F39: 10 | G39: 20000 | K39: {=IF(L39="","", IFERROR(INDEX(Barang!$A$2:$A$10001, MATCH(L39, Barang!$B$2:$B$10001, 0)), "Tidak ditemukan"))} | M39: {=IF(L39="","", IFERROR(INDEX(Barang!$C$2:$C$10001, MATCH(L39, Barang!$B$2:$B$10001, 0)), ""))} | N39: {=IF(L39="","", IFERROR(INDEX(Barang!$E$2:$E$10001, MATCH(L39, Barang!$B$2:$B$10001, 0)), ""))} | P39: {=IF(L39="","", IFERROR(INDEX(Barang!$F$2:$F$10001, MATCH(L39, Barang!$B$2:$B$10001, 0)) * O39, ""))} | S39: - | T39: -
B40: {=IF(C40="","", IFERROR(INDEX(Barang!$A$2:$A$10001, MATCH(C40, Barang!$B$2:$B$10001, 0)), "Tidak ditemukan"))} -> KPH001 | C40: Kopi hitam | D40: Minuman | E40: pcs | F40: 50 | G40: 50000 | K40: {=IF(L40="","", IFERROR(INDEX(Barang!$A$2:$A$10001, MATCH(L40, Barang!$B$2:$B$10001, 0)), "Tidak ditemukan"))} | M40: {=IF(L40="","", IFERROR(INDEX(Barang!$C$2:$C$10001, MATCH(L40, Barang!$B$2:$B$10001, 0)), ""))} | N40: {=IF(L40="","", IFERROR(INDEX(Barang!$E$2:$E$10001, MATCH(L40, Barang!$B$2:$B$10001, 0)), ""))} | P40: {=IF(L40="","", IFERROR(INDEX(Barang!$F$2:$F$10001, MATCH(L40, Barang!$B$2:$B$10001, 0)) * O40, ""))} | S40: - | T40: -
A41: 45946 | B41: {=IF(C41="","", IFERROR(INDEX(Barang!$A$2:$A$10001, MATCH(C41, Barang!$B$2:$B$10001, 0)), "Tidak ditemukan"))} -> TLR2 | C41: Telur 1/2 | D41: Makanan | E41: kg | F41: 30 | G41: 930000 | K41: {=IF(L41="","", IFERROR(INDEX(Barang!$A$2:$A$10001, MATCH(L41, Barang!$B$2:$B$10001, 0)), "Tidak ditemukan"))} | M41: {=IF(L41="","", IFERROR(INDEX(Barang!$C$2:$C$10001, MATCH(L41, Barang!$B$2:$B$10001, 0)), ""))} | N41: {=IF(L41="","", IFERROR(INDEX(Barang!$E$2:$E$10001, MATCH(L41, Barang!$B$2:$B$10001, 0)), ""))} | P41: {=IF(L41="","", IFERROR(INDEX(Barang!$F$2:$F$10001, MATCH(L41, Barang!$B$2:$B$10001, 0)) * O41, ""))} | S41: - | T41: -
B42: {=IF(C42="","", IFERROR(INDEX(Barang!$A$2:$A$10001, MATCH(C42, Barang!$B$2:$B$10001, 0)), "Tidak ditemukan"))} -> TLR4 | C42: Telur 1/4 | D42: Sembako | E42: kg | F42: 20 | G42: 620000 | K42: {=IF(L42="","", IFERROR(INDEX(Barang!$A$2:$A$10001, MATCH(L42, Barang!$B$2:$B$10001, 0)), "Tidak ditemukan"))} | M42: {=IF(L42="","", IFERROR(INDEX(Barang!$C$2:$C$10001, MATCH(L42, Barang!$B$2:$B$10001, 0)), ""))} | N42: {=IF(L42="","", IFERROR(INDEX(Barang!$E$2:$E$10001, MATCH(L42, Barang!$B$2:$B$10001, 0)), ""))} | P42: {=IF(L42="","", IFERROR(INDEX(Barang!$F$2:$F$10001, MATCH(L42, Barang!$B$2:$B$10001, 0)) * O42, ""))} | S42: - | T42: -
B43: {=IF(C43="","", IFERROR(INDEX(Barang!$A$2:$A$10001, MATCH(C43, Barang!$B$2:$B$10001, 0)), "Tidak ditemukan"))} -> MGR001 | C43: Mie Goreng | D43: Makanan | E43: pcs | F43: 40 | G43: 140000 | K43: {=IF(L43="","", IFERROR(INDEX(Barang!$A$2:$A$10001, MATCH(L43, Barang!$B$2:$B$10001, 0)), "Tidak ditemukan"))} | M43: {=IF(L43="","", IFERROR(INDEX(Barang!$C$2:$C$10001, MATCH(L43, Barang!$B$2:$B$10001, 0)), ""))} | N43: {=IF(L43="","", IFERROR(INDEX(Barang!$E$2:$E$10001, MATCH(L43, Barang!$B$2:$B$10001, 0)), ""))} | P43: {=IF(L43="","", IFERROR(INDEX(Barang!$F$2:$F$10001, MATCH(L43, Barang!$B$2:$B$10001, 0)) * O43, ""))} | S43: - | T43: -
B44: {=IF(C44="","", IFERROR(INDEX(Barang!$A$2:$A$10001, MATCH(C44, Barang!$B$2:$B$10001, 0)), "Tidak ditemukan"))} -> GRR001 | C44: Goriorio | D44: Makanan | E44: pcs | F44: 20 | G44: 10000 | K44: {=IF(L44="","", IFERROR(INDEX(Barang!$A$2:$A$10001, MATCH(L44, Barang!$B$2:$B$10001, 0)), "Tidak ditemukan"))} | M44: {=IF(L44="","", IFERROR(INDEX(Barang!$C$2:$C$10001, MATCH(L44, Barang!$B$2:$B$10001, 0)), ""))} | N44: {=IF(L44="","", IFERROR(INDEX(Barang!$E$2:$E$10001, MATCH(L44, Barang!$B$2:$B$10001, 0)), ""))} | P44: {=IF(L44="","", IFERROR(INDEX(Barang!$F$2:$F$10001, MATCH(L44, Barang!$B$2:$B$10001, 0)) * O44, ""))} | S44: - | T44: -
B45: {=IF(C45="","", IFERROR(INDEX(Barang!$A$2:$A$10001, MATCH(C45, Barang!$B$2:$B$10001, 0)), "Tidak ditemukan"))} -> RCK001 | C45: Racik | D45: Bumbu | E45: pcs | F45: 10 | G45: 20000 | K45: {=IF(L45="","", IFERROR(INDEX(Barang!$A$2:$A$10001, MATCH(L45, Barang!$B$2:$B$10001, 0)), "Tidak ditemukan"))} | M45: {=IF(L45="","", IFERROR(INDEX(Barang!$C$2:$C$10001, MATCH(L45, Barang!$B$2:$B$10001, 0)), ""))} | N45: {=IF(L45="","", IFERROR(INDEX(Barang!$E$2:$E$10001, MATCH(L45, Barang!$B$2:$B$10001, 0)), ""))} | P45: {=IF(L45="","", IFERROR(INDEX(Barang!$F$2:$F$10001, MATCH(L45, Barang!$B$2:$B$10001, 0)) * O45, ""))} | S45: - | T45: -
B46: {=IF(C46="","", IFERROR(INDEX(Barang!$A$2:$A$10001, MATCH(C46, Barang!$B$2:$B$10001, 0)), "Tidak ditemukan"))} -> MRN001 | C46: Marinasi | D46: Bumbu | E46: pcs | F46: 10 | G46: 20000 | K46: {=IF(L46="","", IFERROR(INDEX(Barang!$A$2:$A$10001, MATCH(L46, Barang!$B$2:$B$10001, 0)), "Tidak ditemukan"))} | M46: {=IF(L46="","", IFERROR(INDEX(Barang!$C$2:$C$10001, MATCH(L46, Barang!$B$2:$B$10001, 0)), ""))} | N46: {=IF(L46="","", IFERROR(INDEX(Barang!$E$2:$E$10001, MATCH(L46, Barang!$B$2:$B$10001, 0)), ""))} | P46: {=IF(L46="","", IFERROR(INDEX(Barang!$F$2:$F$10001, MATCH(L46, Barang!$B$2:$B$10001, 0)) * O46, ""))} | S46: - | T46: -
B47: {=IF(C47="","", IFERROR(INDEX(Barang!$A$2:$A$10001, MATCH(C47, Barang!$B$2:$B$10001, 0)), "Tidak ditemukan"))} -> TRS001 | C47: Terasi | D47: Bumbu | E47: pcs | F47: 20 | G47: 10000 | K47: {=IF(L47="","", IFERROR(INDEX(Barang!$A$2:$A$10001, MATCH(L47, Barang!$B$2:$B$10001, 0)), "Tidak ditemukan"))} | M47: {=IF(L47="","", IFERROR(INDEX(Barang!$C$2:$C$10001, MATCH(L47, Barang!$B$2:$B$10001, 0)), ""))} | N47: {=IF(L47="","", IFERROR(INDEX(Barang!$E$2:$E$10001, MATCH(L47, Barang!$B$2:$B$10001, 0)), ""))} | P47: {=IF(L47="","", IFERROR(INDEX(Barang!$F$2:$F$10001, MATCH(L47, Barang!$B$2:$B$10001, 0)) * O47, ""))} | S47: - | T47: -
B48: {=IF(C48="","", IFERROR(INDEX(Barang!$A$2:$A$10001, MATCH(C48, Barang!$B$2:$B$10001, 0)), "Tidak ditemukan"))} -> STS | C48: Santan Sasa | D48: Bumbu | E48: pcs | F48: 10 | G48: 50000 | K48: {=IF(L48="","", IFERROR(INDEX(Barang!$A$2:$A$10001, MATCH(L48, Barang!$B$2:$B$10001, 0)), "Tidak ditemukan"))} | M48: {=IF(L48="","", IFERROR(INDEX(Barang!$C$2:$C$10001, MATCH(L48, Barang!$B$2:$B$10001, 0)), ""))} | N48: {=IF(L48="","", IFERROR(INDEX(Barang!$E$2:$E$10001, MATCH(L48, Barang!$B$2:$B$10001, 0)), ""))} | P48: {=IF(L48="","", IFERROR(INDEX(Barang!$F$2:$F$10001, MATCH(L48, Barang!$B$2:$B$10001, 0)) * O48, ""))} | S48: - | T48: -
B49: {=IF(C49="","", IFERROR(INDEX(Barang!$A$2:$A$10001, MATCH(C49, Barang!$B$2:$B$10001, 0)), "Tidak ditemukan"))} -> KS001 | C49: Kerupuk seblak | D49: Makanan | E49: pcs | F49: 10 | G49: 60000 | K49: {=IF(L49="","", IFERROR(INDEX(Barang!$A$2:$A$10001, MATCH(L49, Barang!$B$2:$B$10001, 0)), "Tidak ditemukan"))} | M49: {=IF(L49="","", IFERROR(INDEX(Barang!$C$2:$C$10001, MATCH(L49, Barang!$B$2:$B$10001, 0)), ""))} | N49: {=IF(L49="","", IFERROR(INDEX(Barang!$E$2:$E$10001, MATCH(L49, Barang!$B$2:$B$10001, 0)), ""))} | P49: {=IF(L49="","", IFERROR(INDEX(Barang!$F$2:$F$10001, MATCH(L49, Barang!$B$2:$B$10001, 0)) * O49, ""))} | S49: - | T49: -
B50: {=IF(C50="","", IFERROR(INDEX(Barang!$A$2:$A$10001, MATCH(C50, Barang!$B$2:$B$10001, 0)), "Tidak ditemukan"))} -> BC001 | C50: Boncabe | D50: Bumbu | E50: pcs | F50: 10 | G50: 10000 | K50: {=IF(L50="","", IFERROR(INDEX(Barang!$A$2:$A$10001, MATCH(L50, Barang!$B$2:$B$10001, 0)), "Tidak ditemukan"))} | M50: {=IF(L50="","", IFERROR(INDEX(Barang!$C$2:$C$10001, MATCH(L50, Barang!$B$2:$B$10001, 0)), ""))} | N50: {=IF(L50="","", IFERROR(INDEX(Barang!$E$2:$E$10001, MATCH(L50, Barang!$B$2:$B$10001, 0)), ""))} | P50: {=IF(L50="","", IFERROR(INDEX(Barang!$F$2:$F$10001, MATCH(L50, Barang!$B$2:$B$10001, 0)) * O50, ""))} | S50: - | T50: -
B51: {=IF(C51="","", IFERROR(INDEX(Barang!$A$2:$A$10001, MATCH(C51, Barang!$B$2:$B$10001, 0)), "Tidak ditemukan"))} -> MKE001 | C51: Mie Eko | D51: Makanan | E51: pcs | F51: 40 | G51: 100000 | K51: {=IF(L51="","", IFERROR(INDEX(Barang!$A$2:$A$10001, MATCH(L51, Barang!$B$2:$B$10001, 0)), "Tidak ditemukan"))} | M51: {=IF(L51="","", IFERROR(INDEX(Barang!$C$2:$C$10001, MATCH(L51, Barang!$B$2:$B$10001, 0)), ""))} | N51: {=IF(L51="","", IFERROR(INDEX(Barang!$E$2:$E$10001, MATCH(L51, Barang!$B$2:$B$10001, 0)), ""))} | P51: {=IF(L51="","", IFERROR(INDEX(Barang!$F$2:$F$10001, MATCH(L51, Barang!$B$2:$B$10001, 0)) * O51, ""))} | S51: - | T51: -
B52: {=IF(C52="","", IFERROR(INDEX(Barang!$A$2:$A$10001, MATCH(C52, Barang!$B$2:$B$10001, 0)), "Tidak ditemukan"))} -> GPK001 | C52: Gopek | D52: Makanan | E52: pcs | F52: 20 | G52: 80000 | K52: {=IF(L52="","", IFERROR(INDEX(Barang!$A$2:$A$10001, MATCH(L52, Barang!$B$2:$B$10001, 0)), "Tidak ditemukan"))} | M52: {=IF(L52="","", IFERROR(INDEX(Barang!$C$2:$C$10001, MATCH(L52, Barang!$B$2:$B$10001, 0)), ""))} | N52: {=IF(L52="","", IFERROR(INDEX(Barang!$E$2:$E$10001, MATCH(L52, Barang!$B$2:$B$10001, 0)), ""))} | P52: {=IF(L52="","", IFERROR(INDEX(Barang!$F$2:$F$10001, MATCH(L52, Barang!$B$2:$B$10001, 0)) * O52, ""))} | S52: - | T52: -
B53: {=IF(C53="","", IFERROR(INDEX(Barang!$A$2:$A$10001, MATCH(C53, Barang!$B$2:$B$10001, 0)), "Tidak ditemukan"))} -> RTP001 | C53: Roti Pia | D53: {=IF(C53="","", IFERROR(INDEX(Barang!$C$2:$C$100, MATCH(C53, Barang!$B$2:$B$100, 0)), ""))} -> Makanan | E53: {=IF(C53="","", IFERROR(INDEX(Barang!$E$2:$E$100, MATCH(C53, Barang!$B$2:$B$100, 0)), ""))} -> pcs | F53: 50 | G53: {=IF(C53="","", IFERROR(INDEX(Barang!$F$2:$F$100, MATCH(C53, Barang!$B$2:$B$100, 0)) * F53, ""))} -> 100000 | K53: {=IF(L53="","", IFERROR(INDEX(Barang!$A$2:$A$10001, MATCH(L53, Barang!$B$2:$B$10001, 0)), "Tidak ditemukan"))} | M53: {=IF(L53="","", IFERROR(INDEX(Barang!$C$2:$C$10001, MATCH(L53, Barang!$B$2:$B$10001, 0)), ""))} | N53: {=IF(L53="","", IFERROR(INDEX(Barang!$E$2:$E$10001, MATCH(L53, Barang!$B$2:$B$10001, 0)), ""))} | P53: {=IF(L53="","", IFERROR(INDEX(Barang!$F$2:$F$10001, MATCH(L53, Barang!$B$2:$B$10001, 0)) * O53, ""))} | S53: - | T53: -
B54: {=IF(C54="","", IFERROR(INDEX(Barang!$A$2:$A$10001, MATCH(C54, Barang!$B$2:$B$10001, 0)), "Tidak ditemukan"))} -> RYC001 | C54: Royco | D54: {=IF(C54="","", IFERROR(INDEX(Barang!$C$2:$C$100, MATCH(C54, Barang!$B$2:$B$100, 0)), ""))} -> Bumbu | E54: {=IF(C54="","", IFERROR(INDEX(Barang!$E$2:$E$100, MATCH(C54, Barang!$B$2:$B$100, 0)), ""))} -> pcs | F54: 20 | G54: {=IF(C54="","", IFERROR(INDEX(Barang!$F$2:$F$100, MATCH(C54, Barang!$B$2:$B$100, 0)) * F54, ""))} -> 10000 | K54: {=IF(L54="","", IFERROR(INDEX(Barang!$A$2:$A$10001, MATCH(L54, Barang!$B$2:$B$10001, 0)), "Tidak ditemukan"))} | M54: {=IF(L54="","", IFERROR(INDEX(Barang!$C$2:$C$10001, MATCH(L54, Barang!$B$2:$B$10001, 0)), ""))} | N54: {=IF(L54="","", IFERROR(INDEX(Barang!$E$2:$E$10001, MATCH(L54, Barang!$B$2:$B$10001, 0)), ""))} | P54: {=IF(L54="","", IFERROR(INDEX(Barang!$F$2:$F$10001, MATCH(L54, Barang!$B$2:$B$10001, 0)) * O54, ""))} | S54: - | T54: -
B55: {=IF(C55="","", IFERROR(INDEX(Barang!$A$2:$A$10001, MATCH(C55, Barang!$B$2:$B$10001, 0)), "Tidak ditemukan"))} -> THD001 | C55: Teh Dandang | D55: {=IF(C55="","", IFERROR(INDEX(Barang!$C$2:$C$100, MATCH(C55, Barang!$B$2:$B$100, 0)), ""))} -> Minuman | E55: {=IF(C55="","", IFERROR(INDEX(Barang!$E$2:$E$100, MATCH(C55, Barang!$B$2:$B$100, 0)), ""))} -> pcs | F55: 20 | G55: {=IF(C55="","", IFERROR(INDEX(Barang!$F$2:$F$100, MATCH(C55, Barang!$B$2:$B$100, 0)) * F55, ""))} -> 40000 | K55: {=IF(L55="","", IFERROR(INDEX(Barang!$A$2:$A$10001, MATCH(L55, Barang!$B$2:$B$10001, 0)), "Tidak ditemukan"))} | M55: {=IF(L55="","", IFERROR(INDEX(Barang!$C$2:$C$10001, MATCH(L55, Barang!$B$2:$B$10001, 0)), ""))} | N55: {=IF(L55="","", IFERROR(INDEX(Barang!$E$2:$E$10001, MATCH(L55, Barang!$B$2:$B$10001, 0)), ""))} | P55: {=IF(L55="","", IFERROR(INDEX(Barang!$F$2:$F$10001, MATCH(L55, Barang!$B$2:$B$10001, 0)) * O55, ""))} | S55: - | T55: -
B56: {=IF(C56="","", IFERROR(INDEX(Barang!$A$2:$A$10001, MATCH(C56, Barang!$B$2:$B$10001, 0)), "Tidak ditemukan"))} -> RSB001 | C56: Rinso Bubuk | D56: {=IF(C56="","", IFERROR(INDEX(Barang!$C$2:$C$100, MATCH(C56, Barang!$B$2:$B$100, 0)), ""))} -> Detergen | E56: {=IF(C56="","", IFERROR(INDEX(Barang!$E$2:$E$100, MATCH(C56, Barang!$B$2:$B$100, 0)), ""))} -> pcs | F56: 20 | G56: {=IF(C56="","", IFERROR(INDEX(Barang!$F$2:$F$100, MATCH(C56, Barang!$B$2:$B$100, 0)) * F56, ""))} -> 100000 | K56: {=IF(L56="","", IFERROR(INDEX(Barang!$A$2:$A$10001, MATCH(L56, Barang!$B$2:$B$10001, 0)), "Tidak ditemukan"))} | M56: {=IF(L56="","", IFERROR(INDEX(Barang!$C$2:$C$10001, MATCH(L56, Barang!$B$2:$B$10001, 0)), ""))} | N56: {=IF(L56="","", IFERROR(INDEX(Barang!$E$2:$E$10001, MATCH(L56, Barang!$B$2:$B$10001, 0)), ""))} | P56: {=IF(L56="","", IFERROR(INDEX(Barang!$F$2:$F$10001, MATCH(L56, Barang!$B$2:$B$10001, 0)) * O56, ""))} | S56: - | T56: -
B57: {=IF(C57="","", IFERROR(INDEX(Barang!$A$2:$A$10001, MATCH(C57, Barang!$B$2:$B$10001, 0)), "Tidak ditemukan"))} -> PT1/2 | C57: Plastik 1/2 | D57: {=IF(C57="","", IFERROR(INDEX(Barang!$C$2:$C$100, MATCH(C57, Barang!$B$2:$B$100, 0)), ""))} -> Plastik | E57: {=IF(C57="","", IFERROR(INDEX(Barang!$E$2:$E$100, MATCH(C57, Barang!$B$2:$B$100, 0)), ""))} -> kg | F57: 110 | G57: {=IF(C57="","", IFERROR(INDEX(Barang!$F$2:$F$100, MATCH(C57, Barang!$B$2:$B$100, 0)) * F57, ""))} -> 385000 | K57: {=IF(L57="","", IFERROR(INDEX(Barang!$A$2:$A$10001, MATCH(L57, Barang!$B$2:$B$10001, 0)), "Tidak ditemukan"))} | M57: {=IF(L57="","", IFERROR(INDEX(Barang!$C$2:$C$10001, MATCH(L57, Barang!$B$2:$B$10001, 0)), ""))} | N57: {=IF(L57="","", IFERROR(INDEX(Barang!$E$2:$E$10001, MATCH(L57, Barang!$B$2:$B$10001, 0)), ""))} | P57: {=IF(L57="","", IFERROR(INDEX(Barang!$F$2:$F$10001, MATCH(L57, Barang!$B$2:$B$10001, 0)) * O57, ""))} | S57: - | T57: -
A58: 45947 | B58: {=IF(C58="","", IFERROR(INDEX(Barang!$A$2:$A$10001, MATCH(C58, Barang!$B$2:$B$10001, 0)), "Tidak ditemukan"))} -> GRA001 | C58: Garuda Atom | D58: {=IF(C58="","", IFERROR(INDEX(Barang!$C$2:$C$100, MATCH(C58, Barang!$B$2:$B$100, 0)), ""))} -> Makanan | E58: {=IF(C58="","", IFERROR(INDEX(Barang!$E$2:$E$100, MATCH(C58, Barang!$B$2:$B$100, 0)), ""))} -> pcs | F58: 130 | G58: {=IF(C58="","", IFERROR(INDEX(Barang!$F$2:$F$100, MATCH(C58, Barang!$B$2:$B$100, 0)) * F58, ""))} -> 260000 | K58: {=IF(L58="","", IFERROR(INDEX(Barang!$A$2:$A$10001, MATCH(L58, Barang!$B$2:$B$10001, 0)), "Tidak ditemukan"))} | M58: {=IF(L58="","", IFERROR(INDEX(Barang!$C$2:$C$10001, MATCH(L58, Barang!$B$2:$B$10001, 0)), ""))} | N58: {=IF(L58="","", IFERROR(INDEX(Barang!$E$2:$E$10001, MATCH(L58, Barang!$B$2:$B$10001, 0)), ""))} | P58: {=IF(L58="","", IFERROR(INDEX(Barang!$F$2:$F$10001, MATCH(L58, Barang!$B$2:$B$10001, 0)) * O58, ""))} | S58: - | T58: -
B59: {=IF(C59="","", IFERROR(INDEX(Barang!$A$2:$A$10001, MATCH(C59, Barang!$B$2:$B$10001, 0)), "Tidak ditemukan"))} -> DLN001 | C59: Dilan 1000 | D59: {=IF(C59="","", IFERROR(INDEX(Barang!$C$2:$C$100, MATCH(C59, Barang!$B$2:$B$100, 0)), ""))} -> Makanan | E59: {=IF(C59="","", IFERROR(INDEX(Barang!$E$2:$E$100, MATCH(C59, Barang!$B$2:$B$100, 0)), ""))} -> pcs | F59: 2 | G59: {=IF(C59="","", IFERROR(INDEX(Barang!$F$2:$F$100, MATCH(C59, Barang!$B$2:$B$100, 0)) * F59, ""))} -> 2000 | K59: {=IF(L59="","", IFERROR(INDEX(Barang!$A$2:$A$10001, MATCH(L59, Barang!$B$2:$B$10001, 0)), "Tidak ditemukan"))} | M59: {=IF(L59="","", IFERROR(INDEX(Barang!$C$2:$C$10001, MATCH(L59, Barang!$B$2:$B$10001, 0)), ""))} | N59: {=IF(L59="","", IFERROR(INDEX(Barang!$E$2:$E$10001, MATCH(L59, Barang!$B$2:$B$10001, 0)), ""))} | P59: {=IF(L59="","", IFERROR(INDEX(Barang!$F$2:$F$10001, MATCH(L59, Barang!$B$2:$B$10001, 0)) * O59, ""))} | S59: - | T59: -
B60: {=IF(C60="","", IFERROR(INDEX(Barang!$A$2:$A$10001, MATCH(C60, Barang!$B$2:$B$10001, 0)), "Tidak ditemukan"))} -> YP1001 | C60: Yupi 1000 | D60: {=IF(C60="","", IFERROR(INDEX(Barang!$C$2:$C$100, MATCH(C60, Barang!$B$2:$B$100, 0)), ""))} -> Makanan | E60: {=IF(C60="","", IFERROR(INDEX(Barang!$E$2:$E$100, MATCH(C60, Barang!$B$2:$B$100, 0)), ""))} -> pcs | F60: 2 | G60: {=IF(C60="","", IFERROR(INDEX(Barang!$F$2:$F$100, MATCH(C60, Barang!$B$2:$B$100, 0)) * F60, ""))} -> 2000 | K60: {=IF(L60="","", IFERROR(INDEX(Barang!$A$2:$A$10001, MATCH(L60, Barang!$B$2:$B$10001, 0)), "Tidak ditemukan"))} | M60: {=IF(L60="","", IFERROR(INDEX(Barang!$C$2:$C$10001, MATCH(L60, Barang!$B$2:$B$10001, 0)), ""))} | N60: {=IF(L60="","", IFERROR(INDEX(Barang!$E$2:$E$10001, MATCH(L60, Barang!$B$2:$B$10001, 0)), ""))} | P60: {=IF(L60="","", IFERROR(INDEX(Barang!$F$2:$F$10001, MATCH(L60, Barang!$B$2:$B$10001, 0)) * O60, ""))} | S60: - | T60: -
B61: {=IF(C61="","", IFERROR(INDEX(Barang!$A$2:$A$10001, MATCH(C61, Barang!$B$2:$B$10001, 0)), "Tidak ditemukan"))} -> LFB001 | C61: Lifebouy | D61: {=IF(C61="","", IFERROR(INDEX(Barang!$C$2:$C$100, MATCH(C61, Barang!$B$2:$B$100, 0)), ""))} -> Sabun | E61: {=IF(C61="","", IFERROR(INDEX(Barang!$E$2:$E$100, MATCH(C61, Barang!$B$2:$B$100, 0)), ""))} -> pcs | F61: 2 | G61: {=IF(C61="","", IFERROR(INDEX(Barang!$F$2:$F$100, MATCH(C61, Barang!$B$2:$B$100, 0)) * F61, ""))} -> 12000 | K61: {=IF(L61="","", IFERROR(INDEX(Barang!$A$2:$A$10001, MATCH(L61, Barang!$B$2:$B$10001, 0)), "Tidak ditemukan"))} | M61: {=IF(L61="","", IFERROR(INDEX(Barang!$C$2:$C$10001, MATCH(L61, Barang!$B$2:$B$10001, 0)), ""))} | N61: {=IF(L61="","", IFERROR(INDEX(Barang!$E$2:$E$10001, MATCH(L61, Barang!$B$2:$B$10001, 0)), ""))} | P61: {=IF(L61="","", IFERROR(INDEX(Barang!$F$2:$F$10001, MATCH(L61, Barang!$B$2:$B$10001, 0)) * O61, ""))} | S61: - | T61: -
B62: {=IF(C62="","", IFERROR(INDEX(Barang!$A$2:$A$10001, MATCH(C62, Barang!$B$2:$B$10001, 0)), "Tidak ditemukan"))} -> MGR001 | C62: Mie goreng | D62: {=IF(C62="","", IFERROR(INDEX(Barang!$C$2:$C$100, MATCH(C62, Barang!$B$2:$B$100, 0)), ""))} -> Makanan | E62: {=IF(C62="","", IFERROR(INDEX(Barang!$E$2:$E$100, MATCH(C62, Barang!$B$2:$B$100, 0)), ""))} -> pcs | F62: 40 | G62: {=IF(C62="","", IFERROR(INDEX(Barang!$F$2:$F$100, MATCH(C62, Barang!$B$2:$B$100, 0)) * F62, ""))} -> 140000 | K62: {=IF(L62="","", IFERROR(INDEX(Barang!$A$2:$A$10001, MATCH(L62, Barang!$B$2:$B$10001, 0)), "Tidak ditemukan"))} | M62: {=IF(L62="","", IFERROR(INDEX(Barang!$C$2:$C$10001, MATCH(L62, Barang!$B$2:$B$10001, 0)), ""))} | N62: {=IF(L62="","", IFERROR(INDEX(Barang!$E$2:$E$10001, MATCH(L62, Barang!$B$2:$B$10001, 0)), ""))} | P62: {=IF(L62="","", IFERROR(INDEX(Barang!$F$2:$F$10001, MATCH(L62, Barang!$B$2:$B$10001, 0)) * O62, ""))} | S62: - | T62: -
B63: {=IF(C63="","", IFERROR(INDEX(Barang!$A$2:$A$10001, MATCH(C63, Barang!$B$2:$B$10001, 0)), "Tidak ditemukan"))} -> MKH001 | C63: Mie kuah | D63: {=IF(C63="","", IFERROR(INDEX(Barang!$C$2:$C$100, MATCH(C63, Barang!$B$2:$B$100, 0)), ""))} -> Makanan | E63: {=IF(C63="","", IFERROR(INDEX(Barang!$E$2:$E$100, MATCH(C63, Barang!$B$2:$B$100, 0)), ""))} -> pcs | F63: 40 | G63: {=IF(C63="","", IFERROR(INDEX(Barang!$F$2:$F$100, MATCH(C63, Barang!$B$2:$B$100, 0)) * F63, ""))} -> 140000 | K63: {=IF(L63="","", IFERROR(INDEX(Barang!$A$2:$A$10001, MATCH(L63, Barang!$B$2:$B$10001, 0)), "Tidak ditemukan"))} | M63: {=IF(L63="","", IFERROR(INDEX(Barang!$C$2:$C$10001, MATCH(L63, Barang!$B$2:$B$10001, 0)), ""))} | N63: {=IF(L63="","", IFERROR(INDEX(Barang!$E$2:$E$10001, MATCH(L63, Barang!$B$2:$B$10001, 0)), ""))} | P63: {=IF(L63="","", IFERROR(INDEX(Barang!$F$2:$F$10001, MATCH(L63, Barang!$B$2:$B$10001, 0)) * O63, ""))} | S63: - | T63: -
A64: 45948 | B64: {=IF(C64="","", IFERROR(INDEX(Barang!$A$2:$A$10001, MATCH(C64, Barang!$B$2:$B$10001, 0)), "Tidak ditemukan"))} -> TLR2 | C64: Telur 1/2 | D64: {=IF(C64="","", IFERROR(INDEX(Barang!$C$2:$C$10001, MATCH(C64, Barang!$B$2:$B$10001, 0)), ""))} -> Sembako | E64: {=IF(C64="","", IFERROR(INDEX(Barang!$E$2:$E$10001, MATCH(C64, Barang!$B$2:$B$10001, 0)), ""))} -> kg | F64: 60 | G64: {=IF(C64="","", IFERROR(INDEX(Barang!$F$2:$F$10001, MATCH(C64, Barang!$B$2:$B$10001, 0)) * F64, ""))} -> 930000 | K64: {=IF(L64="","", IFERROR(INDEX(Barang!$A$2:$A$10001, MATCH(L64, Barang!$B$2:$B$10001, 0)), "Tidak ditemukan"))} | M64: {=IF(L64="","", IFERROR(INDEX(Barang!$C$2:$C$10001, MATCH(L64, Barang!$B$2:$B$10001, 0)), ""))} | N64: {=IF(L64="","", IFERROR(INDEX(Barang!$E$2:$E$10001, MATCH(L64, Barang!$B$2:$B$10001, 0)), ""))} | P64: {=IF(L64="","", IFERROR(INDEX(Barang!$F$2:$F$10001, MATCH(L64, Barang!$B$2:$B$10001, 0)) * O64, ""))} | S64: - | T64: -
B65: {=IF(C65="","", IFERROR(INDEX(Barang!$A$2:$A$10001, MATCH(C65, Barang!$B$2:$B$10001, 0)), "Tidak ditemukan"))} -> TRS001 | C65: Terasi | D65: {=IF(C65="","", IFERROR(INDEX(Barang!$C$2:$C$100, MATCH(C65, Barang!$B$2:$B$100, 0)), ""))} -> Bumbu | E65: {=IF(C65="","", IFERROR(INDEX(Barang!$E$2:$E$100, MATCH(C65, Barang!$B$2:$B$100, 0)), ""))} -> pcs | F65: 10 | G65: {=IF(C65="","", IFERROR(INDEX(Barang!$F$2:$F$100, MATCH(C65, Barang!$B$2:$B$100, 0)) * F65, ""))} -> 5000 | K65: {=IF(L65="","", IFERROR(INDEX(Barang!$A$2:$A$10001, MATCH(L65, Barang!$B$2:$B$10001, 0)), "Tidak ditemukan"))} | M65: {=IF(L65="","", IFERROR(INDEX(Barang!$C$2:$C$10001, MATCH(L65, Barang!$B$2:$B$10001, 0)), ""))} | N65: {=IF(L65="","", IFERROR(INDEX(Barang!$E$2:$E$10001, MATCH(L65, Barang!$B$2:$B$10001, 0)), ""))} | P65: {=IF(L65="","", IFERROR(INDEX(Barang!$F$2:$F$10001, MATCH(L65, Barang!$B$2:$B$10001, 0)) * O65, ""))} | S65: - | T65: -
B66: {=IF(C66="","", IFERROR(INDEX(Barang!$A$2:$A$10001, MATCH(C66, Barang!$B$2:$B$10001, 0)), "Tidak ditemukan"))} -> KTB001 | C66: Ketumbar | D66: {=IF(C66="","", IFERROR(INDEX(Barang!$C$2:$C$100, MATCH(C66, Barang!$B$2:$B$100, 0)), ""))} -> Rempah | E66: {=IF(C66="","", IFERROR(INDEX(Barang!$E$2:$E$100, MATCH(C66, Barang!$B$2:$B$100, 0)), ""))} -> pcs | F66: 10 | G66: {=IF(C66="","", IFERROR(INDEX(Barang!$F$2:$F$100, MATCH(C66, Barang!$B$2:$B$100, 0)) * F66, ""))} -> 10000 | K66: {=IF(L66="","", IFERROR(INDEX(Barang!$A$2:$A$10001, MATCH(L66, Barang!$B$2:$B$10001, 0)), "Tidak ditemukan"))} | M66: {=IF(L66="","", IFERROR(INDEX(Barang!$C$2:$C$10001, MATCH(L66, Barang!$B$2:$B$10001, 0)), ""))} | N66: {=IF(L66="","", IFERROR(INDEX(Barang!$E$2:$E$10001, MATCH(L66, Barang!$B$2:$B$10001, 0)), ""))} | P66: {=IF(L66="","", IFERROR(INDEX(Barang!$F$2:$F$10001, MATCH(L66, Barang!$B$2:$B$10001, 0)) * O66, ""))} | R66: =H66-'2024'!F66+O66 -> -1 | S66: - | T66: -
B67: {=IF(C67="","", IFERROR(INDEX(Barang!$A$2:$A$10001, MATCH(C67, Barang!$B$2:$B$10001, 0)), "Tidak ditemukan"))} -> GCC001 | C67: Garuda crunchy | D67: {=IF(C67="","", IFERROR(INDEX(Barang!$C$2:$C$100, MATCH(C67, Barang!$B$2:$B$100, 0)), ""))} -> Makanan | E67: {=IF(C67="","", IFERROR(INDEX(Barang!$E$2:$E$100, MATCH(C67, Barang!$B$2:$B$100, 0)), ""))} -> pcs | F67: 10 | G67: {=IF(C67="","", IFERROR(INDEX(Barang!$F$2:$F$100, MATCH(C67, Barang!$B$2:$B$100, 0)) * F67, ""))} -> 20000 | K67: {=IF(L67="","", IFERROR(INDEX(Barang!$A$2:$A$10001, MATCH(L67, Barang!$B$2:$B$10001, 0)), "Tidak ditemukan"))} | M67: {=IF(L67="","", IFERROR(INDEX(Barang!$C$2:$C$10001, MATCH(L67, Barang!$B$2:$B$10001, 0)), ""))} | N67: {=IF(L67="","", IFERROR(INDEX(Barang!$E$2:$E$10001, MATCH(L67, Barang!$B$2:$B$10001, 0)), ""))} | P67: {=IF(L67="","", IFERROR(INDEX(Barang!$F$2:$F$10001, MATCH(L67, Barang!$B$2:$B$10001, 0)) * O67, ""))} | R67: =H67-'2024'!F67+O67 -> -2 | S67: - | T67: -
B68: {=IF(C68="","", IFERROR(INDEX(Barang!$A$2:$A$10001, MATCH(C68, Barang!$B$2:$B$10001, 0)), "Tidak ditemukan"))} -> DLN001 | C68: Dilan 1000 | D68: {=IF(C68="","", IFERROR(INDEX(Barang!$C$2:$C$100, MATCH(C68, Barang!$B$2:$B$100, 0)), ""))} -> Makanan | E68: {=IF(C68="","", IFERROR(INDEX(Barang!$E$2:$E$100, MATCH(C68, Barang!$B$2:$B$100, 0)), ""))} -> pcs | F68: 24 | G68: {=IF(C68="","", IFERROR(INDEX(Barang!$F$2:$F$100, MATCH(C68, Barang!$B$2:$B$100, 0)) * F68, ""))} -> 24000 | K68: {=IF(L68="","", IFERROR(INDEX(Barang!$A$2:$A$10001, MATCH(L68, Barang!$B$2:$B$10001, 0)), "Tidak ditemukan"))} | M68: {=IF(L68="","", IFERROR(INDEX(Barang!$C$2:$C$10001, MATCH(L68, Barang!$B$2:$B$10001, 0)), ""))} | N68: {=IF(L68="","", IFERROR(INDEX(Barang!$E$2:$E$10001, MATCH(L68, Barang!$B$2:$B$10001, 0)), ""))} | P68: {=IF(L68="","", IFERROR(INDEX(Barang!$F$2:$F$10001, MATCH(L68, Barang!$B$2:$B$10001, 0)) * O68, ""))} | R68: =H68-'2024'!F68+O68 -> -1 | S68: - | T68: -
B69: {=IF(C69="","", IFERROR(INDEX(Barang!$A$2:$A$10001, MATCH(C69, Barang!$B$2:$B$10001, 0)), "Tidak ditemukan"))} -> DSO001 | C69: Desaku opor | D69: {=IF(C69="","", IFERROR(INDEX(Barang!$C$2:$C$100, MATCH(C69, Barang!$B$2:$B$100, 0)), ""))} -> Bumbu | E69: {=IF(C69="","", IFERROR(INDEX(Barang!$E$2:$E$100, MATCH(C69, Barang!$B$2:$B$100, 0)), ""))} -> pcs | F69: 10 | G69: {=IF(C69="","", IFERROR(INDEX(Barang!$F$2:$F$100, MATCH(C69, Barang!$B$2:$B$100, 0)) * F69, ""))} -> 35000 | K69: {=IF(L69="","", IFERROR(INDEX(Barang!$A$2:$A$10001, MATCH(L69, Barang!$B$2:$B$10001, 0)), "Tidak ditemukan"))} | M69: {=IF(L69="","", IFERROR(INDEX(Barang!$C$2:$C$10001, MATCH(L69, Barang!$B$2:$B$10001, 0)), ""))} | N69: {=IF(L69="","", IFERROR(INDEX(Barang!$E$2:$E$10001, MATCH(L69, Barang!$B$2:$B$10001, 0)), ""))} | P69: {=IF(L69="","", IFERROR(INDEX(Barang!$F$2:$F$10001, MATCH(L69, Barang!$B$2:$B$10001, 0)) * O69, ""))} | R69: =H69-'2024'!F69+O69 -> -2 | S69: - | T69: -
B70: {=IF(C70="","", IFERROR(INDEX(Barang!$A$2:$A$10001, MATCH(C70, Barang!$B$2:$B$10001, 0)), "Tidak ditemukan"))} -> STS | C70: Santan sasa | D70: {=IF(C70="","", IFERROR(INDEX(Barang!$C$2:$C$100, MATCH(C70, Barang!$B$2:$B$100, 0)), ""))} -> Bumbu | E70: {=IF(C70="","", IFERROR(INDEX(Barang!$E$2:$E$100, MATCH(C70, Barang!$B$2:$B$100, 0)), ""))} -> pcs | F70: 10 | G70: {=IF(C70="","", IFERROR(INDEX(Barang!$F$2:$F$100, MATCH(C70, Barang!$B$2:$B$100, 0)) * F70, ""))} -> 55000 | K70: {=IF(L70="","", IFERROR(INDEX(Barang!$A$2:$A$10001, MATCH(L70, Barang!$B$2:$B$10001, 0)), "Tidak ditemukan"))} | M70: {=IF(L70="","", IFERROR(INDEX(Barang!$C$2:$C$10001, MATCH(L70, Barang!$B$2:$B$10001, 0)), ""))} | N70: {=IF(L70="","", IFERROR(INDEX(Barang!$E$2:$E$10001, MATCH(L70, Barang!$B$2:$B$10001, 0)), ""))} | P70: {=IF(L70="","", IFERROR(INDEX(Barang!$F$2:$F$10001, MATCH(L70, Barang!$B$2:$B$10001, 0)) * O70, ""))} | R70: =H70-'2024'!F70+O70 -> -2 | S70: - | T70: -
B71: {=IF(C71="","", IFERROR(INDEX(Barang!$A$2:$A$10001, MATCH(C71, Barang!$B$2:$B$10001, 0)), "Tidak ditemukan"))} -> RTP001 | C71: Roti pia | D71: {=IF(C71="","", IFERROR(INDEX(Barang!$C$2:$C$100, MATCH(C71, Barang!$B$2:$B$100, 0)), ""))} -> Makanan | E71: {=IF(C71="","", IFERROR(INDEX(Barang!$E$2:$E$100, MATCH(C71, Barang!$B$2:$B$100, 0)), ""))} -> pcs | F71: 15 | G71: {=IF(C71="","", IFERROR(INDEX(Barang!$F$2:$F$100, MATCH(C71, Barang!$B$2:$B$100, 0)) * F71, ""))} -> 30000 | K71: {=IF(L71="","", IFERROR(INDEX(Barang!$A$2:$A$10001, MATCH(L71, Barang!$B$2:$B$10001, 0)), "Tidak ditemukan"))} | M71: {=IF(L71="","", IFERROR(INDEX(Barang!$C$2:$C$10001, MATCH(L71, Barang!$B$2:$B$10001, 0)), ""))} | N71: {=IF(L71="","", IFERROR(INDEX(Barang!$E$2:$E$10001, MATCH(L71, Barang!$B$2:$B$10001, 0)), ""))} | P71: {=IF(L71="","", IFERROR(INDEX(Barang!$F$2:$F$10001, MATCH(L71, Barang!$B$2:$B$10001, 0)) * O71, ""))} | R71: =H71-'2024'!F71+O71 -> -1 | S71: - | T71: -
B72: {=IF(C72="","", IFERROR(INDEX(Barang!$A$2:$A$10001, MATCH(C72, Barang!$B$2:$B$10001, 0)), "Tidak ditemukan"))} -> KPH001 | C72: Kopi hitam | D72: {=IF(C72="","", IFERROR(INDEX(Barang!$C$2:$C$100, MATCH(C72, Barang!$B$2:$B$100, 0)), ""))} -> Minuman | E72: {=IF(C72="","", IFERROR(INDEX(Barang!$E$2:$E$100, MATCH(C72, Barang!$B$2:$B$100, 0)), ""))} -> pcs | F72: 60 | G72: {=IF(C72="","", IFERROR(INDEX(Barang!$F$2:$F$100, MATCH(C72, Barang!$B$2:$B$100, 0)) * F72, ""))} -> 60000 | K72: {=IF(L72="","", IFERROR(INDEX(Barang!$A$2:$A$10001, MATCH(L72, Barang!$B$2:$B$10001, 0)), "Tidak ditemukan"))} | M72: {=IF(L72="","", IFERROR(INDEX(Barang!$C$2:$C$10001, MATCH(L72, Barang!$B$2:$B$10001, 0)), ""))} | N72: {=IF(L72="","", IFERROR(INDEX(Barang!$E$2:$E$10001, MATCH(L72, Barang!$B$2:$B$10001, 0)), ""))} | P72: {=IF(L72="","", IFERROR(INDEX(Barang!$F$2:$F$10001, MATCH(L72, Barang!$B$2:$B$10001, 0)) * O72, ""))} | R72: =H72-'2024'!F72+O72 -> -1 | S72: - | T72: -
B73: {=IF(C73="","", IFERROR(INDEX(Barang!$A$2:$A$10001, MATCH(C73, Barang!$B$2:$B$10001, 0)), "Tidak ditemukan"))} -> THD001 | C73: Teh dandang | D73: {=IF(C73="","", IFERROR(INDEX(Barang!$C$2:$C$100, MATCH(C73, Barang!$B$2:$B$100, 0)), ""))} -> Minuman | E73: {=IF(C73="","", IFERROR(INDEX(Barang!$E$2:$E$100, MATCH(C73, Barang!$B$2:$B$100, 0)), ""))} -> pcs | F73: 20 | G73: {=IF(C73="","", IFERROR(INDEX(Barang!$F$2:$F$100, MATCH(C73, Barang!$B$2:$B$100, 0)) * F73, ""))} -> 40000 | K73: {=IF(L73="","", IFERROR(INDEX(Barang!$A$2:$A$10001, MATCH(L73, Barang!$B$2:$B$10001, 0)), "Tidak ditemukan"))} | M73: {=IF(L73="","", IFERROR(INDEX(Barang!$C$2:$C$10001, MATCH(L73, Barang!$B$2:$B$10001, 0)), ""))} | N73: {=IF(L73="","", IFERROR(INDEX(Barang!$E$2:$E$10001, MATCH(L73, Barang!$B$2:$B$10001, 0)), ""))} | P73: {=IF(L73="","", IFERROR(INDEX(Barang!$F$2:$F$10001, MATCH(L73, Barang!$B$2:$B$10001, 0)) * O73, ""))} | R73: =H73-'2024'!F73+O73 -> -1 | S73: - | T73: -
B74: {=IF(C74="","", IFERROR(INDEX(Barang!$A$2:$A$10001, MATCH(C74, Barang!$B$2:$B$10001, 0)), "Tidak ditemukan"))} -> GPT001 | C74: Gery potato | D74: {=IF(C74="","", IFERROR(INDEX(Barang!$C$2:$C$100, MATCH(C74, Barang!$B$2:$B$100, 0)), ""))} -> Makanan | E74: {=IF(C74="","", IFERROR(INDEX(Barang!$E$2:$E$100, MATCH(C74, Barang!$B$2:$B$100, 0)), ""))} -> pcs | F74: 50 | G74: {=IF(C74="","", IFERROR(INDEX(Barang!$F$2:$F$100, MATCH(C74, Barang!$B$2:$B$100, 0)) * F74, ""))} -> 50000 | K74: {=IF(L74="","", IFERROR(INDEX(Barang!$A$2:$A$10001, MATCH(L74, Barang!$B$2:$B$10001, 0)), "Tidak ditemukan"))} | M74: {=IF(L74="","", IFERROR(INDEX(Barang!$C$2:$C$10001, MATCH(L74, Barang!$B$2:$B$10001, 0)), ""))} | N74: {=IF(L74="","", IFERROR(INDEX(Barang!$E$2:$E$10001, MATCH(L74, Barang!$B$2:$B$10001, 0)), ""))} | P74: {=IF(L74="","", IFERROR(INDEX(Barang!$F$2:$F$10001, MATCH(L74, Barang!$B$2:$B$10001, 0)) * O74, ""))} | R74: =H74-'2024'!F74+O74 -> -1 | S74: - | T74: -
B75: {=IF(C75="","", IFERROR(INDEX(Barang!$A$2:$A$10001, MATCH(C75, Barang!$B$2:$B$10001, 0)), "Tidak ditemukan"))} -> GRR001 | C75: Goriorio | D75: {=IF(C75="","", IFERROR(INDEX(Barang!$C$2:$C$100, MATCH(C75, Barang!$B$2:$B$100, 0)), ""))} -> Makanan | E75: {=IF(C75="","", IFERROR(INDEX(Barang!$E$2:$E$100, MATCH(C75, Barang!$B$2:$B$100, 0)), ""))} -> pcs | F75: 20 | G75: {=IF(C75="","", IFERROR(INDEX(Barang!$F$2:$F$100, MATCH(C75, Barang!$B$2:$B$100, 0)) * F75, ""))} -> 10000 | K75: {=IF(L75="","", IFERROR(INDEX(Barang!$A$2:$A$10001, MATCH(L75, Barang!$B$2:$B$10001, 0)), "Tidak ditemukan"))} | M75: {=IF(L75="","", IFERROR(INDEX(Barang!$C$2:$C$10001, MATCH(L75, Barang!$B$2:$B$10001, 0)), ""))} | N75: {=IF(L75="","", IFERROR(INDEX(Barang!$E$2:$E$10001, MATCH(L75, Barang!$B$2:$B$10001, 0)), ""))} | P75: {=IF(L75="","", IFERROR(INDEX(Barang!$F$2:$F$10001, MATCH(L75, Barang!$B$2:$B$10001, 0)) * O75, ""))} | R75: =H75-'2024'!F75+O75 -> -1 | S75: - | T75: -
B76: {=IF(C76="","", IFERROR(INDEX(Barang!$A$2:$A$10001, MATCH(C76, Barang!$B$2:$B$10001, 0)), "Tidak ditemukan"))} -> CLR001 | C76: Chocolatos rich | D76: {=IF(C76="","", IFERROR(INDEX(Barang!$C$2:$C$100, MATCH(C76, Barang!$B$2:$B$100, 0)), ""))} -> Makanan | E76: {=IF(C76="","", IFERROR(INDEX(Barang!$E$2:$E$100, MATCH(C76, Barang!$B$2:$B$100, 0)), ""))} -> pcs | F76: 24 | G76: {=IF(C76="","", IFERROR(INDEX(Barang!$F$2:$F$100, MATCH(C76, Barang!$B$2:$B$100, 0)) * F76, ""))} -> 48000 | K76: {=IF(L76="","", IFERROR(INDEX(Barang!$A$2:$A$10001, MATCH(L76, Barang!$B$2:$B$10001, 0)), "Tidak ditemukan"))} | M76: {=IF(L76="","", IFERROR(INDEX(Barang!$C$2:$C$10001, MATCH(L76, Barang!$B$2:$B$10001, 0)), ""))} | N76: {=IF(L76="","", IFERROR(INDEX(Barang!$E$2:$E$10001, MATCH(L76, Barang!$B$2:$B$10001, 0)), ""))} | P76: {=IF(L76="","", IFERROR(INDEX(Barang!$F$2:$F$10001, MATCH(L76, Barang!$B$2:$B$10001, 0)) * O76, ""))} | R76: =H76-'2024'!F76+O76 -> -10 | S76: - | T76: -
A77: 45949 | B77: {=IF(C77="","", IFERROR(INDEX(Barang!$A$2:$A$10001, MATCH(C77, Barang!$B$2:$B$10001, 0)), "Tidak ditemukan"))} -> TPL2 | C77: Tropical 2Lt | D77: {=IF(C77="","", IFERROR(INDEX(Barang!$C$2:$C$100, MATCH(C77, Barang!$B$2:$B$100, 0)), ""))} -> Minyak | E77: {=IF(C77="","", IFERROR(INDEX(Barang!$E$2:$E$100, MATCH(C77, Barang!$B$2:$B$100, 0)), ""))} -> Liter | F77: 6 | G77: {=IF(C77="","", IFERROR(INDEX(Barang!$F$2:$F$100, MATCH(C77, Barang!$B$2:$B$100, 0)) * F77, ""))} -> 240000 | K77: {=IF(L77="","", IFERROR(INDEX(Barang!$A$2:$A$10001, MATCH(L77, Barang!$B$2:$B$10001, 0)), "Tidak ditemukan"))} | M77: {=IF(L77="","", IFERROR(INDEX(Barang!$C$2:$C$10001, MATCH(L77, Barang!$B$2:$B$10001, 0)), ""))} | N77: {=IF(L77="","", IFERROR(INDEX(Barang!$E$2:$E$10001, MATCH(L77, Barang!$B$2:$B$10001, 0)), ""))} | P77: {=IF(L77="","", IFERROR(INDEX(Barang!$F$2:$F$10001, MATCH(L77, Barang!$B$2:$B$10001, 0)) * O77, ""))} | R77: =H77-'2024'!F77+O77 -> -1 | S77: - | T77: -
B78: {=IF(C78="","", IFERROR(INDEX(Barang!$A$2:$A$10001, MATCH(C78, Barang!$B$2:$B$10001, 0)), "Tidak ditemukan"))} -> DLN001 | C78: Dilan 1000 | D78: {=IF(C78="","", IFERROR(INDEX(Barang!$C$2:$C$100, MATCH(C78, Barang!$B$2:$B$100, 0)), ""))} -> Makanan | E78: {=IF(C78="","", IFERROR(INDEX(Barang!$E$2:$E$100, MATCH(C78, Barang!$B$2:$B$100, 0)), ""))} -> pcs | F78: 24 | G78: {=IF(C78="","", IFERROR(INDEX(Barang!$F$2:$F$100, MATCH(C78, Barang!$B$2:$B$100, 0)) * F78, ""))} -> 24000 | K78: {=IF(L78="","", IFERROR(INDEX(Barang!$A$2:$A$10001, MATCH(L78, Barang!$B$2:$B$10001, 0)), "Tidak ditemukan"))} | M78: {=IF(L78="","", IFERROR(INDEX(Barang!$C$2:$C$10001, MATCH(L78, Barang!$B$2:$B$10001, 0)), ""))} | N78: {=IF(L78="","", IFERROR(INDEX(Barang!$E$2:$E$10001, MATCH(L78, Barang!$B$2:$B$10001, 0)), ""))} | P78: {=IF(L78="","", IFERROR(INDEX(Barang!$F$2:$F$10001, MATCH(L78, Barang!$B$2:$B$10001, 0)) * O78, ""))} | R78: =H78-'2024'!F78+O78 -> -3 | S78: - | T78: -
B79: {=IF(C79="","", IFERROR(INDEX(Barang!$A$2:$A$10001, MATCH(C79, Barang!$B$2:$B$10001, 0)), "Tidak ditemukan"))} -> KCP001 | C79: Kecap | D79: {=IF(C79="","", IFERROR(INDEX(Barang!$C$2:$C$100, MATCH(C79, Barang!$B$2:$B$100, 0)), ""))} -> Bumbu | E79: {=IF(C79="","", IFERROR(INDEX(Barang!$E$2:$E$100, MATCH(C79, Barang!$B$2:$B$100, 0)), ""))} -> pcs | F79: 20 | G79: {=IF(C79="","", IFERROR(INDEX(Barang!$F$2:$F$100, MATCH(C79, Barang!$B$2:$B$100, 0)) * F79, ""))} -> 40000 | K79: {=IF(L79="","", IFERROR(INDEX(Barang!$A$2:$A$10001, MATCH(L79, Barang!$B$2:$B$10001, 0)), "Tidak ditemukan"))} | M79: {=IF(L79="","", IFERROR(INDEX(Barang!$C$2:$C$10001, MATCH(L79, Barang!$B$2:$B$10001, 0)), ""))} | N79: {=IF(L79="","", IFERROR(INDEX(Barang!$E$2:$E$10001, MATCH(L79, Barang!$B$2:$B$10001, 0)), ""))} | P79: {=IF(L79="","", IFERROR(INDEX(Barang!$F$2:$F$10001, MATCH(L79, Barang!$B$2:$B$10001, 0)) * O79, ""))} | R79: =H79-'2024'!F79+O79 -> -1 | S79: - | T79: -
B80: {=IF(C80="","", IFERROR(INDEX(Barang!$A$2:$A$10001, MATCH(C80, Barang!$B$2:$B$10001, 0)), "Tidak ditemukan"))} -> GRM01 | C80: Garam | D80: {=IF(C80="","", IFERROR(INDEX(Barang!$C$2:$C$100, MATCH(C80, Barang!$B$2:$B$100, 0)), ""))} -> Bumbu | E80: {=IF(C80="","", IFERROR(INDEX(Barang!$E$2:$E$100, MATCH(C80, Barang!$B$2:$B$100, 0)), ""))} -> pcs | F80: 20 | G80: {=IF(C80="","", IFERROR(INDEX(Barang!$F$2:$F$100, MATCH(C80, Barang!$B$2:$B$100, 0)) * F80, ""))} -> 50000 | K80: {=IF(L80="","", IFERROR(INDEX(Barang!$A$2:$A$10001, MATCH(L80, Barang!$B$2:$B$10001, 0)), "Tidak ditemukan"))} | M80: {=IF(L80="","", IFERROR(INDEX(Barang!$C$2:$C$10001, MATCH(L80, Barang!$B$2:$B$10001, 0)), ""))} | N80: {=IF(L80="","", IFERROR(INDEX(Barang!$E$2:$E$10001, MATCH(L80, Barang!$B$2:$B$10001, 0)), ""))} | P80: {=IF(L80="","", IFERROR(INDEX(Barang!$F$2:$F$10001, MATCH(L80, Barang!$B$2:$B$10001, 0)) * O80, ""))} | R80: =H80-'2024'!F80+O80 -> -1 | S80: - | T80: -
B81: {=IF(C81="","", IFERROR(INDEX(Barang!$A$2:$A$10001, MATCH(C81, Barang!$B$2:$B$10001, 0)), "Tidak ditemukan"))} -> STS | C81: Santan sasa | D81: {=IF(C81="","", IFERROR(INDEX(Barang!$C$2:$C$100, MATCH(C81, Barang!$B$2:$B$100, 0)), ""))} -> Bumbu | E81: {=IF(C81="","", IFERROR(INDEX(Barang!$E$2:$E$100, MATCH(C81, Barang!$B$2:$B$100, 0)), ""))} -> pcs | F81: 10 | G81: {=IF(C81="","", IFERROR(INDEX(Barang!$F$2:$F$100, MATCH(C81, Barang!$B$2:$B$100, 0)) * F81, ""))} -> 55000 | K81: {=IF(L81="","", IFERROR(INDEX(Barang!$A$2:$A$10001, MATCH(L81, Barang!$B$2:$B$10001, 0)), "Tidak ditemukan"))} | M81: {=IF(L81="","", IFERROR(INDEX(Barang!$C$2:$C$10001, MATCH(L81, Barang!$B$2:$B$10001, 0)), ""))} | N81: {=IF(L81="","", IFERROR(INDEX(Barang!$E$2:$E$10001, MATCH(L81, Barang!$B$2:$B$10001, 0)), ""))} | P81: {=IF(L81="","", IFERROR(INDEX(Barang!$F$2:$F$10001, MATCH(L81, Barang!$B$2:$B$10001, 0)) * O81, ""))} | R81: =H81-'2024'!F81+O81 -> -1 | S81: - | T81: -
B82: {=IF(C82="","", IFERROR(INDEX(Barang!$A$2:$A$10001, MATCH(C82, Barang!$B$2:$B$10001, 0)), "Tidak ditemukan"))} -> GRA001 | C82: Garuda atom | D82: {=IF(C82="","", IFERROR(INDEX(Barang!$C$2:$C$100, MATCH(C82, Barang!$B$2:$B$100, 0)), ""))} -> Makanan | E82: {=IF(C82="","", IFERROR(INDEX(Barang!$E$2:$E$100, MATCH(C82, Barang!$B$2:$B$100, 0)), ""))} -> pcs | F82: 10 | G82: {=IF(C82="","", IFERROR(INDEX(Barang!$F$2:$F$100, MATCH(C82, Barang!$B$2:$B$100, 0)) * F82, ""))} -> 20000 | K82: {=IF(L82="","", IFERROR(INDEX(Barang!$A$2:$A$10001, MATCH(L82, Barang!$B$2:$B$10001, 0)), "Tidak ditemukan"))} | M82: {=IF(L82="","", IFERROR(INDEX(Barang!$C$2:$C$10001, MATCH(L82, Barang!$B$2:$B$10001, 0)), ""))} | N82: {=IF(L82="","", IFERROR(INDEX(Barang!$E$2:$E$10001, MATCH(L82, Barang!$B$2:$B$10001, 0)), ""))} | P82: {=IF(L82="","", IFERROR(INDEX(Barang!$F$2:$F$10001, MATCH(L82, Barang!$B$2:$B$10001, 0)) * O82, ""))} | R82: =H82-'2024'!F82+O82 -> -2 | S82: - | T82: -
B83: {=IF(C83="","", IFERROR(INDEX(Barang!$A$2:$A$10001, MATCH(C83, Barang!$B$2:$B$10001, 0)), "Tidak ditemukan"))} -> PLS002 | C83: Pilus | D83: {=IF(C83="","", IFERROR(INDEX(Barang!$C$2:$C$100, MATCH(C83, Barang!$B$2:$B$100, 0)), ""))} -> Makanan | E83: {=IF(C83="","", IFERROR(INDEX(Barang!$E$2:$E$100, MATCH(C83, Barang!$B$2:$B$100, 0)), ""))} -> pcs | F83: 40 | G83: {=IF(C83="","", IFERROR(INDEX(Barang!$F$2:$F$100, MATCH(C83, Barang!$B$2:$B$100, 0)) * F83, ""))} -> 40000 | K83: {=IF(L83="","", IFERROR(INDEX(Barang!$A$2:$A$10001, MATCH(L83, Barang!$B$2:$B$10001, 0)), "Tidak ditemukan"))} | M83: {=IF(L83="","", IFERROR(INDEX(Barang!$C$2:$C$10001, MATCH(L83, Barang!$B$2:$B$10001, 0)), ""))} | N83: {=IF(L83="","", IFERROR(INDEX(Barang!$E$2:$E$10001, MATCH(L83, Barang!$B$2:$B$10001, 0)), ""))} | P83: {=IF(L83="","", IFERROR(INDEX(Barang!$F$2:$F$10001, MATCH(L83, Barang!$B$2:$B$10001, 0)) * O83, ""))} | R83: =H83-'2024'!F83+O83 -> -2 | S83: - | T83: -
B84: {=IF(C84="","", IFERROR(INDEX(Barang!$A$2:$A$10001, MATCH(C84, Barang!$B$2:$B$10001, 0)), "Tidak ditemukan"))} -> OKJ2 | C84: Okky jelly 2 | D84: {=IF(C84="","", IFERROR(INDEX(Barang!$C$2:$C$100, MATCH(C84, Barang!$B$2:$B$100, 0)), ""))} -> Minuman | E84: {=IF(C84="","", IFERROR(INDEX(Barang!$E$2:$E$100, MATCH(C84, Barang!$B$2:$B$100, 0)), ""))} -> pcs | F84: 3 | G84: {=IF(C84="","", IFERROR(INDEX(Barang!$F$2:$F$100, MATCH(C84, Barang!$B$2:$B$100, 0)) * F84, ""))} -> 6000 | K84: {=IF(L84="","", IFERROR(INDEX(Barang!$A$2:$A$10001, MATCH(L84, Barang!$B$2:$B$10001, 0)), "Tidak ditemukan"))} | M84: {=IF(L84="","", IFERROR(INDEX(Barang!$C$2:$C$10001, MATCH(L84, Barang!$B$2:$B$10001, 0)), ""))} | N84: {=IF(L84="","", IFERROR(INDEX(Barang!$E$2:$E$10001, MATCH(L84, Barang!$B$2:$B$10001, 0)), ""))} | P84: {=IF(L84="","", IFERROR(INDEX(Barang!$F$2:$F$10001, MATCH(L84, Barang!$B$2:$B$10001, 0)) * O84, ""))} | R84: =H84-'2024'!F84+O84 -> -6 | S84: - | T84: -
B85: {=IF(C85="","", IFERROR(INDEX(Barang!$A$2:$A$10001, MATCH(C85, Barang!$B$2:$B$10001, 0)), "Tidak ditemukan"))} -> ADS001 | C85: Adem sari | D85: {=IF(C85="","", IFERROR(INDEX(Barang!$C$2:$C$100, MATCH(C85, Barang!$B$2:$B$100, 0)), ""))} -> Minuman | E85: {=IF(C85="","", IFERROR(INDEX(Barang!$E$2:$E$100, MATCH(C85, Barang!$B$2:$B$100, 0)), ""))} -> pcs | F85: 1 | G85: {=IF(C85="","", IFERROR(INDEX(Barang!$F$2:$F$100, MATCH(C85, Barang!$B$2:$B$100, 0)) * F85, ""))} -> 2500 | K85: {=IF(L85="","", IFERROR(INDEX(Barang!$A$2:$A$10001, MATCH(L85, Barang!$B$2:$B$10001, 0)), "Tidak ditemukan"))} | M85: {=IF(L85="","", IFERROR(INDEX(Barang!$C$2:$C$10001, MATCH(L85, Barang!$B$2:$B$10001, 0)), ""))} | N85: {=IF(L85="","", IFERROR(INDEX(Barang!$E$2:$E$10001, MATCH(L85, Barang!$B$2:$B$10001, 0)), ""))} | P85: {=IF(L85="","", IFERROR(INDEX(Barang!$F$2:$F$10001, MATCH(L85, Barang!$B$2:$B$10001, 0)) * O85, ""))} | R85: =H85-'2024'!F85+O85 -> -13 | S85: - | T85: -
B86: {=IF(C86="","", IFERROR(INDEX(Barang!$A$2:$A$10001, MATCH(C86, Barang!$B$2:$B$10001, 0)), "Tidak ditemukan"))} -> KCG4 | C86: Kacang 1/4 | D86: {=IF(C86="","", IFERROR(INDEX(Barang!$C$2:$C$100, MATCH(C86, Barang!$B$2:$B$100, 0)), ""))} -> Makanan | E86: {=IF(C86="","", IFERROR(INDEX(Barang!$E$2:$E$100, MATCH(C86, Barang!$B$2:$B$100, 0)), ""))} -> kg | F86: 5 | G86: {=IF(C86="","", IFERROR(INDEX(Barang!$F$2:$F$100, MATCH(C86, Barang!$B$2:$B$100, 0)) * F86, ""))} -> 37500 | K86: {=IF(L86="","", IFERROR(INDEX(Barang!$A$2:$A$10001, MATCH(L86, Barang!$B$2:$B$10001, 0)), "Tidak ditemukan"))} | M86: {=IF(L86="","", IFERROR(INDEX(Barang!$C$2:$C$10001, MATCH(L86, Barang!$B$2:$B$10001, 0)), ""))} | N86: {=IF(L86="","", IFERROR(INDEX(Barang!$E$2:$E$10001, MATCH(L86, Barang!$B$2:$B$10001, 0)), ""))} | P86: {=IF(L86="","", IFERROR(INDEX(Barang!$F$2:$F$10001, MATCH(L86, Barang!$B$2:$B$10001, 0)) * O86, ""))} | R86: =H86-'2024'!F86+O86 -> -2 | S86: - | T86: -
B87: {=IF(C87="","", IFERROR(INDEX(Barang!$A$2:$A$10001, MATCH(C87, Barang!$B$2:$B$10001, 0)), "Tidak ditemukan"))} -> MCN001 | C87: Micin 1000 | D87: {=IF(C87="","", IFERROR(INDEX(Barang!$C$2:$C$100, MATCH(C87, Barang!$B$2:$B$100, 0)), ""))} -> Bumbu | E87: {=IF(C87="","", IFERROR(INDEX(Barang!$E$2:$E$100, MATCH(C87, Barang!$B$2:$B$100, 0)), ""))} -> pcs | F87: 1 | G87: {=IF(C87="","", IFERROR(INDEX(Barang!$F$2:$F$100, MATCH(C87, Barang!$B$2:$B$100, 0)) * F87, ""))} -> 1000 | K87: {=IF(L87="","", IFERROR(INDEX(Barang!$A$2:$A$10001, MATCH(L87, Barang!$B$2:$B$10001, 0)), "Tidak ditemukan"))} | M87: {=IF(L87="","", IFERROR(INDEX(Barang!$C$2:$C$10001, MATCH(L87, Barang!$B$2:$B$10001, 0)), ""))} | N87: {=IF(L87="","", IFERROR(INDEX(Barang!$E$2:$E$10001, MATCH(L87, Barang!$B$2:$B$10001, 0)), ""))} | P87: {=IF(L87="","", IFERROR(INDEX(Barang!$F$2:$F$10001, MATCH(L87, Barang!$B$2:$B$10001, 0)) * O87, ""))} | R87: =H87-'2024'!F87+O87 -> -6 | S87: - | T87: -
B88: {=IF(C88="","", IFERROR(INDEX(Barang!$A$2:$A$10001, MATCH(C88, Barang!$B$2:$B$10001, 0)), "Tidak ditemukan"))} -> YP500 | C88: Yupi 500 | D88: {=IF(C88="","", IFERROR(INDEX(Barang!$C$2:$C$100, MATCH(C88, Barang!$B$2:$B$100, 0)), ""))} -> Makanan | E88: {=IF(C88="","", IFERROR(INDEX(Barang!$E$2:$E$100, MATCH(C88, Barang!$B$2:$B$100, 0)), ""))} -> pcs | F88: 4 | G88: {=IF(C88="","", IFERROR(INDEX(Barang!$F$2:$F$100, MATCH(C88, Barang!$B$2:$B$100, 0)) * F88, ""))} -> 2000 | K88: {=IF(L88="","", IFERROR(INDEX(Barang!$A$2:$A$10001, MATCH(L88, Barang!$B$2:$B$10001, 0)), "Tidak ditemukan"))} | M88: {=IF(L88="","", IFERROR(INDEX(Barang!$C$2:$C$10001, MATCH(L88, Barang!$B$2:$B$10001, 0)), ""))} | N88: {=IF(L88="","", IFERROR(INDEX(Barang!$E$2:$E$10001, MATCH(L88, Barang!$B$2:$B$10001, 0)), ""))} | P88: {=IF(L88="","", IFERROR(INDEX(Barang!$F$2:$F$10001, MATCH(L88, Barang!$B$2:$B$10001, 0)) * O88, ""))} | R88: =H88-'2024'!F88+O88 -> -2 | S88: - | T88: -
B89: {=IF(C89="","", IFERROR(INDEX(Barang!$A$2:$A$10001, MATCH(C89, Barang!$B$2:$B$10001, 0)), "Tidak ditemukan"))} -> ELP001 | C89: Elite potato | D89: {=IF(C89="","", IFERROR(INDEX(Barang!$C$2:$C$100, MATCH(C89, Barang!$B$2:$B$100, 0)), ""))} -> Makanan | E89: {=IF(C89="","", IFERROR(INDEX(Barang!$E$2:$E$100, MATCH(C89, Barang!$B$2:$B$100, 0)), ""))} -> pcs | F89: 2 | G89: {=IF(C89="","", IFERROR(INDEX(Barang!$F$2:$F$100, MATCH(C89, Barang!$B$2:$B$100, 0)) * F89, ""))} -> 4000 | K89: {=IF(L89="","", IFERROR(INDEX(Barang!$A$2:$A$10001, MATCH(L89, Barang!$B$2:$B$10001, 0)), "Tidak ditemukan"))} | M89: {=IF(L89="","", IFERROR(INDEX(Barang!$C$2:$C$10001, MATCH(L89, Barang!$B$2:$B$10001, 0)), ""))} | N89: {=IF(L89="","", IFERROR(INDEX(Barang!$E$2:$E$10001, MATCH(L89, Barang!$B$2:$B$10001, 0)), ""))} | P89: {=IF(L89="","", IFERROR(INDEX(Barang!$F$2:$F$10001, MATCH(L89, Barang!$B$2:$B$10001, 0)) * O89, ""))} | R89: =H89-'2024'!F89+O89 -> -6 | S89: - | T89: -
A90: 45950 | B90: {=IF(C90="","", IFERROR(INDEX(Barang!$A$2:$A$10001, MATCH(C90, Barang!$B$2:$B$10001, 0)), "Tidak ditemukan"))} -> DNY001 | C90: Downy | D90: {=IF(C90="","", IFERROR(INDEX(Barang!$C$2:$C$100, MATCH(C90, Barang!$B$2:$B$100, 0)), ""))} -> Detergen | E90: {=IF(C90="","", IFERROR(INDEX(Barang!$E$2:$E$100, MATCH(C90, Barang!$B$2:$B$100, 0)), ""))} -> pcs | F90: 4 | G90: {=IF(C90="","", IFERROR(INDEX(Barang!$F$2:$F$100, MATCH(C90, Barang!$B$2:$B$100, 0)) * F90, ""))} -> 2000 | K90: {=IF(L90="","", IFERROR(INDEX(Barang!$A$2:$A$10001, MATCH(L90, Barang!$B$2:$B$10001, 0)), "Tidak ditemukan"))} | M90: {=IF(L90="","", IFERROR(INDEX(Barang!$C$2:$C$10001, MATCH(L90, Barang!$B$2:$B$10001, 0)), ""))} | N90: {=IF(L90="","", IFERROR(INDEX(Barang!$E$2:$E$10001, MATCH(L90, Barang!$B$2:$B$10001, 0)), ""))} | P90: {=IF(L90="","", IFERROR(INDEX(Barang!$F$2:$F$10001, MATCH(L90, Barang!$B$2:$B$10001, 0)) * O90, ""))} | R90: =H90-'2024'!F90+O90 -> -2 | S90: - | T90: -
B91: {=IF(C91="","", IFERROR(INDEX(Barang!$A$2:$A$10001, MATCH(C91, Barang!$B$2:$B$10001, 0)), "Tidak ditemukan"))} -> LFB001 | C91: Lifebouy | D91: {=IF(C91="","", IFERROR(INDEX(Barang!$C$2:$C$100, MATCH(C91, Barang!$B$2:$B$100, 0)), ""))} -> Sabun | E91: {=IF(C91="","", IFERROR(INDEX(Barang!$E$2:$E$100, MATCH(C91, Barang!$B$2:$B$100, 0)), ""))} -> pcs | F91: 1 | G91: {=IF(C91="","", IFERROR(INDEX(Barang!$F$2:$F$100, MATCH(C91, Barang!$B$2:$B$100, 0)) * F91, ""))} -> 6000 | K91: {=IF(L91="","", IFERROR(INDEX(Barang!$A$2:$A$10001, MATCH(L91, Barang!$B$2:$B$10001, 0)), "Tidak ditemukan"))} | M91: {=IF(L91="","", IFERROR(INDEX(Barang!$C$2:$C$10001, MATCH(L91, Barang!$B$2:$B$10001, 0)), ""))} | N91: {=IF(L91="","", IFERROR(INDEX(Barang!$E$2:$E$10001, MATCH(L91, Barang!$B$2:$B$10001, 0)), ""))} | P91: {=IF(L91="","", IFERROR(INDEX(Barang!$F$2:$F$10001, MATCH(L91, Barang!$B$2:$B$10001, 0)) * O91, ""))} | R91: =H91-'2024'!F91+O91 -> -1 | S91: - | T91: -
B92: {=IF(C92="","", IFERROR(INDEX(Barang!$A$2:$A$10001, MATCH(C92, Barang!$B$2:$B$10001, 0)), "Tidak ditemukan"))} -> SST001 | C92: Sosoft | D92: {=IF(C92="","", IFERROR(INDEX(Barang!$C$2:$C$100, MATCH(C92, Barang!$B$2:$B$100, 0)), ""))} -> Detergen | E92: {=IF(C92="","", IFERROR(INDEX(Barang!$E$2:$E$100, MATCH(C92, Barang!$B$2:$B$100, 0)), ""))} -> pcs | F92: 1 | G92: {=IF(C92="","", IFERROR(INDEX(Barang!$F$2:$F$100, MATCH(C92, Barang!$B$2:$B$100, 0)) * F92, ""))} -> 18000 | K92: {=IF(L92="","", IFERROR(INDEX(Barang!$A$2:$A$10001, MATCH(L92, Barang!$B$2:$B$10001, 0)), "Tidak ditemukan"))} | M92: {=IF(L92="","", IFERROR(INDEX(Barang!$C$2:$C$10001, MATCH(L92, Barang!$B$2:$B$10001, 0)), ""))} | N92: {=IF(L92="","", IFERROR(INDEX(Barang!$E$2:$E$10001, MATCH(L92, Barang!$B$2:$B$10001, 0)), ""))} | P92: {=IF(L92="","", IFERROR(INDEX(Barang!$F$2:$F$10001, MATCH(L92, Barang!$B$2:$B$10001, 0)) * O92, ""))} | R92: =H92-'2024'!F92+O92 -> -9 | S92: - | T92: -
B93: {=IF(C93="","", IFERROR(INDEX(Barang!$A$2:$A$10001, MATCH(C93, Barang!$B$2:$B$10001, 0)), "Tidak ditemukan"))} -> TLR2 | C93: Telur 1/2 | D93: {=IF(C93="","", IFERROR(INDEX(Barang!$C$2:$C$100, MATCH(C93, Barang!$B$2:$B$100, 0)), ""))} -> Sembako | E93: {=IF(C93="","", IFERROR(INDEX(Barang!$E$2:$E$100, MATCH(C93, Barang!$B$2:$B$100, 0)), ""))} -> kg | F93: 10 | G93: {=IF(C93="","", IFERROR(INDEX(Barang!$F$2:$F$100, MATCH(C93, Barang!$B$2:$B$100, 0)) * F93, ""))} -> 155000 | K93: {=IF(L93="","", IFERROR(INDEX(Barang!$A$2:$A$10001, MATCH(L93, Barang!$B$2:$B$10001, 0)), "Tidak ditemukan"))} | M93: {=IF(L93="","", IFERROR(INDEX(Barang!$C$2:$C$10001, MATCH(L93, Barang!$B$2:$B$10001, 0)), ""))} | N93: {=IF(L93="","", IFERROR(INDEX(Barang!$E$2:$E$10001, MATCH(L93, Barang!$B$2:$B$10001, 0)), ""))} | P93: {=IF(L93="","", IFERROR(INDEX(Barang!$F$2:$F$10001, MATCH(L93, Barang!$B$2:$B$10001, 0)) * O93, ""))} | R93: =H93-'2024'!F93+O93 -> -3 | S93: - | T93: -
B94: {=IF(C94="","", IFERROR(INDEX(Barang!$A$2:$A$10001, MATCH(C94, Barang!$B$2:$B$10001, 0)), "Tidak ditemukan"))} -> KTN001 | C94: Kertas nasi | D94: {=IF(C94="","", IFERROR(INDEX(Barang!$C$2:$C$100, MATCH(C94, Barang!$B$2:$B$100, 0)), ""))} -> Kertas | E94: {=IF(C94="","", IFERROR(INDEX(Barang!$E$2:$E$100, MATCH(C94, Barang!$B$2:$B$100, 0)), ""))} -> pcs | F94: 2 | G94: {=IF(C94="","", IFERROR(INDEX(Barang!$F$2:$F$100, MATCH(C94, Barang!$B$2:$B$100, 0)) * F94, ""))} -> 3000 | K94: {=IF(L94="","", IFERROR(INDEX(Barang!$A$2:$A$10001, MATCH(L94, Barang!$B$2:$B$10001, 0)), "Tidak ditemukan"))} | M94: {=IF(L94="","", IFERROR(INDEX(Barang!$C$2:$C$10001, MATCH(L94, Barang!$B$2:$B$10001, 0)), ""))} | N94: {=IF(L94="","", IFERROR(INDEX(Barang!$E$2:$E$10001, MATCH(L94, Barang!$B$2:$B$10001, 0)), ""))} | P94: {=IF(L94="","", IFERROR(INDEX(Barang!$F$2:$F$10001, MATCH(L94, Barang!$B$2:$B$10001, 0)) * O94, ""))} | R94: =H94-'2024'!F94+O94 -> -3 | S94: - | T94: -
B95: {=IF(C95="","", IFERROR(INDEX(Barang!$A$2:$A$10001, MATCH(C95, Barang!$B$2:$B$10001, 0)), "Tidak ditemukan"))} -> PSD001 | C95: Pepsodent | D95: {=IF(C95="","", IFERROR(INDEX(Barang!$C$2:$C$100, MATCH(C95, Barang!$B$2:$B$100, 0)), ""))} -> Pasta gigi | E95: {=IF(C95="","", IFERROR(INDEX(Barang!$E$2:$E$100, MATCH(C95, Barang!$B$2:$B$100, 0)), ""))} -> pcs | F95: 1 | G95: {=IF(C95="","", IFERROR(INDEX(Barang!$F$2:$F$100, MATCH(C95, Barang!$B$2:$B$100, 0)) * F95, ""))} -> 11500 | K95: {=IF(L95="","", IFERROR(INDEX(Barang!$A$2:$A$10001, MATCH(L95, Barang!$B$2:$B$10001, 0)), "Tidak ditemukan"))} | M95: {=IF(L95="","", IFERROR(INDEX(Barang!$C$2:$C$10001, MATCH(L95, Barang!$B$2:$B$10001, 0)), ""))} | N95: {=IF(L95="","", IFERROR(INDEX(Barang!$E$2:$E$10001, MATCH(L95, Barang!$B$2:$B$10001, 0)), ""))} | P95: {=IF(L95="","", IFERROR(INDEX(Barang!$F$2:$F$10001, MATCH(L95, Barang!$B$2:$B$10001, 0)) * O95, ""))} | R95: =H95-'2024'!F95+O95 -> -1 | S95: - | T95: -
B96: {=IF(C96="","", IFERROR(INDEX(Barang!$A$2:$A$10001, MATCH(C96, Barang!$B$2:$B$10001, 0)), "Tidak ditemukan"))} -> SKB001 | C96: Soklin bubuk | D96: {=IF(C96="","", IFERROR(INDEX(Barang!$C$2:$C$100, MATCH(C96, Barang!$B$2:$B$100, 0)), ""))} -> Detergen | E96: {=IF(C96="","", IFERROR(INDEX(Barang!$E$2:$E$100, MATCH(C96, Barang!$B$2:$B$100, 0)), ""))} -> pcs | F96: 1 | G96: {=IF(C96="","", IFERROR(INDEX(Barang!$F$2:$F$100, MATCH(C96, Barang!$B$2:$B$100, 0)) * F96, ""))} -> 5000 | K96: {=IF(L96="","", IFERROR(INDEX(Barang!$A$2:$A$10001, MATCH(L96, Barang!$B$2:$B$10001, 0)), "Tidak ditemukan"))} | M96: {=IF(L96="","", IFERROR(INDEX(Barang!$C$2:$C$10001, MATCH(L96, Barang!$B$2:$B$10001, 0)), ""))} | N96: {=IF(L96="","", IFERROR(INDEX(Barang!$E$2:$E$10001, MATCH(L96, Barang!$B$2:$B$10001, 0)), ""))} | P96: {=IF(L96="","", IFERROR(INDEX(Barang!$F$2:$F$10001, MATCH(L96, Barang!$B$2:$B$10001, 0)) * O96, ""))} | R96: =H96-'2024'!F96+O96 -> #VALUE! | S96: - | T96: -
A97: 45951 | B97: {=IF(C97="","", IFERROR(INDEX(Barang!$A$2:$A$10001, MATCH(C97, Barang!$B$2:$B$10001, 0)), "Tidak ditemukan"))} -> RTP001 | C97: Roti pia | D97: {=IF(C97="","", IFERROR(INDEX(Barang!$C$2:$C$100, MATCH(C97, Barang!$B$2:$B$100, 0)), ""))} -> Makanan | E97: {=IF(C97="","", IFERROR(INDEX(Barang!$E$2:$E$100, MATCH(C97, Barang!$B$2:$B$100, 0)), ""))} -> pcs | F97: 4 | G97: {=IF(C97="","", IFERROR(INDEX(Barang!$F$2:$F$100, MATCH(C97, Barang!$B$2:$B$100, 0)) * F97, ""))} -> 8000 | K97: {=IF(L97="","", IFERROR(INDEX(Barang!$A$2:$A$10001, MATCH(L97, Barang!$B$2:$B$10001, 0)), "Tidak ditemukan"))} | M97: {=IF(L97="","", IFERROR(INDEX(Barang!$C$2:$C$10001, MATCH(L97, Barang!$B$2:$B$10001, 0)), ""))} | N97: {=IF(L97="","", IFERROR(INDEX(Barang!$E$2:$E$10001, MATCH(L97, Barang!$B$2:$B$10001, 0)), ""))} | P97: {=IF(L97="","", IFERROR(INDEX(Barang!$F$2:$F$10001, MATCH(L97, Barang!$B$2:$B$10001, 0)) * O97, ""))} | R97: =H97-'2024'!F97+O97 -> -1 | S97: - | T97: -
B98: {=IF(C98="","", IFERROR(INDEX(Barang!$A$2:$A$10001, MATCH(C98, Barang!$B$2:$B$10001, 0)), "Tidak ditemukan"))} -> GPT001 | C98: Gery potato | D98: {=IF(C98="","", IFERROR(INDEX(Barang!$C$2:$C$100, MATCH(C98, Barang!$B$2:$B$100, 0)), ""))} -> Makanan | E98: {=IF(C98="","", IFERROR(INDEX(Barang!$E$2:$E$100, MATCH(C98, Barang!$B$2:$B$100, 0)), ""))} -> pcs | F98: 5 | G98: {=IF(C98="","", IFERROR(INDEX(Barang!$F$2:$F$100, MATCH(C98, Barang!$B$2:$B$100, 0)) * F98, ""))} -> 5000 | K98: {=IF(L98="","", IFERROR(INDEX(Barang!$A$2:$A$10001, MATCH(L98, Barang!$B$2:$B$10001, 0)), "Tidak ditemukan"))} | M98: {=IF(L98="","", IFERROR(INDEX(Barang!$C$2:$C$10001, MATCH(L98, Barang!$B$2:$B$10001, 0)), ""))} | N98: {=IF(L98="","", IFERROR(INDEX(Barang!$E$2:$E$10001, MATCH(L98, Barang!$B$2:$B$10001, 0)), ""))} | P98: {=IF(L98="","", IFERROR(INDEX(Barang!$F$2:$F$10001, MATCH(L98, Barang!$B$2:$B$10001, 0)) * O98, ""))} | R98: =H98-'2024'!F98+O98 -> -1 | S98: - | T98: -
B99: {=IF(C99="","", IFERROR(INDEX(Barang!$A$2:$A$10001, MATCH(C99, Barang!$B$2:$B$10001, 0)), "Tidak ditemukan"))} -> MGR001 | C99: Mie goreng | D99: {=IF(C99="","", IFERROR(INDEX(Barang!$C$2:$C$100, MATCH(C99, Barang!$B$2:$B$100, 0)), ""))} -> Makanan | E99: {=IF(C99="","", IFERROR(INDEX(Barang!$E$2:$E$100, MATCH(C99, Barang!$B$2:$B$100, 0)), ""))} -> pcs | F99: 41 | G99: {=IF(C99="","", IFERROR(INDEX(Barang!$F$2:$F$100, MATCH(C99, Barang!$B$2:$B$100, 0)) * F99, ""))} -> 143500 | K99: {=IF(L99="","", IFERROR(INDEX(Barang!$A$2:$A$10001, MATCH(L99, Barang!$B$2:$B$10001, 0)), "Tidak ditemukan"))} | M99: {=IF(L99="","", IFERROR(INDEX(Barang!$C$2:$C$10001, MATCH(L99, Barang!$B$2:$B$10001, 0)), ""))} | N99: {=IF(L99="","", IFERROR(INDEX(Barang!$E$2:$E$10001, MATCH(L99, Barang!$B$2:$B$10001, 0)), ""))} | P99: {=IF(L99="","", IFERROR(INDEX(Barang!$F$2:$F$10001, MATCH(L99, Barang!$B$2:$B$10001, 0)) * O99, ""))} | R99: =H99-'2024'!F99+O99 -> -1 | S99: - | T99: -
B100: {=IF(C100="","", IFERROR(INDEX(Barang!$A$2:$A$10001, MATCH(C100, Barang!$B$2:$B$10001, 0)), "Tidak ditemukan"))} -> MKH001 | C100: Mie kuah | D100: {=IF(C100="","", IFERROR(INDEX(Barang!$C$2:$C$100, MATCH(C100, Barang!$B$2:$B$100, 0)), ""))} -> Makanan | E100: {=IF(C100="","", IFERROR(INDEX(Barang!$E$2:$E$100, MATCH(C100, Barang!$B$2:$B$100, 0)), ""))} -> pcs | F100: 40 | G100: {=IF(C100="","", IFERROR(INDEX(Barang!$F$2:$F$100, MATCH(C100, Barang!$B$2:$B$100, 0)) * F100, ""))} -> 140000 | K100: {=IF(L100="","", IFERROR(INDEX(Barang!$A$2:$A$10001, MATCH(L100, Barang!$B$2:$B$10001, 0)), "Tidak ditemukan"))} | M100: {=IF(L100="","", IFERROR(INDEX(Barang!$C$2:$C$10001, MATCH(L100, Barang!$B$2:$B$10001, 0)), ""))} | N100: {=IF(L100="","", IFERROR(INDEX(Barang!$E$2:$E$10001, MATCH(L100, Barang!$B$2:$B$10001, 0)), ""))} | P100: {=IF(L100="","", IFERROR(INDEX(Barang!$F$2:$F$10001, MATCH(L100, Barang!$B$2:$B$10001, 0)) * O100, ""))} | R100: =H100-'2024'!F100+O100 -> -5 | S100: - | T100: -
...

Sheet 2026
A1: Tanggal | B1: Kode Barang | C1: Nama Barang | D1: Kategori | E1: Satuan | F1: Jual | G1: Harga Jual | H1: Stok Awal | J1: Tanggal | K1: Kode Barang | L1: Nama Barang | M1: Kategori | N1: Satuan | O1: Kulak | P1: Harga Jual | Q1: Harga Kulak | R1: Stok Akhir | S1: Minimal Stok | T1: Supplier
A2: 46023 | B2: {=IF(C2="","", IFERROR(INDEX(Barang!$A$2:$A$10001, MATCH(C2, Barang!$B$2:$B$10001, 0)), "Tidak ditemukan"))} -> GPT001 | C2: Gery potato | D2: {=IF(C2="","", IFERROR(INDEX(Barang!$C$2:$C$10001, MATCH(C2, Barang!$B$2:$B$10001, 0)), ""))} -> Makanan | E2: {=IF(C2="","", IFERROR(INDEX(Barang!$E$2:$E$10001, MATCH(C2, Barang!$B$2:$B$10001, 0)), ""))} -> pcs | F2: 3 | G2: {=IF(C2="","", IFERROR(INDEX(Barang!$F$2:$F$10001, MATCH(C2, Barang!$B$2:$B$10001, 0)) * F2, ""))} -> 3000 | R2: =#REF!-#REF!+O2 -> #REF! | S2: - | T2: -
B3: {=IF(C3="","", IFERROR(INDEX(Barang!$A$2:$A$10001, MATCH(C3, Barang!$B$2:$B$10001, 0)), "Tidak ditemukan"))} -> CL1001 | C3: Chocolatos 1000 | D3: {=IF(C3="","", IFERROR(INDEX(Barang!$C$2:$C$10001, MATCH(C3, Barang!$B$2:$B$10001, 0)), ""))} -> Makanan | E3: {=IF(C3="","", IFERROR(INDEX(Barang!$E$2:$E$10001, MATCH(C3, Barang!$B$2:$B$10001, 0)), ""))} -> pcs | F3: 2 | G3: {=IF(C3="","", IFERROR(INDEX(Barang!$F$2:$F$10001, MATCH(C3, Barang!$B$2:$B$10001, 0)) * F3, ""))} -> 2000 | R3: =#REF!-#REF!+O3 -> #REF! | S3: - | T3: -
B4: {=IF(C4="","", IFERROR(INDEX(Barang!$A$2:$A$10001, MATCH(C4, Barang!$B$2:$B$10001, 0)), "Tidak ditemukan"))} -> THD001 | C4: Teh dandang | D4: {=IF(C4="","", IFERROR(INDEX(Barang!$C$2:$C$10001, MATCH(C4, Barang!$B$2:$B$10001, 0)), ""))} -> Minuman | E4: {=IF(C4="","", IFERROR(INDEX(Barang!$E$2:$E$10001, MATCH(C4, Barang!$B$2:$B$10001, 0)), ""))} -> pcs | F4: 2 | G4: {=IF(C4="","", IFERROR(INDEX(Barang!$F$2:$F$10001, MATCH(C4, Barang!$B$2:$B$10001, 0)) * F4, ""))} -> 4000 | R4: =#REF!-#REF!+O4 -> #REF! | S4: - | T4: -
B5: {=IF(C5="","", IFERROR(INDEX(Barang!$A$2:$A$10001, MATCH(C5, Barang!$B$2:$B$10001, 0)), "Tidak ditemukan"))} -> TLR2 | C5: Telur 1/2 | D5: {=IF(C5="","", IFERROR(INDEX(Barang!$C$2:$C$10001, MATCH(C5, Barang!$B$2:$B$10001, 0)), ""))} -> Sembako | E5: {=IF(C5="","", IFERROR(INDEX(Barang!$E$2:$E$10001, MATCH(C5, Barang!$B$2:$B$10001, 0)), ""))} -> kg | F5: 10 | G5: {=IF(C5="","", IFERROR(INDEX(Barang!$F$2:$F$10001, MATCH(C5, Barang!$B$2:$B$10001, 0)) * F5, ""))} -> 155000 | R5: =#REF!-#REF!+O5 -> #REF! | S5: - | T5: -
B6: {=IF(C6="","", IFERROR(INDEX(Barang!$A$2:$A$10001, MATCH(C6, Barang!$B$2:$B$10001, 0)), "Tidak ditemukan"))} -> PLS002 | C6: Pilus | D6: {=IF(C6="","", IFERROR(INDEX(Barang!$C$2:$C$10001, MATCH(C6, Barang!$B$2:$B$10001, 0)), ""))} -> Makanan | E6: {=IF(C6="","", IFERROR(INDEX(Barang!$E$2:$E$10001, MATCH(C6, Barang!$B$2:$B$10001, 0)), ""))} -> pcs | F6: 1 | G6: {=IF(C6="","", IFERROR(INDEX(Barang!$F$2:$F$10001, MATCH(C6, Barang!$B$2:$B$10001, 0)) * F6, ""))} -> 1000 | R6: =#REF!-#REF!+O6 -> #REF! | S6: - | T6: -
B7: {=IF(C7="","", IFERROR(INDEX(Barang!$A$2:$A$10001, MATCH(C7, Barang!$B$2:$B$10001, 0)), "Tidak ditemukan"))} -> MGR001 | C7: Mie goreng | D7: {=IF(C7="","", IFERROR(INDEX(Barang!$C$2:$C$10001, MATCH(C7, Barang!$B$2:$B$10001, 0)), ""))} -> Makanan | E7: {=IF(C7="","", IFERROR(INDEX(Barang!$E$2:$E$10001, MATCH(C7, Barang!$B$2:$B$10001, 0)), ""))} -> pcs | F7: 10 | G7: {=IF(C7="","", IFERROR(INDEX(Barang!$F$2:$F$10001, MATCH(C7, Barang!$B$2:$B$10001, 0)) * F7, ""))} -> 35000 | R7: =#REF!-#REF!+O7 -> #REF! | S7: - | T7: -
B8: {=IF(C8="","", IFERROR(INDEX(Barang!$A$2:$A$10001, MATCH(C8, Barang!$B$2:$B$10001, 0)), "Tidak ditemukan"))} -> IDM002 | C8: Indomilk | D8: {=IF(C8="","", IFERROR(INDEX(Barang!$C$2:$C$10001, MATCH(C8, Barang!$B$2:$B$10001, 0)), ""))} -> Minuman | E8: {=IF(C8="","", IFERROR(INDEX(Barang!$E$2:$E$10001, MATCH(C8, Barang!$B$2:$B$10001, 0)), ""))} -> pcs | F8: 2 | G8: {=IF(C8="","", IFERROR(INDEX(Barang!$F$2:$F$10001, MATCH(C8, Barang!$B$2:$B$10001, 0)) * F8, ""))} -> 3000 | R8: =#REF!-#REF!+O8 -> #REF! | S8: - | T8: -
B9: {=IF(C9="","", IFERROR(INDEX(Barang!$A$2:$A$10001, MATCH(C9, Barang!$B$2:$B$10001, 0)), "Tidak ditemukan"))} -> SG7001 | C9: Sari gandum 7 | D9: {=IF(C9="","", IFERROR(INDEX(Barang!$C$2:$C$10001, MATCH(C9, Barang!$B$2:$B$10001, 0)), ""))} -> Makanan | E9: {=IF(C9="","", IFERROR(INDEX(Barang!$E$2:$E$10001, MATCH(C9, Barang!$B$2:$B$10001, 0)), ""))} -> pcs | F9: 1 | G9: {=IF(C9="","", IFERROR(INDEX(Barang!$F$2:$F$10001, MATCH(C9, Barang!$B$2:$B$10001, 0)) * F9, ""))} -> 7500 | R9: =#REF!-#REF!+O9 -> #REF! | S9: - | T9: -
B10: {=IF(C10="","", IFERROR(INDEX(Barang!$A$2:$A$10001, MATCH(C10, Barang!$B$2:$B$10001, 0)), "Tidak ditemukan"))} -> TRS001 | C10: Terasi | D10: {=IF(C10="","", IFERROR(INDEX(Barang!$C$2:$C$10001, MATCH(C10, Barang!$B$2:$B$10001, 0)), ""))} -> Bumbu | E10: {=IF(C10="","", IFERROR(INDEX(Barang!$E$2:$E$10001, MATCH(C10, Barang!$B$2:$B$10001, 0)), ""))} -> pcs | F10: 5 | G10: {=IF(C10="","", IFERROR(INDEX(Barang!$F$2:$F$10001, MATCH(C10, Barang!$B$2:$B$10001, 0)) * F10, ""))} -> 2500 | R10: =#REF!-#REF!+O10 -> #REF! | S10: - | T10: -
A11: 46024 | B11: {=IF(C11="","", IFERROR(INDEX(Barang!$A$2:$A$10001, MATCH(C11, Barang!$B$2:$B$10001, 0)), "Tidak ditemukan"))} -> CL1001 | C11: Chocolatos 1000 | D11: {=IF(C11="","", IFERROR(INDEX(Barang!$C$2:$C$10001, MATCH(C11, Barang!$B$2:$B$10001, 0)), ""))} -> Makanan | E11: {=IF(C11="","", IFERROR(INDEX(Barang!$E$2:$E$10001, MATCH(C11, Barang!$B$2:$B$10001, 0)), ""))} -> pcs | F11: 1 | G11: {=IF(C11="","", IFERROR(INDEX(Barang!$F$2:$F$10001, MATCH(C11, Barang!$B$2:$B$10001, 0)) * F11, ""))} -> 1000 | R11: =#REF!-#REF!+O11 -> #REF! | S11: - | T11: -
B12: {=IF(C12="","", IFERROR(INDEX(Barang!$A$2:$A$10001, MATCH(C12, Barang!$B$2:$B$10001, 0)), "Tidak ditemukan"))} -> Tidak ditemukan | C12: Fruta gummy | D12: {=IF(C12="","", IFERROR(INDEX(Barang!$C$2:$C$10001, MATCH(C12, Barang!$B$2:$B$10001, 0)), ""))} | E12: {=IF(C12="","", IFERROR(INDEX(Barang!$E$2:$E$10001, MATCH(C12, Barang!$B$2:$B$10001, 0)), ""))} | F12: 3 | G12: {=IF(C12="","", IFERROR(INDEX(Barang!$F$2:$F$10001, MATCH(C12, Barang!$B$2:$B$10001, 0)) * F12, ""))} | R12: =#REF!-#REF!+O12 -> #REF! | S12: - | T12: -
B13: {=IF(C13="","", IFERROR(INDEX(Barang!$A$2:$A$10001, MATCH(C13, Barang!$B$2:$B$10001, 0)), "Tidak ditemukan"))} -> STS | C13: Santan sasa | D13: {=IF(C13="","", IFERROR(INDEX(Barang!$C$2:$C$10001, MATCH(C13, Barang!$B$2:$B$10001, 0)), ""))} -> Bumbu | E13: {=IF(C13="","", IFERROR(INDEX(Barang!$E$2:$E$10001, MATCH(C13, Barang!$B$2:$B$10001, 0)), ""))} -> pcs | F13: 1 | G13: {=IF(C13="","", IFERROR(INDEX(Barang!$F$2:$F$10001, MATCH(C13, Barang!$B$2:$B$10001, 0)) * F13, ""))} -> 5500 | R13: =#REF!-#REF!+O13 -> #REF! | S13: - | T13: -
B14: {=IF(C14="","", IFERROR(INDEX(Barang!$A$2:$A$10001, MATCH(C14, Barang!$B$2:$B$10001, 0)), "Tidak ditemukan"))} -> GPT001 | C14: Gery potato | D14: {=IF(C14="","", IFERROR(INDEX(Barang!$C$2:$C$10001, MATCH(C14, Barang!$B$2:$B$10001, 0)), ""))} -> Makanan | E14: {=IF(C14="","", IFERROR(INDEX(Barang!$E$2:$E$10001, MATCH(C14, Barang!$B$2:$B$10001, 0)), ""))} -> pcs | F14: 3 | G14: {=IF(C14="","", IFERROR(INDEX(Barang!$F$2:$F$10001, MATCH(C14, Barang!$B$2:$B$10001, 0)) * F14, ""))} -> 3000 | R14: =#REF!-#REF!+O14 -> #REF! | S14: - | T14: -
B15: {=IF(C15="","", IFERROR(INDEX(Barang!$A$2:$A$10001, MATCH(C15, Barang!$B$2:$B$10001, 0)), "Tidak ditemukan"))} -> CL5001 | C15: Chocolatos 500 | D15: {=IF(C15="","", IFERROR(INDEX(Barang!$C$2:$C$10001, MATCH(C15, Barang!$B$2:$B$10001, 0)), ""))} -> Makanan | E15: {=IF(C15="","", IFERROR(INDEX(Barang!$E$2:$E$10001, MATCH(C15, Barang!$B$2:$B$10001, 0)), ""))} -> pcs | F15: 1 | G15: {=IF(C15="","", IFERROR(INDEX(Barang!$F$2:$F$10001, MATCH(C15, Barang!$B$2:$B$10001, 0)) * F15, ""))} -> 500 | R15: =#REF!-#REF!+O15 -> #REF! | S15: - | T15: -
B16: {=IF(C16="","", IFERROR(INDEX(Barang!$A$2:$A$10001, MATCH(C16, Barang!$B$2:$B$10001, 0)), "Tidak ditemukan"))} -> MGR001 | C16: Mie goreng | D16: {=IF(C16="","", IFERROR(INDEX(Barang!$C$2:$C$10001, MATCH(C16, Barang!$B$2:$B$10001, 0)), ""))} -> Makanan | E16: {=IF(C16="","", IFERROR(INDEX(Barang!$E$2:$E$10001, MATCH(C16, Barang!$B$2:$B$10001, 0)), ""))} -> pcs | F16: 30 | G16: {=IF(C16="","", IFERROR(INDEX(Barang!$F$2:$F$10001, MATCH(C16, Barang!$B$2:$B$10001, 0)) * F16, ""))} -> 105000 | R16: =#REF!-#REF!+O16 -> #REF! | S16: - | T16: -
B17: {=IF(C17="","", IFERROR(INDEX(Barang!$A$2:$A$10001, MATCH(C17, Barang!$B$2:$B$10001, 0)), "Tidak ditemukan"))} -> GL1001 | C17: Gula 1kg | D17: {=IF(C17="","", IFERROR(INDEX(Barang!$C$2:$C$10001, MATCH(C17, Barang!$B$2:$B$10001, 0)), ""))} -> Sembako | E17: {=IF(C17="","", IFERROR(INDEX(Barang!$E$2:$E$10001, MATCH(C17, Barang!$B$2:$B$10001, 0)), ""))} -> kg | F17: 30 | G17: {=IF(C17="","", IFERROR(INDEX(Barang!$F$2:$F$10001, MATCH(C17, Barang!$B$2:$B$10001, 0)) * F17, ""))} -> 495000 | R17: =#REF!-#REF!+O17 -> #REF! | S17: - | T17: -
B18: {=IF(C18="","", IFERROR(INDEX(Barang!$A$2:$A$10001, MATCH(C18, Barang!$B$2:$B$10001, 0)), "Tidak ditemukan"))} -> PLP001 | C18: Pilus POP | D18: {=IF(C18="","", IFERROR(INDEX(Barang!$C$2:$C$10001, MATCH(C18, Barang!$B$2:$B$10001, 0)), ""))} -> Makanan | E18: {=IF(C18="","", IFERROR(INDEX(Barang!$E$2:$E$10001, MATCH(C18, Barang!$B$2:$B$10001, 0)), ""))} -> pcs | F18: 1 | G18: {=IF(C18="","", IFERROR(INDEX(Barang!$F$2:$F$10001, MATCH(C18, Barang!$B$2:$B$10001, 0)) * F18, ""))} -> 2000 | R18: =#REF!-#REF!+O18 -> #REF! | S18: - | T18: -
B19: {=IF(C19="","", IFERROR(INDEX(Barang!$A$2:$A$10001, MATCH(C19, Barang!$B$2:$B$10001, 0)), "Tidak ditemukan"))} -> SBE001 | C19: Ekonomi colek | D19: {=IF(C19="","", IFERROR(INDEX(Barang!$C$2:$C$10001, MATCH(C19, Barang!$B$2:$B$10001, 0)), ""))} -> Detergen | E19: {=IF(C19="","", IFERROR(INDEX(Barang!$E$2:$E$10001, MATCH(C19, Barang!$B$2:$B$10001, 0)), ""))} -> pcs | F19: 1 | G19: {=IF(C19="","", IFERROR(INDEX(Barang!$F$2:$F$10001, MATCH(C19, Barang!$B$2:$B$10001, 0)) * F19, ""))} -> 2000 | R19: =#REF!-#REF!+O19 -> #REF! | S19: - | T19: -
B20: {=IF(C20="","", IFERROR(INDEX(Barang!$A$2:$A$10001, MATCH(C20, Barang!$B$2:$B$10001, 0)), "Tidak ditemukan"))} -> GCC001 | C20: Garuda crunchy | D20: {=IF(C20="","", IFERROR(INDEX(Barang!$C$2:$C$10001, MATCH(C20, Barang!$B$2:$B$10001, 0)), ""))} -> Makanan | E20: {=IF(C20="","", IFERROR(INDEX(Barang!$E$2:$E$10001, MATCH(C20, Barang!$B$2:$B$10001, 0)), ""))} -> pcs | F20: 1 | G20: {=IF(C20="","", IFERROR(INDEX(Barang!$F$2:$F$10001, MATCH(C20, Barang!$B$2:$B$10001, 0)) * F20, ""))} -> 2000 | R20: =#REF!-#REF!+O20 -> #REF! | S20: - | T20: -
B21: {=IF(C21="","", IFERROR(INDEX(Barang!$A$2:$A$10001, MATCH(C21, Barang!$B$2:$B$10001, 0)), "Tidak ditemukan"))} -> PLS002 | C21: Pilus | D21: {=IF(C21="","", IFERROR(INDEX(Barang!$C$2:$C$10001, MATCH(C21, Barang!$B$2:$B$10001, 0)), ""))} -> Makanan | E21: {=IF(C21="","", IFERROR(INDEX(Barang!$E$2:$E$10001, MATCH(C21, Barang!$B$2:$B$10001, 0)), ""))} -> pcs | F21: 2 | G21: {=IF(C21="","", IFERROR(INDEX(Barang!$F$2:$F$10001, MATCH(C21, Barang!$B$2:$B$10001, 0)) * F21, ""))} -> 2000 | R21: =#REF!-#REF!+O21 -> #REF! | S21: - | T21: -
B22: {=IF(C22="","", IFERROR(INDEX(Barang!$A$2:$A$10001, MATCH(C22, Barang!$B$2:$B$10001, 0)), "Tidak ditemukan"))} -> SNK001 | C22: Snack | D22: {=IF(C22="","", IFERROR(INDEX(Barang!$C$2:$C$10001, MATCH(C22, Barang!$B$2:$B$10001, 0)), ""))} -> Makanan | E22: {=IF(C22="","", IFERROR(INDEX(Barang!$E$2:$E$10001, MATCH(C22, Barang!$B$2:$B$10001, 0)), ""))} -> pcs | F22: 1 | G22: {=IF(C22="","", IFERROR(INDEX(Barang!$F$2:$F$10001, MATCH(C22, Barang!$B$2:$B$10001, 0)) * F22, ""))} -> 2000 | R22: =#REF!-#REF!+O22 -> #REF! | S22: - | T22: -
B23: {=IF(C23="","", IFERROR(INDEX(Barang!$A$2:$A$10001, MATCH(C23, Barang!$B$2:$B$10001, 0)), "Tidak ditemukan"))} -> PTS001 | C23: Piattos | D23: {=IF(C23="","", IFERROR(INDEX(Barang!$C$2:$C$10001, MATCH(C23, Barang!$B$2:$B$10001, 0)), ""))} -> Makanan | E23: {=IF(C23="","", IFERROR(INDEX(Barang!$E$2:$E$10001, MATCH(C23, Barang!$B$2:$B$10001, 0)), ""))} -> pcs | F23: 1 | G23: {=IF(C23="","", IFERROR(INDEX(Barang!$F$2:$F$10001, MATCH(C23, Barang!$B$2:$B$10001, 0)) * F23, ""))} -> 2000 | K23: {=IF(L23="","", IFERROR(INDEX(Barang!$A$2:$A$10001, MATCH(L23, Barang!$B$2:$B$10001, 0)), "Tidak ditemukan"))} | M23: {=IF(L23="","", IFERROR(INDEX(Barang!$C$2:$C$10001, MATCH(L23, Barang!$B$2:$B$10001, 0)), ""))} | N23: {=IF(L23="","", IFERROR(INDEX(Barang!$E$2:$E$10001, MATCH(L23, Barang!$B$2:$B$10001, 0)), ""))} | P23: {=IF(L23="","", IFERROR(INDEX(Barang!$F$2:$F$10001, MATCH(L23, Barang!$B$2:$B$10001, 0)) * O23, ""))} | R23: =#REF!-#REF!+O23 -> #REF! | S23: - | T23: -
B24: {=IF(C24="","", IFERROR(INDEX(Barang!$A$2:$A$10001, MATCH(C24, Barang!$B$2:$B$10001, 0)), "Tidak ditemukan"))} -> DSK01 | C24: Desaku rempah | D24: {=IF(C24="","", IFERROR(INDEX(Barang!$C$2:$C$10001, MATCH(C24, Barang!$B$2:$B$10001, 0)), ""))} -> Bumbu | E24: {=IF(C24="","", IFERROR(INDEX(Barang!$E$2:$E$10001, MATCH(C24, Barang!$B$2:$B$10001, 0)), ""))} -> pcs | F24: 1 | G24: {=IF(C24="","", IFERROR(INDEX(Barang!$F$2:$F$10001, MATCH(C24, Barang!$B$2:$B$10001, 0)) * F24, ""))} -> 1000 | K24: {=IF(L24="","", IFERROR(INDEX(Barang!$A$2:$A$10001, MATCH(L24, Barang!$B$2:$B$10001, 0)), "Tidak ditemukan"))} | M24: {=IF(L24="","", IFERROR(INDEX(Barang!$C$2:$C$10001, MATCH(L24, Barang!$B$2:$B$10001, 0)), ""))} | N24: {=IF(L24="","", IFERROR(INDEX(Barang!$E$2:$E$10001, MATCH(L24, Barang!$B$2:$B$10001, 0)), ""))} | P24: {=IF(L24="","", IFERROR(INDEX(Barang!$F$2:$F$10001, MATCH(L24, Barang!$B$2:$B$10001, 0)) * O24, ""))} | R24: =#REF!-#REF!+O24 -> #REF! | S24: - | T24: -
B25: {=IF(C25="","", IFERROR(INDEX(Barang!$A$2:$A$10001, MATCH(C25, Barang!$B$2:$B$10001, 0)), "Tidak ditemukan"))} -> KRS001 | C25: Kara santan | D25: {=IF(C25="","", IFERROR(INDEX(Barang!$C$2:$C$10001, MATCH(C25, Barang!$B$2:$B$10001, 0)), ""))} -> Bumbu | E25: {=IF(C25="","", IFERROR(INDEX(Barang!$E$2:$E$10001, MATCH(C25, Barang!$B$2:$B$10001, 0)), ""))} -> pcs | F25: 1 | G25: {=IF(C25="","", IFERROR(INDEX(Barang!$F$2:$F$10001, MATCH(C25, Barang!$B$2:$B$10001, 0)) * F25, ""))} -> 6500 | K25: {=IF(L25="","", IFERROR(INDEX(Barang!$A$2:$A$10001, MATCH(L25, Barang!$B$2:$B$10001, 0)), "Tidak ditemukan"))} | M25: {=IF(L25="","", IFERROR(INDEX(Barang!$C$2:$C$10001, MATCH(L25, Barang!$B$2:$B$10001, 0)), ""))} | N25: {=IF(L25="","", IFERROR(INDEX(Barang!$E$2:$E$10001, MATCH(L25, Barang!$B$2:$B$10001, 0)), ""))} | P25: {=IF(L25="","", IFERROR(INDEX(Barang!$F$2:$F$10001, MATCH(L25, Barang!$B$2:$B$10001, 0)) * O25, ""))} | R25: =#REF!-#REF!+O25 -> #REF! | S25: - | T25: -
B26: {=IF(C26="","", IFERROR(INDEX(Barang!$A$2:$A$10001, MATCH(C26, Barang!$B$2:$B$10001, 0)), "Tidak ditemukan"))} -> KCP001 | C26: Kecap | D26: {=IF(C26="","", IFERROR(INDEX(Barang!$C$2:$C$10001, MATCH(C26, Barang!$B$2:$B$10001, 0)), ""))} -> Bumbu | E26: {=IF(C26="","", IFERROR(INDEX(Barang!$E$2:$E$10001, MATCH(C26, Barang!$B$2:$B$10001, 0)), ""))} -> pcs | F26: 2 | G26: {=IF(C26="","", IFERROR(INDEX(Barang!$F$2:$F$10001, MATCH(C26, Barang!$B$2:$B$10001, 0)) * F26, ""))} -> 4000 | K26: {=IF(L26="","", IFERROR(INDEX(Barang!$A$2:$A$10001, MATCH(L26, Barang!$B$2:$B$10001, 0)), "Tidak ditemukan"))} | M26: {=IF(L26="","", IFERROR(INDEX(Barang!$C$2:$C$10001, MATCH(L26, Barang!$B$2:$B$10001, 0)), ""))} | N26: {=IF(L26="","", IFERROR(INDEX(Barang!$E$2:$E$10001, MATCH(L26, Barang!$B$2:$B$10001, 0)), ""))} | P26: {=IF(L26="","", IFERROR(INDEX(Barang!$F$2:$F$10001, MATCH(L26, Barang!$B$2:$B$10001, 0)) * O26, ""))} | R26: =#REF!-#REF!+O26 -> #REF! | S26: - | T26: -
B27: {=IF(C27="","", IFERROR(INDEX(Barang!$A$2:$A$10001, MATCH(C27, Barang!$B$2:$B$10001, 0)), "Tidak ditemukan"))} -> MSK001 | C27: Masako | D27: {=IF(C27="","", IFERROR(INDEX(Barang!$C$2:$C$10001, MATCH(C27, Barang!$B$2:$B$10001, 0)), ""))} -> Bumbu | E27: {=IF(C27="","", IFERROR(INDEX(Barang!$E$2:$E$10001, MATCH(C27, Barang!$B$2:$B$10001, 0)), ""))} -> pcs | F27: 20 | G27: {=IF(C27="","", IFERROR(INDEX(Barang!$F$2:$F$10001, MATCH(C27, Barang!$B$2:$B$10001, 0)) * F27, ""))} -> 10000 | K27: {=IF(L27="","", IFERROR(INDEX(Barang!$A$2:$A$10001, MATCH(L27, Barang!$B$2:$B$10001, 0)), "Tidak ditemukan"))} | M27: {=IF(L27="","", IFERROR(INDEX(Barang!$C$2:$C$10001, MATCH(L27, Barang!$B$2:$B$10001, 0)), ""))} | N27: {=IF(L27="","", IFERROR(INDEX(Barang!$E$2:$E$10001, MATCH(L27, Barang!$B$2:$B$10001, 0)), ""))} | P27: {=IF(L27="","", IFERROR(INDEX(Barang!$F$2:$F$10001, MATCH(L27, Barang!$B$2:$B$10001, 0)) * O27, ""))} | R27: =#REF!-#REF!+O27 -> #REF! | S27: - | T27: -
B28: {=IF(C28="","", IFERROR(INDEX(Barang!$A$2:$A$10001, MATCH(C28, Barang!$B$2:$B$10001, 0)), "Tidak ditemukan"))} -> CLB001 | C28: Chocolatos bubuk | D28: {=IF(C28="","", IFERROR(INDEX(Barang!$C$2:$C$10001, MATCH(C28, Barang!$B$2:$B$10001, 0)), ""))} -> Minuman | E28: {=IF(C28="","", IFERROR(INDEX(Barang!$E$2:$E$10001, MATCH(C28, Barang!$B$2:$B$10001, 0)), ""))} -> pcs | F28: 1 | G28: {=IF(C28="","", IFERROR(INDEX(Barang!$F$2:$F$10001, MATCH(C28, Barang!$B$2:$B$10001, 0)) * F28, ""))} -> 2500 | K28: {=IF(L28="","", IFERROR(INDEX(Barang!$A$2:$A$10001, MATCH(L28, Barang!$B$2:$B$10001, 0)), "Tidak ditemukan"))} | M28: {=IF(L28="","", IFERROR(INDEX(Barang!$C$2:$C$10001, MATCH(L28, Barang!$B$2:$B$10001, 0)), ""))} | N28: {=IF(L28="","", IFERROR(INDEX(Barang!$E$2:$E$10001, MATCH(L28, Barang!$B$2:$B$10001, 0)), ""))} | P28: {=IF(L28="","", IFERROR(INDEX(Barang!$F$2:$F$10001, MATCH(L28, Barang!$B$2:$B$10001, 0)) * O28, ""))} | R28: =#REF!-#REF!+O28 -> #REF! | S28: - | T28: -
B29: {=IF(C29="","", IFERROR(INDEX(Barang!$A$2:$A$10001, MATCH(C29, Barang!$B$2:$B$10001, 0)), "Tidak ditemukan"))} -> MKH001 | C29: Mie kuah | D29: {=IF(C29="","", IFERROR(INDEX(Barang!$C$2:$C$10001, MATCH(C29, Barang!$B$2:$B$10001, 0)), ""))} -> Makanan | E29: {=IF(C29="","", IFERROR(INDEX(Barang!$E$2:$E$10001, MATCH(C29, Barang!$B$2:$B$10001, 0)), ""))} -> pcs | F29: 10 | G29: {=IF(C29="","", IFERROR(INDEX(Barang!$F$2:$F$10001, MATCH(C29, Barang!$B$2:$B$10001, 0)) * F29, ""))} -> 35000 | K29: {=IF(L29="","", IFERROR(INDEX(Barang!$A$2:$A$10001, MATCH(L29, Barang!$B$2:$B$10001, 0)), "Tidak ditemukan"))} | M29: {=IF(L29="","", IFERROR(INDEX(Barang!$C$2:$C$10001, MATCH(L29, Barang!$B$2:$B$10001, 0)), ""))} | N29: {=IF(L29="","", IFERROR(INDEX(Barang!$E$2:$E$10001, MATCH(L29, Barang!$B$2:$B$10001, 0)), ""))} | P29: {=IF(L29="","", IFERROR(INDEX(Barang!$F$2:$F$10001, MATCH(L29, Barang!$B$2:$B$10001, 0)) * O29, ""))} | R29: =#REF!-#REF!+O29 -> #REF! | S29: - | T29: -
B30: {=IF(C30="","", IFERROR(INDEX(Barang!$A$2:$A$10001, MATCH(C30, Barang!$B$2:$B$10001, 0)), "Tidak ditemukan"))} -> SG7001 | C30: Sari gandum 7 | D30: {=IF(C30="","", IFERROR(INDEX(Barang!$C$2:$C$10001, MATCH(C30, Barang!$B$2:$B$10001, 0)), ""))} -> Makanan | E30: {=IF(C30="","", IFERROR(INDEX(Barang!$E$2:$E$10001, MATCH(C30, Barang!$B$2:$B$10001, 0)), ""))} -> pcs | F30: 1 | G30: {=IF(C30="","", IFERROR(INDEX(Barang!$F$2:$F$10001, MATCH(C30, Barang!$B$2:$B$10001, 0)) * F30, ""))} -> 7500 | K30: {=IF(L30="","", IFERROR(INDEX(Barang!$A$2:$A$10001, MATCH(L30, Barang!$B$2:$B$10001, 0)), "Tidak ditemukan"))} | M30: {=IF(L30="","", IFERROR(INDEX(Barang!$C$2:$C$10001, MATCH(L30, Barang!$B$2:$B$10001, 0)), ""))} | N30: {=IF(L30="","", IFERROR(INDEX(Barang!$E$2:$E$10001, MATCH(L30, Barang!$B$2:$B$10001, 0)), ""))} | P30: {=IF(L30="","", IFERROR(INDEX(Barang!$F$2:$F$10001, MATCH(L30, Barang!$B$2:$B$10001, 0)) * O30, ""))} | R30: =#REF!-#REF!+O30 -> #REF! | S30: - | T30: -
B31: {=IF(C31="","", IFERROR(INDEX(Barang!$A$2:$A$10001, MATCH(C31, Barang!$B$2:$B$10001, 0)), "Tidak ditemukan"))} -> IDM002 | C31: Indomilk | D31: {=IF(C31="","", IFERROR(INDEX(Barang!$C$2:$C$10001, MATCH(C31, Barang!$B$2:$B$10001, 0)), ""))} -> Minuman | E31: {=IF(C31="","", IFERROR(INDEX(Barang!$E$2:$E$10001, MATCH(C31, Barang!$B$2:$B$10001, 0)), ""))} -> pcs | F31: 6 | G31: {=IF(C31="","", IFERROR(INDEX(Barang!$F$2:$F$10001, MATCH(C31, Barang!$B$2:$B$10001, 0)) * F31, ""))} -> 9000 | K31: {=IF(L31="","", IFERROR(INDEX(Barang!$A$2:$A$10001, MATCH(L31, Barang!$B$2:$B$10001, 0)), "Tidak ditemukan"))} | M31: {=IF(L31="","", IFERROR(INDEX(Barang!$C$2:$C$10001, MATCH(L31, Barang!$B$2:$B$10001, 0)), ""))} | N31: {=IF(L31="","", IFERROR(INDEX(Barang!$E$2:$E$10001, MATCH(L31, Barang!$B$2:$B$10001, 0)), ""))} | P31: {=IF(L31="","", IFERROR(INDEX(Barang!$F$2:$F$10001, MATCH(L31, Barang!$B$2:$B$10001, 0)) * O31, ""))} | R31: =#REF!-#REF!+O31 -> #REF! | S31: - | T31: -
B32: {=IF(C32="","", IFERROR(INDEX(Barang!$A$2:$A$10001, MATCH(C32, Barang!$B$2:$B$10001, 0)), "Tidak ditemukan"))} -> RTP001 | C32: Roti pia | D32: {=IF(C32="","", IFERROR(INDEX(Barang!$C$2:$C$10001, MATCH(C32, Barang!$B$2:$B$10001, 0)), ""))} -> Makanan | E32: {=IF(C32="","", IFERROR(INDEX(Barang!$E$2:$E$10001, MATCH(C32, Barang!$B$2:$B$10001, 0)), ""))} -> pcs | F32: 1 | G32: {=IF(C32="","", IFERROR(INDEX(Barang!$F$2:$F$10001, MATCH(C32, Barang!$B$2:$B$10001, 0)) * F32, ""))} -> 2000 | K32: {=IF(L32="","", IFERROR(INDEX(Barang!$A$2:$A$10001, MATCH(L32, Barang!$B$2:$B$10001, 0)), "Tidak ditemukan"))} | M32: {=IF(L32="","", IFERROR(INDEX(Barang!$C$2:$C$10001, MATCH(L32, Barang!$B$2:$B$10001, 0)), ""))} | N32: {=IF(L32="","", IFERROR(INDEX(Barang!$E$2:$E$10001, MATCH(L32, Barang!$B$2:$B$10001, 0)), ""))} | P32: {=IF(L32="","", IFERROR(INDEX(Barang!$F$2:$F$10001, MATCH(L32, Barang!$B$2:$B$10001, 0)) * O32, ""))} | R32: =#REF!-#REF!+O32 -> #REF! | S32: - | T32: -
A33: 46025 | B33: {=IF(C33="","", IFERROR(INDEX(Barang!$A$2:$A$10001, MATCH(C33, Barang!$B$2:$B$10001, 0)), "Tidak ditemukan"))} -> TLR2 | C33: Telur 1/2 | D33: {=IF(C33="","", IFERROR(INDEX(Barang!$C$2:$C$10001, MATCH(C33, Barang!$B$2:$B$10001, 0)), ""))} -> Sembako | E33: {=IF(C33="","", IFERROR(INDEX(Barang!$E$2:$E$10001, MATCH(C33, Barang!$B$2:$B$10001, 0)), ""))} -> kg | F33: 20 | G33: {=IF(C33="","", IFERROR(INDEX(Barang!$F$2:$F$10001, MATCH(C33, Barang!$B$2:$B$10001, 0)) * F33, ""))} -> 310000 | K33: {=IF(L33="","", IFERROR(INDEX(Barang!$A$2:$A$10001, MATCH(L33, Barang!$B$2:$B$10001, 0)), "Tidak ditemukan"))} | M33: {=IF(L33="","", IFERROR(INDEX(Barang!$C$2:$C$10001, MATCH(L33, Barang!$B$2:$B$10001, 0)), ""))} | N33: {=IF(L33="","", IFERROR(INDEX(Barang!$E$2:$E$10001, MATCH(L33, Barang!$B$2:$B$10001, 0)), ""))} | P33: {=IF(L33="","", IFERROR(INDEX(Barang!$F$2:$F$10001, MATCH(L33, Barang!$B$2:$B$10001, 0)) * O33, ""))} | R33: =#REF!-#REF!+O33 -> #REF! | S33: - | T33: -
B34: {=IF(C34="","", IFERROR(INDEX(Barang!$A$2:$A$10001, MATCH(C34, Barang!$B$2:$B$10001, 0)), "Tidak ditemukan"))} -> TPL2 | C34: Tropical 2Lt | D34: {=IF(C34="","", IFERROR(INDEX(Barang!$C$2:$C$10001, MATCH(C34, Barang!$B$2:$B$10001, 0)), ""))} -> Minyak | E34: {=IF(C34="","", IFERROR(INDEX(Barang!$E$2:$E$10001, MATCH(C34, Barang!$B$2:$B$10001, 0)), ""))} -> Liter | F34: 10 | G34: {=IF(C34="","", IFERROR(INDEX(Barang!$F$2:$F$10001, MATCH(C34, Barang!$B$2:$B$10001, 0)) * F34, ""))} -> 400000 | K34: {=IF(L34="","", IFERROR(INDEX(Barang!$A$2:$A$10001, MATCH(L34, Barang!$B$2:$B$10001, 0)), "Tidak ditemukan"))} | M34: {=IF(L34="","", IFERROR(INDEX(Barang!$C$2:$C$10001, MATCH(L34, Barang!$B$2:$B$10001, 0)), ""))} | N34: {=IF(L34="","", IFERROR(INDEX(Barang!$E$2:$E$10001, MATCH(L34, Barang!$B$2:$B$10001, 0)), ""))} | P34: {=IF(L34="","", IFERROR(INDEX(Barang!$F$2:$F$10001, MATCH(L34, Barang!$B$2:$B$10001, 0)) * O34, ""))} | R34: =#REF!-#REF!+O34 -> #REF! | S34: - | T34: -
B35: {=IF(C35="","", IFERROR(INDEX(Barang!$A$2:$A$10001, MATCH(C35, Barang!$B$2:$B$10001, 0)), "Tidak ditemukan"))} -> GL1001 | C35: Gula 1kg | D35: {=IF(C35="","", IFERROR(INDEX(Barang!$C$2:$C$10001, MATCH(C35, Barang!$B$2:$B$10001, 0)), ""))} -> Sembako | E35: {=IF(C35="","", IFERROR(INDEX(Barang!$E$2:$E$10001, MATCH(C35, Barang!$B$2:$B$10001, 0)), ""))} -> kg | F35: 20 | G35: {=IF(C35="","", IFERROR(INDEX(Barang!$F$2:$F$10001, MATCH(C35, Barang!$B$2:$B$10001, 0)) * F35, ""))} -> 330000 | K35: {=IF(L35="","", IFERROR(INDEX(Barang!$A$2:$A$10001, MATCH(L35, Barang!$B$2:$B$10001, 0)), "Tidak ditemukan"))} | M35: {=IF(L35="","", IFERROR(INDEX(Barang!$C$2:$C$10001, MATCH(L35, Barang!$B$2:$B$10001, 0)), ""))} | N35: {=IF(L35="","", IFERROR(INDEX(Barang!$E$2:$E$10001, MATCH(L35, Barang!$B$2:$B$10001, 0)), ""))} | P35: {=IF(L35="","", IFERROR(INDEX(Barang!$F$2:$F$10001, MATCH(L35, Barang!$B$2:$B$10001, 0)) * O35, ""))} | R35: =#REF!-#REF!+O35 -> #REF! | S35: - | T35: -
B36: {=IF(C36="","", IFERROR(INDEX(Barang!$A$2:$A$10001, MATCH(C36, Barang!$B$2:$B$10001, 0)), "Tidak ditemukan"))} -> GDY001 | C36: Good Day | D36: {=IF(C36="","", IFERROR(INDEX(Barang!$C$2:$C$10001, MATCH(C36, Barang!$B$2:$B$10001, 0)), ""))} -> Minuman | E36: {=IF(C36="","", IFERROR(INDEX(Barang!$E$2:$E$10001, MATCH(C36, Barang!$B$2:$B$10001, 0)), ""))} -> pcs | F36: 2 | G36: {=IF(C36="","", IFERROR(INDEX(Barang!$F$2:$F$10001, MATCH(C36, Barang!$B$2:$B$10001, 0)) * F36, ""))} -> 5000 | K36: {=IF(L36="","", IFERROR(INDEX(Barang!$A$2:$A$10001, MATCH(L36, Barang!$B$2:$B$10001, 0)), "Tidak ditemukan"))} | M36: {=IF(L36="","", IFERROR(INDEX(Barang!$C$2:$C$10001, MATCH(L36, Barang!$B$2:$B$10001, 0)), ""))} | N36: {=IF(L36="","", IFERROR(INDEX(Barang!$E$2:$E$10001, MATCH(L36, Barang!$B$2:$B$10001, 0)), ""))} | P36: {=IF(L36="","", IFERROR(INDEX(Barang!$F$2:$F$10001, MATCH(L36, Barang!$B$2:$B$10001, 0)) * O36, ""))} | R36: =#REF!-#REF!+O36 -> #REF! | S36: - | T36: -
B37: {=IF(C37="","", IFERROR(INDEX(Barang!$A$2:$A$10001, MATCH(C37, Barang!$B$2:$B$10001, 0)), "Tidak ditemukan"))} -> RTG001 | C37: Roti gery | D37: {=IF(C37="","", IFERROR(INDEX(Barang!$C$2:$C$10001, MATCH(C37, Barang!$B$2:$B$10001, 0)), ""))} -> Makanan | E37: {=IF(C37="","", IFERROR(INDEX(Barang!$E$2:$E$10001, MATCH(C37, Barang!$B$2:$B$10001, 0)), ""))} -> pcs | F37: 5 | G37: {=IF(C37="","", IFERROR(INDEX(Barang!$F$2:$F$10001, MATCH(C37, Barang!$B$2:$B$10001, 0)) * F37, ""))} -> 12500 | K37: {=IF(L37="","", IFERROR(INDEX(Barang!$A$2:$A$10001, MATCH(L37, Barang!$B$2:$B$10001, 0)), "Tidak ditemukan"))} | M37: {=IF(L37="","", IFERROR(INDEX(Barang!$C$2:$C$10001, MATCH(L37, Barang!$B$2:$B$10001, 0)), ""))} | N37: {=IF(L37="","", IFERROR(INDEX(Barang!$E$2:$E$10001, MATCH(L37, Barang!$B$2:$B$10001, 0)), ""))} | P37: {=IF(L37="","", IFERROR(INDEX(Barang!$F$2:$F$10001, MATCH(L37, Barang!$B$2:$B$10001, 0)) * O37, ""))} | R37: =#REF!-#REF!+O37 -> #REF! | S37: - | T37: -
B38: {=IF(C38="","", IFERROR(INDEX(Barang!$A$2:$A$10001, MATCH(C38, Barang!$B$2:$B$10001, 0)), "Tidak ditemukan"))} -> GCC001 | C38: Garuda crunchy | D38: {=IF(C38="","", IFERROR(INDEX(Barang!$C$2:$C$10001, MATCH(C38, Barang!$B$2:$B$10001, 0)), ""))} -> Makanan | E38: {=IF(C38="","", IFERROR(INDEX(Barang!$E$2:$E$10001, MATCH(C38, Barang!$B$2:$B$10001, 0)), ""))} -> pcs | F38: 1 | G38: {=IF(C38="","", IFERROR(INDEX(Barang!$F$2:$F$10001, MATCH(C38, Barang!$B$2:$B$10001, 0)) * F38, ""))} -> 2000 | K38: {=IF(L38="","", IFERROR(INDEX(Barang!$A$2:$A$10001, MATCH(L38, Barang!$B$2:$B$10001, 0)), "Tidak ditemukan"))} | M38: {=IF(L38="","", IFERROR(INDEX(Barang!$C$2:$C$10001, MATCH(L38, Barang!$B$2:$B$10001, 0)), ""))} | N38: {=IF(L38="","", IFERROR(INDEX(Barang!$E$2:$E$10001, MATCH(L38, Barang!$B$2:$B$10001, 0)), ""))} | P38: {=IF(L38="","", IFERROR(INDEX(Barang!$F$2:$F$10001, MATCH(L38, Barang!$B$2:$B$10001, 0)) * O38, ""))} | R38: =#REF!-#REF!+O38 -> #REF! | S38: - | T38: -
B39: {=IF(C39="","", IFERROR(INDEX(Barang!$A$2:$A$10001, MATCH(C39, Barang!$B$2:$B$10001, 0)), "Tidak ditemukan"))} -> APT001 | C39: Apetito | D39: {=IF(C39="","", IFERROR(INDEX(Barang!$C$2:$C$10001, MATCH(C39, Barang!$B$2:$B$10001, 0)), ""))} -> Makanan | E39: {=IF(C39="","", IFERROR(INDEX(Barang!$E$2:$E$10001, MATCH(C39, Barang!$B$2:$B$10001, 0)), ""))} -> pcs | F39: 1 | G39: {=IF(C39="","", IFERROR(INDEX(Barang!$F$2:$F$10001, MATCH(C39, Barang!$B$2:$B$10001, 0)) * F39, ""))} -> 2000 | K39: {=IF(L39="","", IFERROR(INDEX(Barang!$A$2:$A$10001, MATCH(L39, Barang!$B$2:$B$10001, 0)), "Tidak ditemukan"))} | M39: {=IF(L39="","", IFERROR(INDEX(Barang!$C$2:$C$10001, MATCH(L39, Barang!$B$2:$B$10001, 0)), ""))} | N39: {=IF(L39="","", IFERROR(INDEX(Barang!$E$2:$E$10001, MATCH(L39, Barang!$B$2:$B$10001, 0)), ""))} | P39: {=IF(L39="","", IFERROR(INDEX(Barang!$F$2:$F$10001, MATCH(L39, Barang!$B$2:$B$10001, 0)) * O39, ""))} | R39: =#REF!-#REF!+O39 -> #REF! | S39: - | T39: -
B40: {=IF(C40="","", IFERROR(INDEX(Barang!$A$2:$A$10001, MATCH(C40, Barang!$B$2:$B$10001, 0)), "Tidak ditemukan"))} -> GRR001 | C40: Goriorio | D40: {=IF(C40="","", IFERROR(INDEX(Barang!$C$2:$C$10001, MATCH(C40, Barang!$B$2:$B$10001, 0)), ""))} -> Makanan | E40: {=IF(C40="","", IFERROR(INDEX(Barang!$E$2:$E$10001, MATCH(C40, Barang!$B$2:$B$10001, 0)), ""))} -> pcs | F40: 1 | G40: {=IF(C40="","", IFERROR(INDEX(Barang!$F$2:$F$10001, MATCH(C40, Barang!$B$2:$B$10001, 0)) * F40, ""))} -> 500 | K40: {=IF(L40="","", IFERROR(INDEX(Barang!$A$2:$A$10001, MATCH(L40, Barang!$B$2:$B$10001, 0)), "Tidak ditemukan"))} | M40: {=IF(L40="","", IFERROR(INDEX(Barang!$C$2:$C$10001, MATCH(L40, Barang!$B$2:$B$10001, 0)), ""))} | N40: {=IF(L40="","", IFERROR(INDEX(Barang!$E$2:$E$10001, MATCH(L40, Barang!$B$2:$B$10001, 0)), ""))} | P40: {=IF(L40="","", IFERROR(INDEX(Barang!$F$2:$F$10001, MATCH(L40, Barang!$B$2:$B$10001, 0)) * O40, ""))} | R40: =#REF!-#REF!+O40 -> #REF! | S40: - | T40: -
B41: {=IF(C41="","", IFERROR(INDEX(Barang!$A$2:$A$10001, MATCH(C41, Barang!$B$2:$B$10001, 0)), "Tidak ditemukan"))} -> TGJ02 | C41: Tepung Kanji 1/4 | D41: {=IF(C41="","", IFERROR(INDEX(Barang!$C$2:$C$10001, MATCH(C41, Barang!$B$2:$B$10001, 0)), ""))} -> Bumbu | E41: {=IF(C41="","", IFERROR(INDEX(Barang!$E$2:$E$10001, MATCH(C41, Barang!$B$2:$B$10001, 0)), ""))} -> kg | F41: 5 | G41: {=IF(C41="","", IFERROR(INDEX(Barang!$F$2:$F$10001, MATCH(C41, Barang!$B$2:$B$10001, 0)) * F41, ""))} -> 17500 | K41: {=IF(L41="","", IFERROR(INDEX(Barang!$A$2:$A$10001, MATCH(L41, Barang!$B$2:$B$10001, 0)), "Tidak ditemukan"))} | M41: {=IF(L41="","", IFERROR(INDEX(Barang!$C$2:$C$10001, MATCH(L41, Barang!$B$2:$B$10001, 0)), ""))} | N41: {=IF(L41="","", IFERROR(INDEX(Barang!$E$2:$E$10001, MATCH(L41, Barang!$B$2:$B$10001, 0)), ""))} | P41: {=IF(L41="","", IFERROR(INDEX(Barang!$F$2:$F$10001, MATCH(L41, Barang!$B$2:$B$10001, 0)) * O41, ""))} | R41: =#REF!-#REF!+O41 -> #REF!
B42: {=IF(C42="","", IFERROR(INDEX(Barang!$A$2:$A$10001, MATCH(C42, Barang!$B$2:$B$10001, 0)), "Tidak ditemukan"))} -> YP500 | C42: Yupi 500 | D42: {=IF(C42="","", IFERROR(INDEX(Barang!$C$2:$C$10001, MATCH(C42, Barang!$B$2:$B$10001, 0)), ""))} -> Makanan | E42: {=IF(C42="","", IFERROR(INDEX(Barang!$E$2:$E$10001, MATCH(C42, Barang!$B$2:$B$10001, 0)), ""))} -> pcs | F42: 1 | G42: {=IF(C42="","", IFERROR(INDEX(Barang!$F$2:$F$10001, MATCH(C42, Barang!$B$2:$B$10001, 0)) * F42, ""))} -> 500 | K42: {=IF(L42="","", IFERROR(INDEX(Barang!$A$2:$A$10001, MATCH(L42, Barang!$B$2:$B$10001, 0)), "Tidak ditemukan"))} | M42: {=IF(L42="","", IFERROR(INDEX(Barang!$C$2:$C$10001, MATCH(L42, Barang!$B$2:$B$10001, 0)), ""))} | N42: {=IF(L42="","", IFERROR(INDEX(Barang!$E$2:$E$10001, MATCH(L42, Barang!$B$2:$B$10001, 0)), ""))} | P42: {=IF(L42="","", IFERROR(INDEX(Barang!$F$2:$F$10001, MATCH(L42, Barang!$B$2:$B$10001, 0)) * O42, ""))} | R42: =#REF!-#REF!+O42 -> #REF! | S42: - | T42: -
B43: {=IF(C43="","", IFERROR(INDEX(Barang!$A$2:$A$10001, MATCH(C43, Barang!$B$2:$B$10001, 0)), "Tidak ditemukan"))} -> MKH001 | C43: Mie kuah | D43: {=IF(C43="","", IFERROR(INDEX(Barang!$C$2:$C$10001, MATCH(C43, Barang!$B$2:$B$10001, 0)), ""))} -> Makanan | E43: {=IF(C43="","", IFERROR(INDEX(Barang!$E$2:$E$10001, MATCH(C43, Barang!$B$2:$B$10001, 0)), ""))} -> pcs | F43: 45 | G43: {=IF(C43="","", IFERROR(INDEX(Barang!$F$2:$F$10001, MATCH(C43, Barang!$B$2:$B$10001, 0)) * F43, ""))} -> 157500 | K43: {=IF(L43="","", IFERROR(INDEX(Barang!$A$2:$A$10001, MATCH(L43, Barang!$B$2:$B$10001, 0)), "Tidak ditemukan"))} | M43: {=IF(L43="","", IFERROR(INDEX(Barang!$C$2:$C$10001, MATCH(L43, Barang!$B$2:$B$10001, 0)), ""))} | N43: {=IF(L43="","", IFERROR(INDEX(Barang!$E$2:$E$10001, MATCH(L43, Barang!$B$2:$B$10001, 0)), ""))} | P43: {=IF(L43="","", IFERROR(INDEX(Barang!$F$2:$F$10001, MATCH(L43, Barang!$B$2:$B$10001, 0)) * O43, ""))} | R43: =#REF!-#REF!+O43 -> #REF! | S43: - | T43: -
B44: {=IF(C44="","", IFERROR(INDEX(Barang!$A$2:$A$10001, MATCH(C44, Barang!$B$2:$B$10001, 0)), "Tidak ditemukan"))} -> BC001 | C44: Boncabe | D44: {=IF(C44="","", IFERROR(INDEX(Barang!$C$2:$C$10001, MATCH(C44, Barang!$B$2:$B$10001, 0)), ""))} -> Bumbu | E44: {=IF(C44="","", IFERROR(INDEX(Barang!$E$2:$E$10001, MATCH(C44, Barang!$B$2:$B$10001, 0)), ""))} -> pcs | F44: 1 | G44: {=IF(C44="","", IFERROR(INDEX(Barang!$F$2:$F$10001, MATCH(C44, Barang!$B$2:$B$10001, 0)) * F44, ""))} -> 1000 | K44: {=IF(L44="","", IFERROR(INDEX(Barang!$A$2:$A$10001, MATCH(L44, Barang!$B$2:$B$10001, 0)), "Tidak ditemukan"))} | M44: {=IF(L44="","", IFERROR(INDEX(Barang!$C$2:$C$10001, MATCH(L44, Barang!$B$2:$B$10001, 0)), ""))} | N44: {=IF(L44="","", IFERROR(INDEX(Barang!$E$2:$E$10001, MATCH(L44, Barang!$B$2:$B$10001, 0)), ""))} | P44: {=IF(L44="","", IFERROR(INDEX(Barang!$F$2:$F$10001, MATCH(L44, Barang!$B$2:$B$10001, 0)) * O44, ""))} | R44: =#REF!-#REF!+O44 -> #REF! | S44: - | T44: -
B45: {=IF(C45="","", IFERROR(INDEX(Barang!$A$2:$A$10001, MATCH(C45, Barang!$B$2:$B$10001, 0)), "Tidak ditemukan"))} -> SKB001 | C45: Soklin bubuk | D45: {=IF(C45="","", IFERROR(INDEX(Barang!$C$2:$C$10001, MATCH(C45, Barang!$B$2:$B$10001, 0)), ""))} -> Detergen | E45: {=IF(C45="","", IFERROR(INDEX(Barang!$E$2:$E$10001, MATCH(C45, Barang!$B$2:$B$10001, 0)), ""))} -> pcs | F45: 1 | G45: {=IF(C45="","", IFERROR(INDEX(Barang!$F$2:$F$10001, MATCH(C45, Barang!$B$2:$B$10001, 0)) * F45, ""))} -> 5000 | K45: {=IF(L45="","", IFERROR(INDEX(Barang!$A$2:$A$10001, MATCH(L45, Barang!$B$2:$B$10001, 0)), "Tidak ditemukan"))} | M45: {=IF(L45="","", IFERROR(INDEX(Barang!$C$2:$C$10001, MATCH(L45, Barang!$B$2:$B$10001, 0)), ""))} | N45: {=IF(L45="","", IFERROR(INDEX(Barang!$E$2:$E$10001, MATCH(L45, Barang!$B$2:$B$10001, 0)), ""))} | P45: {=IF(L45="","", IFERROR(INDEX(Barang!$F$2:$F$10001, MATCH(L45, Barang!$B$2:$B$10001, 0)) * O45, ""))} | R45: =#REF!-#REF!+O45 -> #REF! | S45: - | T45: -
A46: 46026 | B46: {=IF(C46="","", IFERROR(INDEX(Barang!$A$2:$A$10001, MATCH(C46, Barang!$B$2:$B$10001, 0)), "Tidak ditemukan"))} -> APT001 | C46: Apetito | D46: {=IF(C46="","", IFERROR(INDEX(Barang!$C$2:$C$10001, MATCH(C46, Barang!$B$2:$B$10001, 0)), ""))} -> Makanan | E46: {=IF(C46="","", IFERROR(INDEX(Barang!$E$2:$E$10001, MATCH(C46, Barang!$B$2:$B$10001, 0)), ""))} -> pcs | F46: 2 | G46: {=IF(C46="","", IFERROR(INDEX(Barang!$F$2:$F$10001, MATCH(C46, Barang!$B$2:$B$10001, 0)) * F46, ""))} -> 4000 | K46: {=IF(L46="","", IFERROR(INDEX(Barang!$A$2:$A$10001, MATCH(L46, Barang!$B$2:$B$10001, 0)), "Tidak ditemukan"))} | M46: {=IF(L46="","", IFERROR(INDEX(Barang!$C$2:$C$10001, MATCH(L46, Barang!$B$2:$B$10001, 0)), ""))} | N46: {=IF(L46="","", IFERROR(INDEX(Barang!$E$2:$E$10001, MATCH(L46, Barang!$B$2:$B$10001, 0)), ""))} | P46: {=IF(L46="","", IFERROR(INDEX(Barang!$F$2:$F$10001, MATCH(L46, Barang!$B$2:$B$10001, 0)) * O46, ""))} | R46: =#REF!-#REF!+O46 -> #REF! | S46: - | T46: -
B47: {=IF(C47="","", IFERROR(INDEX(Barang!$A$2:$A$10001, MATCH(C47, Barang!$B$2:$B$10001, 0)), "Tidak ditemukan"))} -> OKJ1 | C47: Okky jelly 1 | D47: {=IF(C47="","", IFERROR(INDEX(Barang!$C$2:$C$10001, MATCH(C47, Barang!$B$2:$B$10001, 0)), ""))} -> Minuman | E47: {=IF(C47="","", IFERROR(INDEX(Barang!$E$2:$E$10001, MATCH(C47, Barang!$B$2:$B$10001, 0)), ""))} -> pcs | F47: 2 | G47: {=IF(C47="","", IFERROR(INDEX(Barang!$F$2:$F$10001, MATCH(C47, Barang!$B$2:$B$10001, 0)) * F47, ""))} -> 2000 | K47: {=IF(L47="","", IFERROR(INDEX(Barang!$A$2:$A$10001, MATCH(L47, Barang!$B$2:$B$10001, 0)), "Tidak ditemukan"))} | M47: {=IF(L47="","", IFERROR(INDEX(Barang!$C$2:$C$10001, MATCH(L47, Barang!$B$2:$B$10001, 0)), ""))} | N47: {=IF(L47="","", IFERROR(INDEX(Barang!$E$2:$E$10001, MATCH(L47, Barang!$B$2:$B$10001, 0)), ""))} | P47: {=IF(L47="","", IFERROR(INDEX(Barang!$F$2:$F$10001, MATCH(L47, Barang!$B$2:$B$10001, 0)) * O47, ""))} | R47: =#REF!-#REF!+O47 -> #REF! | S47: - | T47: -
B48: {=IF(C48="","", IFERROR(INDEX(Barang!$A$2:$A$10001, MATCH(C48, Barang!$B$2:$B$10001, 0)), "Tidak ditemukan"))} -> DLN02 | C48: Dilan 2000 | D48: {=IF(C48="","", IFERROR(INDEX(Barang!$C$2:$C$10001, MATCH(C48, Barang!$B$2:$B$10001, 0)), ""))} -> Makanan | E48: {=IF(C48="","", IFERROR(INDEX(Barang!$E$2:$E$10001, MATCH(C48, Barang!$B$2:$B$10001, 0)), ""))} -> pcs | F48: 7 | G48: {=IF(C48="","", IFERROR(INDEX(Barang!$F$2:$F$10001, MATCH(C48, Barang!$B$2:$B$10001, 0)) * F48, ""))} -> 14000 | K48: {=IF(L48="","", IFERROR(INDEX(Barang!$A$2:$A$10001, MATCH(L48, Barang!$B$2:$B$10001, 0)), "Tidak ditemukan"))} | M48: {=IF(L48="","", IFERROR(INDEX(Barang!$C$2:$C$10001, MATCH(L48, Barang!$B$2:$B$10001, 0)), ""))} | N48: {=IF(L48="","", IFERROR(INDEX(Barang!$E$2:$E$10001, MATCH(L48, Barang!$B$2:$B$10001, 0)), ""))} | P48: {=IF(L48="","", IFERROR(INDEX(Barang!$F$2:$F$10001, MATCH(L48, Barang!$B$2:$B$10001, 0)) * O48, ""))} | R48: =#REF!-#REF!+O48 -> #REF! | S48: - | T48: -
B49: {=IF(C49="","", IFERROR(INDEX(Barang!$A$2:$A$10001, MATCH(C49, Barang!$B$2:$B$10001, 0)), "Tidak ditemukan"))} -> PLP001 | C49: Pilus POP | D49: {=IF(C49="","", IFERROR(INDEX(Barang!$C$2:$C$10001, MATCH(C49, Barang!$B$2:$B$10001, 0)), ""))} -> Makanan | E49: {=IF(C49="","", IFERROR(INDEX(Barang!$E$2:$E$10001, MATCH(C49, Barang!$B$2:$B$10001, 0)), ""))} -> pcs | F49: 1 | G49: {=IF(C49="","", IFERROR(INDEX(Barang!$F$2:$F$10001, MATCH(C49, Barang!$B$2:$B$10001, 0)) * F49, ""))} -> 2000 | K49: {=IF(L49="","", IFERROR(INDEX(Barang!$A$2:$A$10001, MATCH(L49, Barang!$B$2:$B$10001, 0)), "Tidak ditemukan"))} | M49: {=IF(L49="","", IFERROR(INDEX(Barang!$C$2:$C$10001, MATCH(L49, Barang!$B$2:$B$10001, 0)), ""))} | N49: {=IF(L49="","", IFERROR(INDEX(Barang!$E$2:$E$10001, MATCH(L49, Barang!$B$2:$B$10001, 0)), ""))} | P49: {=IF(L49="","", IFERROR(INDEX(Barang!$F$2:$F$10001, MATCH(L49, Barang!$B$2:$B$10001, 0)) * O49, ""))} | R49: =#REF!-#REF!+O49 -> #REF! | S49: - | T49: -
B50: {=IF(C50="","", IFERROR(INDEX(Barang!$A$2:$A$10001, MATCH(C50, Barang!$B$2:$B$10001, 0)), "Tidak ditemukan"))} -> GPT001 | C50: Gery potato | D50: {=IF(C50="","", IFERROR(INDEX(Barang!$C$2:$C$10001, MATCH(C50, Barang!$B$2:$B$10001, 0)), ""))} -> Makanan | E50: {=IF(C50="","", IFERROR(INDEX(Barang!$E$2:$E$10001, MATCH(C50, Barang!$B$2:$B$10001, 0)), ""))} -> pcs | F50: 3 | G50: {=IF(C50="","", IFERROR(INDEX(Barang!$F$2:$F$10001, MATCH(C50, Barang!$B$2:$B$10001, 0)) * F50, ""))} -> 3000 | K50: {=IF(L50="","", IFERROR(INDEX(Barang!$A$2:$A$10001, MATCH(L50, Barang!$B$2:$B$10001, 0)), "Tidak ditemukan"))} | M50: {=IF(L50="","", IFERROR(INDEX(Barang!$C$2:$C$10001, MATCH(L50, Barang!$B$2:$B$10001, 0)), ""))} | N50: {=IF(L50="","", IFERROR(INDEX(Barang!$E$2:$E$10001, MATCH(L50, Barang!$B$2:$B$10001, 0)), ""))} | P50: {=IF(L50="","", IFERROR(INDEX(Barang!$F$2:$F$10001, MATCH(L50, Barang!$B$2:$B$10001, 0)) * O50, ""))} | R50: =#REF!-#REF!+O50 -> #REF! | S50: - | T50: -
B51: {=IF(C51="","", IFERROR(INDEX(Barang!$A$2:$A$10001, MATCH(C51, Barang!$B$2:$B$10001, 0)), "Tidak ditemukan"))} -> GRR001 | C51: Goriorio | D51: {=IF(C51="","", IFERROR(INDEX(Barang!$C$2:$C$10001, MATCH(C51, Barang!$B$2:$B$10001, 0)), ""))} -> Makanan | E51: {=IF(C51="","", IFERROR(INDEX(Barang!$E$2:$E$10001, MATCH(C51, Barang!$B$2:$B$10001, 0)), ""))} -> pcs | F51: 4 | G51: {=IF(C51="","", IFERROR(INDEX(Barang!$F$2:$F$10001, MATCH(C51, Barang!$B$2:$B$10001, 0)) * F51, ""))} -> 2000 | K51: {=IF(L51="","", IFERROR(INDEX(Barang!$A$2:$A$10001, MATCH(L51, Barang!$B$2:$B$10001, 0)), "Tidak ditemukan"))} | M51: {=IF(L51="","", IFERROR(INDEX(Barang!$C$2:$C$10001, MATCH(L51, Barang!$B$2:$B$10001, 0)), ""))} | N51: {=IF(L51="","", IFERROR(INDEX(Barang!$E$2:$E$10001, MATCH(L51, Barang!$B$2:$B$10001, 0)), ""))} | P51: {=IF(L51="","", IFERROR(INDEX(Barang!$F$2:$F$10001, MATCH(L51, Barang!$B$2:$B$10001, 0)) * O51, ""))} | R51: =#REF!-#REF!+O51 -> #REF! | S51: - | T51: -
B52: {=IF(C52="","", IFERROR(INDEX(Barang!$A$2:$A$10001, MATCH(C52, Barang!$B$2:$B$10001, 0)), "Tidak ditemukan"))} -> RTP001 | C52: Roti pia | D52: {=IF(C52="","", IFERROR(INDEX(Barang!$C$2:$C$10001, MATCH(C52, Barang!$B$2:$B$10001, 0)), ""))} -> Makanan | E52: {=IF(C52="","", IFERROR(INDEX(Barang!$E$2:$E$10001, MATCH(C52, Barang!$B$2:$B$10001, 0)), ""))} -> pcs | F52: 6 | G52: {=IF(C52="","", IFERROR(INDEX(Barang!$F$2:$F$10001, MATCH(C52, Barang!$B$2:$B$10001, 0)) * F52, ""))} -> 12000 | K52: {=IF(L52="","", IFERROR(INDEX(Barang!$A$2:$A$10001, MATCH(L52, Barang!$B$2:$B$10001, 0)), "Tidak ditemukan"))} | M52: {=IF(L52="","", IFERROR(INDEX(Barang!$C$2:$C$10001, MATCH(L52, Barang!$B$2:$B$10001, 0)), ""))} | N52: {=IF(L52="","", IFERROR(INDEX(Barang!$E$2:$E$10001, MATCH(L52, Barang!$B$2:$B$10001, 0)), ""))} | P52: {=IF(L52="","", IFERROR(INDEX(Barang!$F$2:$F$10001, MATCH(L52, Barang!$B$2:$B$10001, 0)) * O52, ""))} | R52: =#REF!-#REF!+O52 -> #REF! | S52: - | T52: -
B53: {=IF(C53="","", IFERROR(INDEX(Barang!$A$2:$A$10001, MATCH(C53, Barang!$B$2:$B$10001, 0)), "Tidak ditemukan"))} -> SSB001 | C53: Santan sasa bubuk | D53: {=IF(C53="","", IFERROR(INDEX(Barang!$C$2:$C$10001, MATCH(C53, Barang!$B$2:$B$10001, 0)), ""))} -> Bumbu | E53: {=IF(C53="","", IFERROR(INDEX(Barang!$E$2:$E$10001, MATCH(C53, Barang!$B$2:$B$10001, 0)), ""))} -> pcs | F53: 2 | G53: {=IF(C53="","", IFERROR(INDEX(Barang!$F$2:$F$10001, MATCH(C53, Barang!$B$2:$B$10001, 0)) * F53, ""))} -> 5000 | K53: {=IF(L53="","", IFERROR(INDEX(Barang!$A$2:$A$10001, MATCH(L53, Barang!$B$2:$B$10001, 0)), "Tidak ditemukan"))} | M53: {=IF(L53="","", IFERROR(INDEX(Barang!$C$2:$C$10001, MATCH(L53, Barang!$B$2:$B$10001, 0)), ""))} | N53: {=IF(L53="","", IFERROR(INDEX(Barang!$E$2:$E$10001, MATCH(L53, Barang!$B$2:$B$10001, 0)), ""))} | P53: {=IF(L53="","", IFERROR(INDEX(Barang!$F$2:$F$10001, MATCH(L53, Barang!$B$2:$B$10001, 0)) * O53, ""))} | R53: =#REF!-#REF!+O53 -> #REF! | S53: - | T53: -
B54: {=IF(C54="","", IFERROR(INDEX(Barang!$A$2:$A$10001, MATCH(C54, Barang!$B$2:$B$10001, 0)), "Tidak ditemukan"))} -> SDK001 | C54: Sedaap kaldu | D54: {=IF(C54="","", IFERROR(INDEX(Barang!$C$2:$C$10001, MATCH(C54, Barang!$B$2:$B$10001, 0)), ""))} -> Bumbu | E54: {=IF(C54="","", IFERROR(INDEX(Barang!$E$2:$E$10001, MATCH(C54, Barang!$B$2:$B$10001, 0)), ""))} -> pcs | F54: 2 | G54: {=IF(C54="","", IFERROR(INDEX(Barang!$F$2:$F$10001, MATCH(C54, Barang!$B$2:$B$10001, 0)) * F54, ""))} -> 1000 | K54: {=IF(L54="","", IFERROR(INDEX(Barang!$A$2:$A$10001, MATCH(L54, Barang!$B$2:$B$10001, 0)), "Tidak ditemukan"))} | M54: {=IF(L54="","", IFERROR(INDEX(Barang!$C$2:$C$10001, MATCH(L54, Barang!$B$2:$B$10001, 0)), ""))} | N54: {=IF(L54="","", IFERROR(INDEX(Barang!$E$2:$E$10001, MATCH(L54, Barang!$B$2:$B$10001, 0)), ""))} | P54: {=IF(L54="","", IFERROR(INDEX(Barang!$F$2:$F$10001, MATCH(L54, Barang!$B$2:$B$10001, 0)) * O54, ""))} | R54: =#REF!-#REF!+O54 -> #REF! | S54: - | T54: -
B55: {=IF(C55="","", IFERROR(INDEX(Barang!$A$2:$A$10001, MATCH(C55, Barang!$B$2:$B$10001, 0)), "Tidak ditemukan"))} -> LDK001 | C55: Ladaku | D55: {=IF(C55="","", IFERROR(INDEX(Barang!$C$2:$C$10001, MATCH(C55, Barang!$B$2:$B$10001, 0)), ""))} -> Bumbu | E55: {=IF(C55="","", IFERROR(INDEX(Barang!$E$2:$E$10001, MATCH(C55, Barang!$B$2:$B$10001, 0)), ""))} -> pcs | F55: 1 | G55: {=IF(C55="","", IFERROR(INDEX(Barang!$F$2:$F$10001, MATCH(C55, Barang!$B$2:$B$10001, 0)) * F55, ""))} -> 1000 | K55: {=IF(L55="","", IFERROR(INDEX(Barang!$A$2:$A$10001, MATCH(L55, Barang!$B$2:$B$10001, 0)), "Tidak ditemukan"))} | M55: {=IF(L55="","", IFERROR(INDEX(Barang!$C$2:$C$10001, MATCH(L55, Barang!$B$2:$B$10001, 0)), ""))} | N55: {=IF(L55="","", IFERROR(INDEX(Barang!$E$2:$E$10001, MATCH(L55, Barang!$B$2:$B$10001, 0)), ""))} | P55: {=IF(L55="","", IFERROR(INDEX(Barang!$F$2:$F$10001, MATCH(L55, Barang!$B$2:$B$10001, 0)) * O55, ""))} | R55: =#REF!-#REF!+O55 -> #REF! | S55: - | T55: -
B56: {=IF(C56="","", IFERROR(INDEX(Barang!$A$2:$A$10001, MATCH(C56, Barang!$B$2:$B$10001, 0)), "Tidak ditemukan"))} -> DNY001 | C56: Downy | D56: {=IF(C56="","", IFERROR(INDEX(Barang!$C$2:$C$10001, MATCH(C56, Barang!$B$2:$B$10001, 0)), ""))} -> Detergen | E56: {=IF(C56="","", IFERROR(INDEX(Barang!$E$2:$E$10001, MATCH(C56, Barang!$B$2:$B$10001, 0)), ""))} -> pcs | F56: 2 | G56: {=IF(C56="","", IFERROR(INDEX(Barang!$F$2:$F$10001, MATCH(C56, Barang!$B$2:$B$10001, 0)) * F56, ""))} -> 1000 | K56: {=IF(L56="","", IFERROR(INDEX(Barang!$A$2:$A$10001, MATCH(L56, Barang!$B$2:$B$10001, 0)), "Tidak ditemukan"))} | M56: {=IF(L56="","", IFERROR(INDEX(Barang!$C$2:$C$10001, MATCH(L56, Barang!$B$2:$B$10001, 0)), ""))} | N56: {=IF(L56="","", IFERROR(INDEX(Barang!$E$2:$E$10001, MATCH(L56, Barang!$B$2:$B$10001, 0)), ""))} | P56: {=IF(L56="","", IFERROR(INDEX(Barang!$F$2:$F$10001, MATCH(L56, Barang!$B$2:$B$10001, 0)) * O56, ""))} | R56: =#REF!-#REF!+O56 -> #REF! | S56: - | T56: -
B57: {=IF(C57="","", IFERROR(INDEX(Barang!$A$2:$A$10001, MATCH(C57, Barang!$B$2:$B$10001, 0)), "Tidak ditemukan"))} -> CM001 | C57: Clevo milk | D57: {=IF(C57="","", IFERROR(INDEX(Barang!$C$2:$C$10001, MATCH(C57, Barang!$B$2:$B$10001, 0)), ""))} -> Minuman | E57: {=IF(C57="","", IFERROR(INDEX(Barang!$E$2:$E$10001, MATCH(C57, Barang!$B$2:$B$10001, 0)), ""))} -> pcs | F57: 1 | G57: {=IF(C57="","", IFERROR(INDEX(Barang!$F$2:$F$10001, MATCH(C57, Barang!$B$2:$B$10001, 0)) * F57, ""))} -> 3000 | K57: {=IF(L57="","", IFERROR(INDEX(Barang!$A$2:$A$10001, MATCH(L57, Barang!$B$2:$B$10001, 0)), "Tidak ditemukan"))} | M57: {=IF(L57="","", IFERROR(INDEX(Barang!$C$2:$C$10001, MATCH(L57, Barang!$B$2:$B$10001, 0)), ""))} | N57: {=IF(L57="","", IFERROR(INDEX(Barang!$E$2:$E$10001, MATCH(L57, Barang!$B$2:$B$10001, 0)), ""))} | P57: {=IF(L57="","", IFERROR(INDEX(Barang!$F$2:$F$10001, MATCH(L57, Barang!$B$2:$B$10001, 0)) * O57, ""))} | R57: =#REF!-#REF!+O57 -> #REF! | S57: - | T57: -
B58: {=IF(C58="","", IFERROR(INDEX(Barang!$A$2:$A$10001, MATCH(C58, Barang!$B$2:$B$10001, 0)), "Tidak ditemukan"))} -> GDY001 | C58: Good Day | D58: {=IF(C58="","", IFERROR(INDEX(Barang!$C$2:$C$10001, MATCH(C58, Barang!$B$2:$B$10001, 0)), ""))} -> Minuman | E58: {=IF(C58="","", IFERROR(INDEX(Barang!$E$2:$E$10001, MATCH(C58, Barang!$B$2:$B$10001, 0)), ""))} -> pcs | F58: 1 | G58: {=IF(C58="","", IFERROR(INDEX(Barang!$F$2:$F$10001, MATCH(C58, Barang!$B$2:$B$10001, 0)) * F58, ""))} -> 2500 | K58: {=IF(L58="","", IFERROR(INDEX(Barang!$A$2:$A$10001, MATCH(L58, Barang!$B$2:$B$10001, 0)), "Tidak ditemukan"))} | M58: {=IF(L58="","", IFERROR(INDEX(Barang!$C$2:$C$10001, MATCH(L58, Barang!$B$2:$B$10001, 0)), ""))} | N58: {=IF(L58="","", IFERROR(INDEX(Barang!$E$2:$E$10001, MATCH(L58, Barang!$B$2:$B$10001, 0)), ""))} | P58: {=IF(L58="","", IFERROR(INDEX(Barang!$F$2:$F$10001, MATCH(L58, Barang!$B$2:$B$10001, 0)) * O58, ""))} | R58: =#REF!-#REF!+O58 -> #REF! | S58: - | T58: -
... B61: {=IF(C61="","", IFERROR(INDEX(Barang!$A$2:$A$10001, MATCH(C61, Barang!$B$2:$B$10001, 0)), "Tidak ditemukan"))} -> MGR001 | C61: Mie goreng | D61: {=IF(C61="","", IFERROR(INDEX(Barang!$C$2:$C$10001, MATCH(C61, Barang!$B$2:$B$10001, 0)), ""))} -> Makanan | E61: {=IF(C61="","", IFERROR(INDEX(Barang!$E$2:$E$10001, MATCH(C61, Barang!$B$2:$B$10001, 0)), ""))} -> pcs | F61: 40 | G61: {=IF(C61="","", IFERROR(INDEX(Barang!$F$2:$F$10001, MATCH(C61, Barang!$B$2:$B$10001, 0)) * F61, ""))} -> 140000 | K61: {=IF(L61="","", IFERROR(INDEX(Barang!$A$2:$A$10001, MATCH(L61, Barang!$B$2:$B$10001, 0)), "Tidak ditemukan"))} | M61: {=IF(L61="","", IFERROR(INDEX(Barang!$C$2:$C$10001, MATCH(L61, Barang!$B$2:$B$10001, 0)), ""))} | N61: {=IF(L61="","", IFERROR(INDEX(Barang!$E$2:$E$10001, MATCH(L61, Barang!$B$2:$B$10001, 0)), ""))} | P61: {=IF(L61="","", IFERROR(INDEX(Barang!$F$2:$F$10001, MATCH(L61, Barang!$B$2:$B$10001, 0)) * O61, ""))} | R61: =#REF!-#REF!+O61 -> #REF! | S61: - | T61: -
A62: 46027 | B62: {=IF(C62="","", IFERROR(INDEX(Barang!$A$2:$A$10001, MATCH(C62, Barang!$B$2:$B$10001, 0)), "Tidak ditemukan"))} -> RTG001 | C62: Roti gery | D62: {=IF(C62="","", IFERROR(INDEX(Barang!$C$2:$C$10001, MATCH(C62, Barang!$B$2:$B$10001, 0)), ""))} -> Makanan | E62: {=IF(C62="","", IFERROR(INDEX(Barang!$E$2:$E$10001, MATCH(C62, Barang!$B$2:$B$10001, 0)), ""))} -> pcs | F62: 1 | G62: {=IF(C62="","", IFERROR(INDEX(Barang!$F$2:$F$10001, MATCH(C62, Barang!$B$2:$B$10001, 0)) * F62, ""))} -> 2500 | K62: {=IF(L62="","", IFERROR(INDEX(Barang!$A$2:$A$10001, MATCH(L62, Barang!$B$2:$B$10001, 0)), "Tidak ditemukan"))} | M62: {=IF(L62="","", IFERROR(INDEX(Barang!$C$2:$C$10001, MATCH(L62, Barang!$B$2:$B$10001, 0)), ""))} | N62: {=IF(L62="","", IFERROR(INDEX(Barang!$E$2:$E$10001, MATCH(L62, Barang!$B$2:$B$10001, 0)), ""))} | P62: {=IF(L62="","", IFERROR(INDEX(Barang!$F$2:$F$10001, MATCH(L62, Barang!$B$2:$B$10001, 0)) * O62, ""))} | R62: =#REF!-#REF!+O62 -> #REF! | S62: - | T62: -
B63: {=IF(C63="","", IFERROR(INDEX(Barang!$A$2:$A$10001, MATCH(C63, Barang!$B$2:$B$10001, 0)), "Tidak ditemukan"))} -> GRR001 | C63: Goriorio | D63: {=IF(C63="","", IFERROR(INDEX(Barang!$C$2:$C$10001, MATCH(C63, Barang!$B$2:$B$10001, 0)), ""))} -> Makanan | E63: {=IF(C63="","", IFERROR(INDEX(Barang!$E$2:$E$10001, MATCH(C63, Barang!$B$2:$B$10001, 0)), ""))} -> pcs | F63: 2 | G63: {=IF(C63="","", IFERROR(INDEX(Barang!$F$2:$F$10001, MATCH(C63, Barang!$B$2:$B$10001, 0)) * F63, ""))} -> 1000 | K63: {=IF(L63="","", IFERROR(INDEX(Barang!$A$2:$A$10001, MATCH(L63, Barang!$B$2:$B$10001, 0)), "Tidak ditemukan"))} | M63: {=IF(L63="","", IFERROR(INDEX(Barang!$C$2:$C$10001, MATCH(L63, Barang!$B$2:$B$10001, 0)), ""))} | N63: {=IF(L63="","", IFERROR(INDEX(Barang!$E$2:$E$10001, MATCH(L63, Barang!$B$2:$B$10001, 0)), ""))} | P63: {=IF(L63="","", IFERROR(INDEX(Barang!$F$2:$F$10001, MATCH(L63, Barang!$B$2:$B$10001, 0)) * O63, ""))} | R63: =#REF!-#REF!+O63 -> #REF! | S63: - | T63: -
B64: {=IF(C64="","", IFERROR(INDEX(Barang!$A$2:$A$10001, MATCH(C64, Barang!$B$2:$B$10001, 0)), "Tidak ditemukan"))} -> CL1001 | C64: Chocolatos 1000 | D64: {=IF(C64="","", IFERROR(INDEX(Barang!$C$2:$C$10001, MATCH(C64, Barang!$B$2:$B$10001, 0)), ""))} -> Makanan | E64: {=IF(C64="","", IFERROR(INDEX(Barang!$E$2:$E$10001, MATCH(C64, Barang!$B$2:$B$10001, 0)), ""))} -> pcs | F64: 6 | G64: {=IF(C64="","", IFERROR(INDEX(Barang!$F$2:$F$10001, MATCH(C64, Barang!$B$2:$B$10001, 0)) * F64, ""))} -> 6000 | K64: {=IF(L64="","", IFERROR(INDEX(Barang!$A$2:$A$10001, MATCH(L64, Barang!$B$2:$B$10001, 0)), "Tidak ditemukan"))} | M64: {=IF(L64="","", IFERROR(INDEX(Barang!$C$2:$C$10001, MATCH(L64, Barang!$B$2:$B$10001, 0)), ""))} | N64: {=IF(L64="","", IFERROR(INDEX(Barang!$E$2:$E$10001, MATCH(L64, Barang!$B$2:$B$10001, 0)), ""))} | P64: {=IF(L64="","", IFERROR(INDEX(Barang!$F$2:$F$10001, MATCH(L64, Barang!$B$2:$B$10001, 0)) * O64, ""))} | R64: =#REF!-#REF!+O64 -> #REF! | S64: - | T64: -
B65: {=IF(C65="","", IFERROR(INDEX(Barang!$A$2:$A$10001, MATCH(C65, Barang!$B$2:$B$10001, 0)), "Tidak ditemukan"))} -> SNK001 | C65: Snack | D65: {=IF(C65="","", IFERROR(INDEX(Barang!$C$2:$C$10001, MATCH(C65, Barang!$B$2:$B$10001, 0)), ""))} -> Makanan | E65: {=IF(C65="","", IFERROR(INDEX(Barang!$E$2:$E$10001, MATCH(C65, Barang!$B$2:$B$10001, 0)), ""))} -> pcs | F65: 1 | G65: {=IF(C65="","", IFERROR(INDEX(Barang!$F$2:$F$10001, MATCH(C65, Barang!$B$2:$B$10001, 0)) * F65, ""))} -> 2000 | K65: {=IF(L65="","", IFERROR(INDEX(Barang!$A$2:$A$10001, MATCH(L65, Barang!$B$2:$B$10001, 0)), "Tidak ditemukan"))} | M65: {=IF(L65="","", IFERROR(INDEX(Barang!$C$2:$C$10001, MATCH(L65, Barang!$B$2:$B$10001, 0)), ""))} | N65: {=IF(L65="","", IFERROR(INDEX(Barang!$E$2:$E$10001, MATCH(L65, Barang!$B$2:$B$10001, 0)), ""))} | P65: {=IF(L65="","", IFERROR(INDEX(Barang!$F$2:$F$10001, MATCH(L65, Barang!$B$2:$B$10001, 0)) * O65, ""))} | R65: =#REF!-#REF!+O65 -> #REF! | S65: - | T65: -
B66: {=IF(C66="","", IFERROR(INDEX(Barang!$A$2:$A$10001, MATCH(C66, Barang!$B$2:$B$10001, 0)), "Tidak ditemukan"))} -> RTP001 | C66: Roti pia | D66: {=IF(C66="","", IFERROR(INDEX(Barang!$C$2:$C$10001, MATCH(C66, Barang!$B$2:$B$10001, 0)), ""))} -> Makanan | E66: {=IF(C66="","", IFERROR(INDEX(Barang!$E$2:$E$10001, MATCH(C66, Barang!$B$2:$B$10001, 0)), ""))} -> pcs | F66: 4 | G66: {=IF(C66="","", IFERROR(INDEX(Barang!$F$2:$F$10001, MATCH(C66, Barang!$B$2:$B$10001, 0)) * F66, ""))} -> 8000 | K66: {=IF(L66="","", IFERROR(INDEX(Barang!$A$2:$A$10001, MATCH(L66, Barang!$B$2:$B$10001, 0)), "Tidak ditemukan"))} | M66: {=IF(L66="","", IFERROR(INDEX(Barang!$C$2:$C$10001, MATCH(L66, Barang!$B$2:$B$10001, 0)), ""))} | N66: {=IF(L66="","", IFERROR(INDEX(Barang!$E$2:$E$10001, MATCH(L66, Barang!$B$2:$B$10001, 0)), ""))} | P66: {=IF(L66="","", IFERROR(INDEX(Barang!$F$2:$F$10001, MATCH(L66, Barang!$B$2:$B$10001, 0)) * O66, ""))} | R66: =#REF!-#REF!+O66 -> #REF! | S66: - | T66: -
B67: {=IF(C67="","", IFERROR(INDEX(Barang!$A$2:$A$10001, MATCH(C67, Barang!$B$2:$B$10001, 0)), "Tidak ditemukan"))} -> RDR001 | C67: Roma durian | D67: {=IF(C67="","", IFERROR(INDEX(Barang!$C$2:$C$10001, MATCH(C67, Barang!$B$2:$B$10001, 0)), ""))} -> Makanan | E67: {=IF(C67="","", IFERROR(INDEX(Barang!$E$2:$E$10001, MATCH(C67, Barang!$B$2:$B$10001, 0)), ""))} -> pcs | F67: 1 | G67: {=IF(C67="","", IFERROR(INDEX(Barang!$F$2:$F$10001, MATCH(C67, Barang!$B$2:$B$10001, 0)) * F67, ""))} -> 9000 | K67: {=IF(L67="","", IFERROR(INDEX(Barang!$A$2:$A$10001, MATCH(L67, Barang!$B$2:$B$10001, 0)), "Tidak ditemukan"))} | M67: {=IF(L67="","", IFERROR(INDEX(Barang!$C$2:$C$10001, MATCH(L67, Barang!$B$2:$B$10001, 0)), ""))} | N67: {=IF(L67="","", IFERROR(INDEX(Barang!$E$2:$E$10001, MATCH(L67, Barang!$B$2:$B$10001, 0)), ""))} | P67: {=IF(L67="","", IFERROR(INDEX(Barang!$F$2:$F$10001, MATCH(L67, Barang!$B$2:$B$10001, 0)) * O67, ""))} | R67: =#REF!-#REF!+O67 -> #REF! | S67: - | T67: -
B68: {=IF(C68="","", IFERROR(INDEX(Barang!$A$2:$A$10001, MATCH(C68, Barang!$B$2:$B$10001, 0)), "Tidak ditemukan"))} -> GSB002 | C68: Gery salut besar | D68: {=IF(C68="","", IFERROR(INDEX(Barang!$C$2:$C$10001, MATCH(C68, Barang!$B$2:$B$10001, 0)), ""))} -> Makanan | E68: {=IF(C68="","", IFERROR(INDEX(Barang!$E$2:$E$10001, MATCH(C68, Barang!$B$2:$B$10001, 0)), ""))} -> pcs | F68: 3 | G68: {=IF(C68="","", IFERROR(INDEX(Barang!$F$2:$F$10001, MATCH(C68, Barang!$B$2:$B$10001, 0)) * F68, ""))} -> 19500 | K68: {=IF(L68="","", IFERROR(INDEX(Barang!$A$2:$A$10001, MATCH(L68, Barang!$B$2:$B$10001, 0)), "Tidak ditemukan"))} | M68: {=IF(L68="","", IFERROR(INDEX(Barang!$C$2:$C$10001, MATCH(L68, Barang!$B$2:$B$10001, 0)), ""))} | N68: {=IF(L68="","", IFERROR(INDEX(Barang!$E$2:$E$10001, MATCH(L68, Barang!$B$2:$B$10001, 0)), ""))} | P68: {=IF(L68="","", IFERROR(INDEX(Barang!$F$2:$F$10001, MATCH(L68, Barang!$B$2:$B$10001, 0)) * O68, ""))} | R68: =#REF!-#REF!+O68 -> #REF! | S68: - | T68: -
B69: {=IF(C69="","", IFERROR(INDEX(Barang!$A$2:$A$10001, MATCH(C69, Barang!$B$2:$B$10001, 0)), "Tidak ditemukan"))} -> RCK001 | C69: Racik | D69: {=IF(C69="","", IFERROR(INDEX(Barang!$C$2:$C$10001, MATCH(C69, Barang!$B$2:$B$10001, 0)), ""))} -> Bumbu | E69: {=IF(C69="","", IFERROR(INDEX(Barang!$E$2:$E$10001, MATCH(C69, Barang!$B$2:$B$10001, 0)), ""))} -> pcs | F69: 2 | G69: {=IF(C69="","", IFERROR(INDEX(Barang!$F$2:$F$10001, MATCH(C69, Barang!$B$2:$B$10001, 0)) * F69, ""))} -> 4000 | K69: {=IF(L69="","", IFERROR(INDEX(Barang!$A$2:$A$10001, MATCH(L69, Barang!$B$2:$B$10001, 0)), "Tidak ditemukan"))} | M69: {=IF(L69="","", IFERROR(INDEX(Barang!$C$2:$C$10001, MATCH(L69, Barang!$B$2:$B$10001, 0)), ""))} | N69: {=IF(L69="","", IFERROR(INDEX(Barang!$E$2:$E$10001, MATCH(L69, Barang!$B$2:$B$10001, 0)), ""))} | P69: {=IF(L69="","", IFERROR(INDEX(Barang!$F$2:$F$10001, MATCH(L69, Barang!$B$2:$B$10001, 0)) * O69, ""))} | R69: =#REF!-#REF!+O69 -> #REF! | S69: - | T69: -
B70: {=IF(C70="","", IFERROR(INDEX(Barang!$A$2:$A$10001, MATCH(C70, Barang!$B$2:$B$10001, 0)), "Tidak ditemukan"))} -> TLR2 | C70: Telur 1/2 | D70: {=IF(C70="","", IFERROR(INDEX(Barang!$C$2:$C$10001, MATCH(C70, Barang!$B$2:$B$10001, 0)), ""))} -> Sembako | E70: {=IF(C70="","", IFERROR(INDEX(Barang!$E$2:$E$10001, MATCH(C70, Barang!$B$2:$B$10001, 0)), ""))} -> kg | F70: 20 | G70: {=IF(C70="","", IFERROR(INDEX(Barang!$F$2:$F$10001, MATCH(C70, Barang!$B$2:$B$10001, 0)) * F70, ""))} -> 310000 | K70: {=IF(L70="","", IFERROR(INDEX(Barang!$A$2:$A$10001, MATCH(L70, Barang!$B$2:$B$10001, 0)), "Tidak ditemukan"))} | M70: {=IF(L70="","", IFERROR(INDEX(Barang!$C$2:$C$10001, MATCH(L70, Barang!$B$2:$B$10001, 0)), ""))} | N70: {=IF(L70="","", IFERROR(INDEX(Barang!$E$2:$E$10001, MATCH(L70, Barang!$B$2:$B$10001, 0)), ""))} | P70: {=IF(L70="","", IFERROR(INDEX(Barang!$F$2:$F$10001, MATCH(L70, Barang!$B$2:$B$10001, 0)) * O70, ""))} | R70: =#REF!-#REF!+O70 -> #REF! | S70: - | T70: -
B71: {=IF(C71="","", IFERROR(INDEX(Barang!$A$2:$A$10001, MATCH(C71, Barang!$B$2:$B$10001, 0)), "Tidak ditemukan"))} -> MGR001 | C71: Mie goreng | D71: {=IF(C71="","", IFERROR(INDEX(Barang!$C$2:$C$10001, MATCH(C71, Barang!$B$2:$B$10001, 0)), ""))} -> Makanan | E71: {=IF(C71="","", IFERROR(INDEX(Barang!$E$2:$E$10001, MATCH(C71, Barang!$B$2:$B$10001, 0)), ""))} -> pcs | F71: 30 | G71: {=IF(C71="","", IFERROR(INDEX(Barang!$F$2:$F$10001, MATCH(C71, Barang!$B$2:$B$10001, 0)) * F71, ""))} -> 105000 | K71: {=IF(L71="","", IFERROR(INDEX(Barang!$A$2:$A$10001, MATCH(L71, Barang!$B$2:$B$10001, 0)), "Tidak ditemukan"))} | M71: {=IF(L71="","", IFERROR(INDEX(Barang!$C$2:$C$10001, MATCH(L71, Barang!$B$2:$B$10001, 0)), ""))} | N71: {=IF(L71="","", IFERROR(INDEX(Barang!$E$2:$E$10001, MATCH(L71, Barang!$B$2:$B$10001, 0)), ""))} | P71: {=IF(L71="","", IFERROR(INDEX(Barang!$F$2:$F$10001, MATCH(L71, Barang!$B$2:$B$10001, 0)) * O71, ""))} | R71: =#REF!-#REF!+O71 -> #REF! | S71: - | T71: -
B72: {=IF(C72="","", IFERROR(INDEX(Barang!$A$2:$A$10001, MATCH(C72, Barang!$B$2:$B$10001, 0)), "Tidak ditemukan"))} -> SG10.001 | C72: Sari gandum 10 | D72: {=IF(C72="","", IFERROR(INDEX(Barang!$C$2:$C$10001, MATCH(C72, Barang!$B$2:$B$10001, 0)), ""))} -> Makanan | E72: {=IF(C72="","", IFERROR(INDEX(Barang!$E$2:$E$10001, MATCH(C72, Barang!$B$2:$B$10001, 0)), ""))} -> pcs | F72: 1 | G72: {=IF(C72="","", IFERROR(INDEX(Barang!$F$2:$F$10001, MATCH(C72, Barang!$B$2:$B$10001, 0)) * F72, ""))} -> 10000 | K72: {=IF(L72="","", IFERROR(INDEX(Barang!$A$2:$A$10001, MATCH(L72, Barang!$B$2:$B$10001, 0)), "Tidak ditemukan"))} | M72: {=IF(L72="","", IFERROR(INDEX(Barang!$C$2:$C$10001, MATCH(L72, Barang!$B$2:$B$10001, 0)), ""))} | N72: {=IF(L72="","", IFERROR(INDEX(Barang!$E$2:$E$10001, MATCH(L72, Barang!$B$2:$B$10001, 0)), ""))} | P72: {=IF(L72="","", IFERROR(INDEX(Barang!$F$2:$F$10001, MATCH(L72, Barang!$B$2:$B$10001, 0)) * O72, ""))} | R72: =#REF!-#REF!+O72 -> #REF! | S72: - | T72: -
A73: 46028 | B73: {=IF(C73="","", IFERROR(INDEX(Barang!$A$2:$A$10001, MATCH(C73, Barang!$B$2:$B$10001, 0)), "Tidak ditemukan"))} -> TLR1 | C73: Telur 1kg | D73: {=IF(C73="","", IFERROR(INDEX(Barang!$C$2:$C$10001, MATCH(C73, Barang!$B$2:$B$10001, 0)), ""))} -> Sembako | E73: {=IF(C73="","", IFERROR(INDEX(Barang!$E$2:$E$10001, MATCH(C73, Barang!$B$2:$B$10001, 0)), ""))} -> kg | F73: 10 | G73: {=IF(C73="","", IFERROR(INDEX(Barang!$F$2:$F$10001, MATCH(C73, Barang!$B$2:$B$10001, 0)) * F73, ""))} -> 310000 | K73: {=IF(L73="","", IFERROR(INDEX(Barang!$A$2:$A$10001, MATCH(L73, Barang!$B$2:$B$10001, 0)), "Tidak ditemukan"))} | M73: {=IF(L73="","", IFERROR(INDEX(Barang!$C$2:$C$10001, MATCH(L73, Barang!$B$2:$B$10001, 0)), ""))} | N73: {=IF(L73="","", IFERROR(INDEX(Barang!$E$2:$E$10001, MATCH(L73, Barang!$B$2:$B$10001, 0)), ""))} | P73: {=IF(L73="","", IFERROR(INDEX(Barang!$F$2:$F$10001, MATCH(L73, Barang!$B$2:$B$10001, 0)) * O73, ""))} | R73: =#REF!-#REF!+O73 -> #REF! | S73: - | T73: -
B74: {=IF(C74="","", IFERROR(INDEX(Barang!$A$2:$A$10001, MATCH(C74, Barang!$B$2:$B$10001, 0)), "Tidak ditemukan"))} -> CL1001 | C74: Chocolatos 1000 | D74: {=IF(C74="","", IFERROR(INDEX(Barang!$C$2:$C$10001, MATCH(C74, Barang!$B$2:$B$10001, 0)), ""))} -> Makanan | E74: {=IF(C74="","", IFERROR(INDEX(Barang!$E$2:$E$10001, MATCH(C74, Barang!$B$2:$B$10001, 0)), ""))} -> pcs | F74: 2 | G74: {=IF(C74="","", IFERROR(INDEX(Barang!$F$2:$F$10001, MATCH(C74, Barang!$B$2:$B$10001, 0)) * F74, ""))} -> 2000 | K74: {=IF(L74="","", IFERROR(INDEX(Barang!$A$2:$A$10001, MATCH(L74, Barang!$B$2:$B$10001, 0)), "Tidak ditemukan"))} | M74: {=IF(L74="","", IFERROR(INDEX(Barang!$C$2:$C$10001, MATCH(L74, Barang!$B$2:$B$10001, 0)), ""))} | N74: {=IF(L74="","", IFERROR(INDEX(Barang!$E$2:$E$10001, MATCH(L74, Barang!$B$2:$B$10001, 0)), ""))} | P74: {=IF(L74="","", IFERROR(INDEX(Barang!$F$2:$F$10001, MATCH(L74, Barang!$B$2:$B$10001, 0)) * O74, ""))} | R74: =#REF!-#REF!+O74 -> #REF! | S74: - | T74: -
B75: {=IF(C75="","", IFERROR(INDEX(Barang!$A$2:$A$10001, MATCH(C75, Barang!$B$2:$B$10001, 0)), "Tidak ditemukan"))} -> TGJ001 | C75: Tepung jempol | D75: {=IF(C75="","", IFERROR(INDEX(Barang!$C$2:$C$10001, MATCH(C75, Barang!$B$2:$B$10001, 0)), ""))} -> Bumbu | E75: {=IF(C75="","", IFERROR(INDEX(Barang!$E$2:$E$10001, MATCH(C75, Barang!$B$2:$B$10001, 0)), ""))} -> pcs | F75: 1 | G75: {=IF(C75="","", IFERROR(INDEX(Barang!$F$2:$F$10001, MATCH(C75, Barang!$B$2:$B$10001, 0)) * F75, ""))} -> 3000 | K75: {=IF(L75="","", IFERROR(INDEX(Barang!$A$2:$A$10001, MATCH(L75, Barang!$B$2:$B$10001, 0)), "Tidak ditemukan"))} | M75: {=IF(L75="","", IFERROR(INDEX(Barang!$C$2:$C$10001, MATCH(L75, Barang!$B$2:$B$10001, 0)), ""))} | N75: {=IF(L75="","", IFERROR(INDEX(Barang!$E$2:$E$10001, MATCH(L75, Barang!$B$2:$B$10001, 0)), ""))} | P75: {=IF(L75="","", IFERROR(INDEX(Barang!$F$2:$F$10001, MATCH(L75, Barang!$B$2:$B$10001, 0)) * O75, ""))} | R75: =#REF!-#REF!+O75 -> #REF! | S75: - | T75: -
B76: {=IF(C76="","", IFERROR(INDEX(Barang!$A$2:$A$10001, MATCH(C76, Barang!$B$2:$B$10001, 0)), "Tidak ditemukan"))} -> KCP001 | C76: Kecap | D76: {=IF(C76="","", IFERROR(INDEX(Barang!$C$2:$C$10001, MATCH(C76, Barang!$B$2:$B$10001, 0)), ""))} -> Bumbu | E76: {=IF(C76="","", IFERROR(INDEX(Barang!$E$2:$E$10001, MATCH(C76, Barang!$B$2:$B$10001, 0)), ""))} -> pcs | F76: 10 | G76: {=IF(C76="","", IFERROR(INDEX(Barang!$F$2:$F$10001, MATCH(C76, Barang!$B$2:$B$10001, 0)) * F76, ""))} -> 20000 | K76: {=IF(L76="","", IFERROR(INDEX(Barang!$A$2:$A$10001, MATCH(L76, Barang!$B$2:$B$10001, 0)), "Tidak ditemukan"))} | M76: {=IF(L76="","", IFERROR(INDEX(Barang!$C$2:$C$10001, MATCH(L76, Barang!$B$2:$B$10001, 0)), ""))} | N76: {=IF(L76="","", IFERROR(INDEX(Barang!$E$2:$E$10001, MATCH(L76, Barang!$B$2:$B$10001, 0)), ""))} | P76: {=IF(L76="","", IFERROR(INDEX(Barang!$F$2:$F$10001, MATCH(L76, Barang!$B$2:$B$10001, 0)) * O76, ""))} | R76: =#REF!-#REF!+O76 -> #REF! | S76: - | T76: -
B77: {=IF(C77="","", IFERROR(INDEX(Barang!$A$2:$A$10001, MATCH(C77, Barang!$B$2:$B$10001, 0)), "Tidak ditemukan"))} -> BB001 | C77: Bambo | D77: {=IF(C77="","", IFERROR(INDEX(Barang!$C$2:$C$10001, MATCH(C77, Barang!$B$2:$B$10001, 0)), ""))} -> Bumbu | E77: {=IF(C77="","", IFERROR(INDEX(Barang!$E$2:$E$10001, MATCH(C77, Barang!$B$2:$B$10001, 0)), ""))} -> pcs | F77: 1 | G77: {=IF(C77="","", IFERROR(INDEX(Barang!$F$2:$F$10001, MATCH(C77, Barang!$B$2:$B$10001, 0)) * F77, ""))} -> 3000 | K77: {=IF(L77="","", IFERROR(INDEX(Barang!$A$2:$A$10001, MATCH(L77, Barang!$B$2:$B$10001, 0)), "Tidak ditemukan"))} | M77: {=IF(L77="","", IFERROR(INDEX(Barang!$C$2:$C$10001, MATCH(L77, Barang!$B$2:$B$10001, 0)), ""))} | N77: {=IF(L77="","", IFERROR(INDEX(Barang!$E$2:$E$10001, MATCH(L77, Barang!$B$2:$B$10001, 0)), ""))} | P77: {=IF(L77="","", IFERROR(INDEX(Barang!$F$2:$F$10001, MATCH(L77, Barang!$B$2:$B$10001, 0)) * O77, ""))} | R77: =#REF!-#REF!+O77 -> #REF! | S77: - | T77: -
B78: {=IF(C78="","", IFERROR(INDEX(Barang!$A$2:$A$10001, MATCH(C78, Barang!$B$2:$B$10001, 0)), "Tidak ditemukan"))} -> TGJ02 | C78: Tepung Kanji 1/4 | D78: {=IF(C78="","", IFERROR(INDEX(Barang!$C$2:$C$10001, MATCH(C78, Barang!$B$2:$B$10001, 0)), ""))} -> Bumbu | E78: {=IF(C78="","", IFERROR(INDEX(Barang!$E$2:$E$10001, MATCH(C78, Barang!$B$2:$B$10001, 0)), ""))} -> kg | F78: 2 | G78: {=IF(C78="","", IFERROR(INDEX(Barang!$F$2:$F$10001, MATCH(C78, Barang!$B$2:$B$10001, 0)) * F78, ""))} -> 7000 | K78: {=IF(L78="","", IFERROR(INDEX(Barang!$A$2:$A$10001, MATCH(L78, Barang!$B$2:$B$10001, 0)), "Tidak ditemukan"))} | M78: {=IF(L78="","", IFERROR(INDEX(Barang!$C$2:$C$10001, MATCH(L78, Barang!$B$2:$B$10001, 0)), ""))} | N78: {=IF(L78="","", IFERROR(INDEX(Barang!$E$2:$E$10001, MATCH(L78, Barang!$B$2:$B$10001, 0)), ""))} | P78: {=IF(L78="","", IFERROR(INDEX(Barang!$F$2:$F$10001, MATCH(L78, Barang!$B$2:$B$10001, 0)) * O78, ""))} | R78: =#REF!-#REF!+O78 -> #REF! | S78: - | T78: -
B79: {=IF(C79="","", IFERROR(INDEX(Barang!$A$2:$A$10001, MATCH(C79, Barang!$B$2:$B$10001, 0)), "Tidak ditemukan"))} -> MSK001 | C79: Masako | D79: {=IF(C79="","", IFERROR(INDEX(Barang!$C$2:$C$10001, MATCH(C79, Barang!$B$2:$B$10001, 0)), ""))} -> Bumbu | E79: {=IF(C79="","", IFERROR(INDEX(Barang!$E$2:$E$10001, MATCH(C79, Barang!$B$2:$B$10001, 0)), ""))} -> pcs | F79: 30 | G79: {=IF(C79="","", IFERROR(INDEX(Barang!$F$2:$F$10001, MATCH(C79, Barang!$B$2:$B$10001, 0)) * F79, ""))} -> 15000 | K79: {=IF(L79="","", IFERROR(INDEX(Barang!$A$2:$A$10001, MATCH(L79, Barang!$B$2:$B$10001, 0)), "Tidak ditemukan"))} | M79: {=IF(L79="","", IFERROR(INDEX(Barang!$C$2:$C$10001, MATCH(L79, Barang!$B$2:$B$10001, 0)), ""))} | N79: {=IF(L79="","", IFERROR(INDEX(Barang!$E$2:$E$10001, MATCH(L79, Barang!$B$2:$B$10001, 0)), ""))} | P79: {=IF(L79="","", IFERROR(INDEX(Barang!$F$2:$F$10001, MATCH(L79, Barang!$B$2:$B$10001, 0)) * O79, ""))} | R79: =#REF!-#REF!+O79 -> #REF! | S79: - | T79: -
B80: {=IF(C80="","", IFERROR(INDEX(Barang!$A$2:$A$10001, MATCH(C80, Barang!$B$2:$B$10001, 0)), "Tidak ditemukan"))} -> CLP001 | C80: Chocolatos pillow | D80: {=IF(C80="","", IFERROR(INDEX(Barang!$C$2:$C$10001, MATCH(C80, Barang!$B$2:$B$10001, 0)), ""))} -> Makanan | E80: {=IF(C80="","", IFERROR(INDEX(Barang!$E$2:$E$10001, MATCH(C80, Barang!$B$2:$B$10001, 0)), ""))} -> pcs | F80: 3 | G80: {=IF(C80="","", IFERROR(INDEX(Barang!$F$2:$F$10001, MATCH(C80, Barang!$B$2:$B$10001, 0)) * F80, ""))} -> 6000 | K80: {=IF(L80="","", IFERROR(INDEX(Barang!$A$2:$A$10001, MATCH(L80, Barang!$B$2:$B$10001, 0)), "Tidak ditemukan"))} | M80: {=IF(L80="","", IFERROR(INDEX(Barang!$C$2:$C$10001, MATCH(L80, Barang!$B$2:$B$10001, 0)), ""))} | N80: {=IF(L80="","", IFERROR(INDEX(Barang!$E$2:$E$10001, MATCH(L80, Barang!$B$2:$B$10001, 0)), ""))} | P80: {=IF(L80="","", IFERROR(INDEX(Barang!$F$2:$F$10001, MATCH(L80, Barang!$B$2:$B$10001, 0)) * O80, ""))} | R80: =#REF!-#REF!+O80 -> #REF! | S80: - | T80: -
B81: {=IF(C81="","", IFERROR(INDEX(Barang!$A$2:$A$10001, MATCH(C81, Barang!$B$2:$B$10001, 0)), "Tidak ditemukan"))} -> RTG001 | C81: Roti gery | D81: {=IF(C81="","", IFERROR(INDEX(Barang!$C$2:$C$10001, MATCH(C81, Barang!$B$2:$B$10001, 0)), ""))} -> Makanan | E81: {=IF(C81="","", IFERROR(INDEX(Barang!$E$2:$E$10001, MATCH(C81, Barang!$B$2:$B$10001, 0)), ""))} -> pcs | F81: 1 | G81: {=IF(C81="","", IFERROR(INDEX(Barang!$F$2:$F$10001, MATCH(C81, Barang!$B$2:$B$10001, 0)) * F81, ""))} -> 2500 | K81: {=IF(L81="","", IFERROR(INDEX(Barang!$A$2:$A$10001, MATCH(L81, Barang!$B$2:$B$10001, 0)), "Tidak ditemukan"))} | M81: {=IF(L81="","", IFERROR(INDEX(Barang!$C$2:$C$10001, MATCH(L81, Barang!$B$2:$B$10001, 0)), ""))} | N81: {=IF(L81="","", IFERROR(INDEX(Barang!$E$2:$E$10001, MATCH(L81, Barang!$B$2:$B$10001, 0)), ""))} | P81: {=IF(L81="","", IFERROR(INDEX(Barang!$F$2:$F$10001, MATCH(L81, Barang!$B$2:$B$10001, 0)) * O81, ""))} | R81: =#REF!-#REF!+O81 -> #REF! | S81: - | T81: -
B82: {=IF(C82="","", IFERROR(INDEX(Barang!$A$2:$A$10001, MATCH(C82, Barang!$B$2:$B$10001, 0)), "Tidak ditemukan"))} -> GDY001 | C82: Good Day | D82: {=IF(C82="","", IFERROR(INDEX(Barang!$C$2:$C$10001, MATCH(C82, Barang!$B$2:$B$10001, 0)), ""))} -> Minuman | E82: {=IF(C82="","", IFERROR(INDEX(Barang!$E$2:$E$10001, MATCH(C82, Barang!$B$2:$B$10001, 0)), ""))} -> pcs | F82: 1 | G82: {=IF(C82="","", IFERROR(INDEX(Barang!$F$2:$F$10001, MATCH(C82, Barang!$B$2:$B$10001, 0)) * F82, ""))} -> 2500 | K82: {=IF(L82="","", IFERROR(INDEX(Barang!$A$2:$A$10001, MATCH(L82, Barang!$B$2:$B$10001, 0)), "Tidak ditemukan"))} | M82: {=IF(L82="","", IFERROR(INDEX(Barang!$C$2:$C$10001, MATCH(L82, Barang!$B$2:$B$10001, 0)), ""))} | N82: {=IF(L82="","", IFERROR(INDEX(Barang!$E$2:$E$10001, MATCH(L82, Barang!$B$2:$B$10001, 0)), ""))} | P82: {=IF(L82="","", IFERROR(INDEX(Barang!$F$2:$F$10001, MATCH(L82, Barang!$B$2:$B$10001, 0)) * O82, ""))} | R82: =#REF!-#REF!+O82 -> #REF! | S82: - | T82: -
B83: {=IF(C83="","", IFERROR(INDEX(Barang!$A$2:$A$10001, MATCH(C83, Barang!$B$2:$B$10001, 0)), "Tidak ditemukan"))} -> TRS001 | C83: Terasi | D83: {=IF(C83="","", IFERROR(INDEX(Barang!$C$2:$C$10001, MATCH(C83, Barang!$B$2:$B$10001, 0)), ""))} -> Bumbu | E83: {=IF(C83="","", IFERROR(INDEX(Barang!$E$2:$E$10001, MATCH(C83, Barang!$B$2:$B$10001, 0)), ""))} -> pcs | F83: 4 | G83: {=IF(C83="","", IFERROR(INDEX(Barang!$F$2:$F$10001, MATCH(C83, Barang!$B$2:$B$10001, 0)) * F83, ""))} -> 2000 | K83: {=IF(L83="","", IFERROR(INDEX(Barang!$A$2:$A$10001, MATCH(L83, Barang!$B$2:$B$10001, 0)), "Tidak ditemukan"))} | M83: {=IF(L83="","", IFERROR(INDEX(Barang!$C$2:$C$10001, MATCH(L83, Barang!$B$2:$B$10001, 0)), ""))} | N83: {=IF(L83="","", IFERROR(INDEX(Barang!$E$2:$E$10001, MATCH(L83, Barang!$B$2:$B$10001, 0)), ""))} | P83: {=IF(L83="","", IFERROR(INDEX(Barang!$F$2:$F$10001, MATCH(L83, Barang!$B$2:$B$10001, 0)) * O83, ""))} | R83: =#REF!-#REF!+O83 -> #REF! | S83: - | T83: -
B84: {=IF(C84="","", IFERROR(INDEX(Barang!$A$2:$A$10001, MATCH(C84, Barang!$B$2:$B$10001, 0)), "Tidak ditemukan"))} -> KGK001 | C84: Kingkong | D84: {=IF(C84="","", IFERROR(INDEX(Barang!$C$2:$C$10001, MATCH(C84, Barang!$B$2:$B$10001, 0)), ""))} -> obat nyamuk | E84: {=IF(C84="","", IFERROR(INDEX(Barang!$E$2:$E$10001, MATCH(C84, Barang!$B$2:$B$10001, 0)), ""))} -> pcs | F84: 1 | G84: {=IF(C84="","", IFERROR(INDEX(Barang!$F$2:$F$10001, MATCH(C84, Barang!$B$2:$B$10001, 0)) * F84, ""))} -> 5000 | K84: {=IF(L84="","", IFERROR(INDEX(Barang!$A$2:$A$10001, MATCH(L84, Barang!$B$2:$B$10001, 0)), "Tidak ditemukan"))} | M84: {=IF(L84="","", IFERROR(INDEX(Barang!$C$2:$C$10001, MATCH(L84, Barang!$B$2:$B$10001, 0)), ""))} | N84: {=IF(L84="","", IFERROR(INDEX(Barang!$E$2:$E$10001, MATCH(L84, Barang!$B$2:$B$10001, 0)), ""))} | P84: {=IF(L84="","", IFERROR(INDEX(Barang!$F$2:$F$10001, MATCH(L84, Barang!$B$2:$B$10001, 0)) * O84, ""))} | R84: =#REF!-#REF!+O84 -> #REF! | S84: - | T84: -
A85: 46029 | B85: {=IF(C85="","", IFERROR(INDEX(Barang!$A$2:$A$10001, MATCH(C85, Barang!$B$2:$B$10001, 0)), "Tidak ditemukan"))} -> IDM002 | C85: Indomilk | D85: {=IF(C85="","", IFERROR(INDEX(Barang!$C$2:$C$10001, MATCH(C85, Barang!$B$2:$B$10001, 0)), ""))} -> Minuman | E85: {=IF(C85="","", IFERROR(INDEX(Barang!$E$2:$E$10001, MATCH(C85, Barang!$B$2:$B$10001, 0)), ""))} -> pcs | F85: 6 | G85: {=IF(C85="","", IFERROR(INDEX(Barang!$F$2:$F$10001, MATCH(C85, Barang!$B$2:$B$10001, 0)) * F85, ""))} -> 9000 | K85: {=IF(L85="","", IFERROR(INDEX(Barang!$A$2:$A$10001, MATCH(L85, Barang!$B$2:$B$10001, 0)), "Tidak ditemukan"))} | M85: {=IF(L85="","", IFERROR(INDEX(Barang!$C$2:$C$10001, MATCH(L85, Barang!$B$2:$B$10001, 0)), ""))} | N85: {=IF(L85="","", IFERROR(INDEX(Barang!$E$2:$E$10001, MATCH(L85, Barang!$B$2:$B$10001, 0)), ""))} | P85: {=IF(L85="","", IFERROR(INDEX(Barang!$F$2:$F$10001, MATCH(L85, Barang!$B$2:$B$10001, 0)) * O85, ""))} | R85: =#REF!-#REF!+O85 -> #REF! | S85: - | T85: -
B86: {=IF(C86="","", IFERROR(INDEX(Barang!$A$2:$A$10001, MATCH(C86, Barang!$B$2:$B$10001, 0)), "Tidak ditemukan"))} -> TSJ001 | C86: Tepung sajiku | D86: {=IF(C86="","", IFERROR(INDEX(Barang!$C$2:$C$10001, MATCH(C86, Barang!$B$2:$B$10001, 0)), ""))} -> Bumbu | E86: {=IF(C86="","", IFERROR(INDEX(Barang!$E$2:$E$10001, MATCH(C86, Barang!$B$2:$B$10001, 0)), ""))} -> pcs | F86: 2 | G86: {=IF(C86="","", IFERROR(INDEX(Barang!$F$2:$F$10001, MATCH(C86, Barang!$B$2:$B$10001, 0)) * F86, ""))} -> 2000 | K86: {=IF(L86="","", IFERROR(INDEX(Barang!$A$2:$A$10001, MATCH(L86, Barang!$B$2:$B$10001, 0)), "Tidak ditemukan"))} | M86: {=IF(L86="","", IFERROR(INDEX(Barang!$C$2:$C$10001, MATCH(L86, Barang!$B$2:$B$10001, 0)), ""))} | N86: {=IF(L86="","", IFERROR(INDEX(Barang!$E$2:$E$10001, MATCH(L86, Barang!$B$2:$B$10001, 0)), ""))} | P86: {=IF(L86="","", IFERROR(INDEX(Barang!$F$2:$F$10001, MATCH(L86, Barang!$B$2:$B$10001, 0)) * O86, ""))} | R86: =#REF!-#REF!+O86 -> #REF! | S86: - | T86: -
B87: {=IF(C87="","", IFERROR(INDEX(Barang!$A$2:$A$10001, MATCH(C87, Barang!$B$2:$B$10001, 0)), "Tidak ditemukan"))} -> PT1/4 | C87: Plastik 1/4 | D87: {=IF(C87="","", IFERROR(INDEX(Barang!$C$2:$C$10001, MATCH(C87, Barang!$B$2:$B$10001, 0)), ""))} -> Plastik | E87: {=IF(C87="","", IFERROR(INDEX(Barang!$E$2:$E$10001, MATCH(C87, Barang!$B$2:$B$10001, 0)), ""))} -> kg | F87: 10 | G87: {=IF(C87="","", IFERROR(INDEX(Barang!$F$2:$F$10001, MATCH(C87, Barang!$B$2:$B$10001, 0)) * F87, ""))} -> 20000 | K87: {=IF(L87="","", IFERROR(INDEX(Barang!$A$2:$A$10001, MATCH(L87, Barang!$B$2:$B$10001, 0)), "Tidak ditemukan"))} | M87: {=IF(L87="","", IFERROR(INDEX(Barang!$C$2:$C$10001, MATCH(L87, Barang!$B$2:$B$10001, 0)), ""))} | N87: {=IF(L87="","", IFERROR(INDEX(Barang!$E$2:$E$10001, MATCH(L87, Barang!$B$2:$B$10001, 0)), ""))} | P87: {=IF(L87="","", IFERROR(INDEX(Barang!$F$2:$F$10001, MATCH(L87, Barang!$B$2:$B$10001, 0)) * O87, ""))} | R87: =#REF!-#REF!+O87 -> #REF! | S87: - | T87: -
B88: {=IF(C88="","", IFERROR(INDEX(Barang!$A$2:$A$10001, MATCH(C88, Barang!$B$2:$B$10001, 0)), "Tidak ditemukan"))} -> KCP001 | C88: Kecap | D88: {=IF(C88="","", IFERROR(INDEX(Barang!$C$2:$C$10001, MATCH(C88, Barang!$B$2:$B$10001, 0)), ""))} -> Bumbu | E88: {=IF(C88="","", IFERROR(INDEX(Barang!$E$2:$E$10001, MATCH(C88, Barang!$B$2:$B$10001, 0)), ""))} -> pcs | F88: 20 | G88: {=IF(C88="","", IFERROR(INDEX(Barang!$F$2:$F$10001, MATCH(C88, Barang!$B$2:$B$10001, 0)) * F88, ""))} -> 40000 | K88: {=IF(L88="","", IFERROR(INDEX(Barang!$A$2:$A$10001, MATCH(L88, Barang!$B$2:$B$10001, 0)), "Tidak ditemukan"))} | M88: {=IF(L88="","", IFERROR(INDEX(Barang!$C$2:$C$10001, MATCH(L88, Barang!$B$2:$B$10001, 0)), ""))} | N88: {=IF(L88="","", IFERROR(INDEX(Barang!$E$2:$E$10001, MATCH(L88, Barang!$B$2:$B$10001, 0)), ""))} | P88: {=IF(L88="","", IFERROR(INDEX(Barang!$F$2:$F$10001, MATCH(L88, Barang!$B$2:$B$10001, 0)) * O88, ""))} | R88: =#REF!-#REF!+O88 -> #REF! | S88: - | T88: -
B89: {=IF(C89="","", IFERROR(INDEX(Barang!$A$2:$A$10001, MATCH(C89, Barang!$B$2:$B$10001, 0)), "Tidak ditemukan"))} -> KPH001 | C89: Kopi hitam | D89: {=IF(C89="","", IFERROR(INDEX(Barang!$C$2:$C$10001, MATCH(C89, Barang!$B$2:$B$10001, 0)), ""))} -> Minuman | E89: {=IF(C89="","", IFERROR(INDEX(Barang!$E$2:$E$10001, MATCH(C89, Barang!$B$2:$B$10001, 0)), ""))} -> pcs | F89: 10 | G89: {=IF(C89="","", IFERROR(INDEX(Barang!$F$2:$F$10001, MATCH(C89, Barang!$B$2:$B$10001, 0)) * F89, ""))} -> 10000 | K89: {=IF(L89="","", IFERROR(INDEX(Barang!$A$2:$A$10001, MATCH(L89, Barang!$B$2:$B$10001, 0)), "Tidak ditemukan"))} | M89: {=IF(L89="","", IFERROR(INDEX(Barang!$C$2:$C$10001, MATCH(L89, Barang!$B$2:$B$10001, 0)), ""))} | N89: {=IF(L89="","", IFERROR(INDEX(Barang!$E$2:$E$10001, MATCH(L89, Barang!$B$2:$B$10001, 0)), ""))} | P89: {=IF(L89="","", IFERROR(INDEX(Barang!$F$2:$F$10001, MATCH(L89, Barang!$B$2:$B$10001, 0)) * O89, ""))} | R89: =#REF!-#REF!+O89 -> #REF! | S89: - | T89: -
B90: {=IF(C90="","", IFERROR(INDEX(Barang!$A$2:$A$10001, MATCH(C90, Barang!$B$2:$B$10001, 0)), "Tidak ditemukan"))} -> RTG001 | C90: Roti gery | D90: {=IF(C90="","", IFERROR(INDEX(Barang!$C$2:$C$10001, MATCH(C90, Barang!$B$2:$B$10001, 0)), ""))} -> Makanan | E90: {=IF(C90="","", IFERROR(INDEX(Barang!$E$2:$E$10001, MATCH(C90, Barang!$B$2:$B$10001, 0)), ""))} -> pcs | F90: 1 | G90: {=IF(C90="","", IFERROR(INDEX(Barang!$F$2:$F$10001, MATCH(C90, Barang!$B$2:$B$10001, 0)) * F90, ""))} -> 2500 | K90: {=IF(L90="","", IFERROR(INDEX(Barang!$A$2:$A$10001, MATCH(L90, Barang!$B$2:$B$10001, 0)), "Tidak ditemukan"))} | M90: {=IF(L90="","", IFERROR(INDEX(Barang!$C$2:$C$10001, MATCH(L90, Barang!$B$2:$B$10001, 0)), ""))} | N90: {=IF(L90="","", IFERROR(INDEX(Barang!$E$2:$E$10001, MATCH(L90, Barang!$B$2:$B$10001, 0)), ""))} | P90: {=IF(L90="","", IFERROR(INDEX(Barang!$F$2:$F$10001, MATCH(L90, Barang!$B$2:$B$10001, 0)) * O90, ""))} | R90: =#REF!-#REF!+O90 -> #REF! | S90: - | T90: -
A91: 46030 | B91: {=IF(C91="","", IFERROR(INDEX(Barang!$A$2:$A$10001, MATCH(C91, Barang!$B$2:$B$10001, 0)), "Tidak ditemukan"))} -> GSB002 | C91: Gery salut besar | D91: {=IF(C91="","", IFERROR(INDEX(Barang!$C$2:$C$10001, MATCH(C91, Barang!$B$2:$B$10001, 0)), ""))} -> Makanan | E91: {=IF(C91="","", IFERROR(INDEX(Barang!$E$2:$E$10001, MATCH(C91, Barang!$B$2:$B$10001, 0)), ""))} -> pcs | F91: 3 | G91: {=IF(C91="","", IFERROR(INDEX(Barang!$F$2:$F$10001, MATCH(C91, Barang!$B$2:$B$10001, 0)) * F91, ""))} -> 19500 | K91: {=IF(L91="","", IFERROR(INDEX(Barang!$A$2:$A$10001, MATCH(L91, Barang!$B$2:$B$10001, 0)), "Tidak ditemukan"))} | M91: {=IF(L91="","", IFERROR(INDEX(Barang!$C$2:$C$10001, MATCH(L91, Barang!$B$2:$B$10001, 0)), ""))} | N91: {=IF(L91="","", IFERROR(INDEX(Barang!$E$2:$E$10001, MATCH(L91, Barang!$B$2:$B$10001, 0)), ""))} | P91: {=IF(L91="","", IFERROR(INDEX(Barang!$F$2:$F$10001, MATCH(L91, Barang!$B$2:$B$10001, 0)) * O91, ""))} | R91: =#REF!-#REF!+O91 -> #REF! | S91: - | T91: -
B92: {=IF(C92="","", IFERROR(INDEX(Barang!$A$2:$A$10001, MATCH(C92, Barang!$B$2:$B$10001, 0)), "Tidak ditemukan"))} -> BPT1 | C92: B. putih 1/4 | D92: {=IF(C92="","", IFERROR(INDEX(Barang!$C$2:$C$10001, MATCH(C92, Barang!$B$2:$B$10001, 0)), ""))} -> Rempah | E92: {=IF(C92="","", IFERROR(INDEX(Barang!$E$2:$E$10001, MATCH(C92, Barang!$B$2:$B$10001, 0)), ""))} -> kg | F92: 10 | G92: {=IF(C92="","", IFERROR(INDEX(Barang!$F$2:$F$10001, MATCH(C92, Barang!$B$2:$B$10001, 0)) * F92, ""))} -> 85000 | K92: {=IF(L92="","", IFERROR(INDEX(Barang!$A$2:$A$10001, MATCH(L92, Barang!$B$2:$B$10001, 0)), "Tidak ditemukan"))} | M92: {=IF(L92="","", IFERROR(INDEX(Barang!$C$2:$C$10001, MATCH(L92, Barang!$B$2:$B$10001, 0)), ""))} | N92: {=IF(L92="","", IFERROR(INDEX(Barang!$E$2:$E$10001, MATCH(L92, Barang!$B$2:$B$10001, 0)), ""))} | P92: {=IF(L92="","", IFERROR(INDEX(Barang!$F$2:$F$10001, MATCH(L92, Barang!$B$2:$B$10001, 0)) * O92, ""))} | R92: =#REF!-#REF!+O92 -> #REF! | S92: - | T92: -
B93: {=IF(C93="","", IFERROR(INDEX(Barang!$A$2:$A$10001, MATCH(C93, Barang!$B$2:$B$10001, 0)), "Tidak ditemukan"))} -> RYC001 | C93: Royco | D93: {=IF(C93="","", IFERROR(INDEX(Barang!$C$2:$C$10001, MATCH(C93, Barang!$B$2:$B$10001, 0)), ""))} -> Bumbu | E93: {=IF(C93="","", IFERROR(INDEX(Barang!$E$2:$E$10001, MATCH(C93, Barang!$B$2:$B$10001, 0)), ""))} -> pcs | F93: 30 | G93: {=IF(C93="","", IFERROR(INDEX(Barang!$F$2:$F$10001, MATCH(C93, Barang!$B$2:$B$10001, 0)) * F93, ""))} -> 15000 | K93: {=IF(L93="","", IFERROR(INDEX(Barang!$A$2:$A$10001, MATCH(L93, Barang!$B$2:$B$10001, 0)), "Tidak ditemukan"))} | M93: {=IF(L93="","", IFERROR(INDEX(Barang!$C$2:$C$10001, MATCH(L93, Barang!$B$2:$B$10001, 0)), ""))} | N93: {=IF(L93="","", IFERROR(INDEX(Barang!$E$2:$E$10001, MATCH(L93, Barang!$B$2:$B$10001, 0)), ""))} | P93: {=IF(L93="","", IFERROR(INDEX(Barang!$F$2:$F$10001, MATCH(L93, Barang!$B$2:$B$10001, 0)) * O93, ""))} | R93: =#REF!-#REF!+O93 -> #REF! | S93: - | T93: -
B94: {=IF(C94="","", IFERROR(INDEX(Barang!$A$2:$A$10001, MATCH(C94, Barang!$B$2:$B$10001, 0)), "Tidak ditemukan"))} -> GRM01 | C94: Garam | D94: {=IF(C94="","", IFERROR(INDEX(Barang!$C$2:$C$10001, MATCH(C94, Barang!$B$2:$B$10001, 0)), ""))} -> Bumbu | E94: {=IF(C94="","", IFERROR(INDEX(Barang!$E$2:$E$10001, MATCH(C94, Barang!$B$2:$B$10001, 0)), ""))} -> pcs | F94: 1 | G94: {=IF(C94="","", IFERROR(INDEX(Barang!$F$2:$F$10001, MATCH(C94, Barang!$B$2:$B$10001, 0)) * F94, ""))} -> 2500 | K94: {=IF(L94="","", IFERROR(INDEX(Barang!$A$2:$A$10001, MATCH(L94, Barang!$B$2:$B$10001, 0)), "Tidak ditemukan"))} | M94: {=IF(L94="","", IFERROR(INDEX(Barang!$C$2:$C$10001, MATCH(L94, Barang!$B$2:$B$10001, 0)), ""))} | N94: {=IF(L94="","", IFERROR(INDEX(Barang!$E$2:$E$10001, MATCH(L94, Barang!$B$2:$B$10001, 0)), ""))} | P94: {=IF(L94="","", IFERROR(INDEX(Barang!$F$2:$F$10001, MATCH(L94, Barang!$B$2:$B$10001, 0)) * O94, ""))} | R94: =#REF!-#REF!+O94 -> #REF! | S94: - | T94: -
B95: {=IF(C95="","", IFERROR(INDEX(Barang!$A$2:$A$10001, MATCH(C95, Barang!$B$2:$B$10001, 0)), "Tidak ditemukan"))} -> MGR001 | C95: Mie goreng | D95: {=IF(C95="","", IFERROR(INDEX(Barang!$C$2:$C$10001, MATCH(C95, Barang!$B$2:$B$10001, 0)), ""))} -> Makanan | E95: {=IF(C95="","", IFERROR(INDEX(Barang!$E$2:$E$10001, MATCH(C95, Barang!$B$2:$B$10001, 0)), ""))} -> pcs | F95: 10 | G95: {=IF(C95="","", IFERROR(INDEX(Barang!$F$2:$F$10001, MATCH(C95, Barang!$B$2:$B$10001, 0)) * F95, ""))} -> 35000 | K95: {=IF(L95="","", IFERROR(INDEX(Barang!$A$2:$A$10001, MATCH(L95, Barang!$B$2:$B$10001, 0)), "Tidak ditemukan"))} | M95: {=IF(L95="","", IFERROR(INDEX(Barang!$C$2:$C$10001, MATCH(L95, Barang!$B$2:$B$10001, 0)), ""))} | N95: {=IF(L95="","", IFERROR(INDEX(Barang!$E$2:$E$10001, MATCH(L95, Barang!$B$2:$B$10001, 0)), ""))} | P95: {=IF(L95="","", IFERROR(INDEX(Barang!$F$2:$F$10001, MATCH(L95, Barang!$B$2:$B$10001, 0)) * O95, ""))} | R95: =#REF!-#REF!+O95 -> #REF! | S95: - | T95: -
B96: {=IF(C96="","", IFERROR(INDEX(Barang!$A$2:$A$10001, MATCH(C96, Barang!$B$2:$B$10001, 0)), "Tidak ditemukan"))} -> BB001 | C96: Bambo | D96: {=IF(C96="","", IFERROR(INDEX(Barang!$C$2:$C$10001, MATCH(C96, Barang!$B$2:$B$10001, 0)), ""))} -> Bumbu | E96: {=IF(C96="","", IFERROR(INDEX(Barang!$E$2:$E$10001, MATCH(C96, Barang!$B$2:$B$10001, 0)), ""))} -> pcs | F96: 2 | G96: {=IF(C96="","", IFERROR(INDEX(Barang!$F$2:$F$10001, MATCH(C96, Barang!$B$2:$B$10001, 0)) * F96, ""))} -> 6000 | K96: {=IF(L96="","", IFERROR(INDEX(Barang!$A$2:$A$10001, MATCH(L96, Barang!$B$2:$B$10001, 0)), "Tidak ditemukan"))} | M96: {=IF(L96="","", IFERROR(INDEX(Barang!$C$2:$C$10001, MATCH(L96, Barang!$B$2:$B$10001, 0)), ""))} | N96: {=IF(L96="","", IFERROR(INDEX(Barang!$E$2:$E$10001, MATCH(L96, Barang!$B$2:$B$10001, 0)), ""))} | P96: {=IF(L96="","", IFERROR(INDEX(Barang!$F$2:$F$10001, MATCH(L96, Barang!$B$2:$B$10001, 0)) * O96, ""))} | R96: =#REF!-#REF!+O96 -> #REF! | S96: - | T96: -
B97: {=IF(C97="","", IFERROR(INDEX(Barang!$A$2:$A$10001, MATCH(C97, Barang!$B$2:$B$10001, 0)), "Tidak ditemukan"))} -> SDK001 | C97: Sedaap kaldu | D97: {=IF(C97="","", IFERROR(INDEX(Barang!$C$2:$C$10001, MATCH(C97, Barang!$B$2:$B$10001, 0)), ""))} -> Bumbu | E97: {=IF(C97="","", IFERROR(INDEX(Barang!$E$2:$E$10001, MATCH(C97, Barang!$B$2:$B$10001, 0)), ""))} -> pcs | F97: 2 | G97: {=IF(C97="","", IFERROR(INDEX(Barang!$F$2:$F$10001, MATCH(C97, Barang!$B$2:$B$10001, 0)) * F97, ""))} -> 1000 | K97: {=IF(L97="","", IFERROR(INDEX(Barang!$A$2:$A$10001, MATCH(L97, Barang!$B$2:$B$10001, 0)), "Tidak ditemukan"))} | M97: {=IF(L97="","", IFERROR(INDEX(Barang!$C$2:$C$10001, MATCH(L97, Barang!$B$2:$B$10001, 0)), ""))} | N97: {=IF(L97="","", IFERROR(INDEX(Barang!$E$2:$E$10001, MATCH(L97, Barang!$B$2:$B$10001, 0)), ""))} | P97: {=IF(L97="","", IFERROR(INDEX(Barang!$F$2:$F$10001, MATCH(L97, Barang!$B$2:$B$10001, 0)) * O97, ""))} | R97: =#REF!-#REF!+O97 -> #REF! | S97: - | T97: -
B98: {=IF(C98="","", IFERROR(INDEX(Barang!$A$2:$A$10001, MATCH(C98, Barang!$B$2:$B$10001, 0)), "Tidak ditemukan"))} -> TLR2 | C98: Telur 1/2 | D98: {=IF(C98="","", IFERROR(INDEX(Barang!$C$2:$C$10001, MATCH(C98, Barang!$B$2:$B$10001, 0)), ""))} -> Sembako | E98: {=IF(C98="","", IFERROR(INDEX(Barang!$E$2:$E$10001, MATCH(C98, Barang!$B$2:$B$10001, 0)), ""))} -> kg | F98: 10 | G98: {=IF(C98="","", IFERROR(INDEX(Barang!$F$2:$F$10001, MATCH(C98, Barang!$B$2:$B$10001, 0)) * F98, ""))} -> 155000 | K98: {=IF(L98="","", IFERROR(INDEX(Barang!$A$2:$A$10001, MATCH(L98, Barang!$B$2:$B$10001, 0)), "Tidak ditemukan"))} | M98: {=IF(L98="","", IFERROR(INDEX(Barang!$C$2:$C$10001, MATCH(L98, Barang!$B$2:$B$10001, 0)), ""))} | N98: {=IF(L98="","", IFERROR(INDEX(Barang!$E$2:$E$10001, MATCH(L98, Barang!$B$2:$B$10001, 0)), ""))} | P98: {=IF(L98="","", IFERROR(INDEX(Barang!$F$2:$F$10001, MATCH(L98, Barang!$B$2:$B$10001, 0)) * O98, ""))} | R98: =#REF!-#REF!+O98 -> #REF! | S98: - | T98: -
B99: {=IF(C99="","", IFERROR(INDEX(Barang!$A$2:$A$10001, MATCH(C99, Barang!$B$2:$B$10001, 0)), "Tidak ditemukan"))} -> GPT001 | C99: Gery potato | D99: {=IF(C99="","", IFERROR(INDEX(Barang!$C$2:$C$10001, MATCH(C99, Barang!$B$2:$B$10001, 0)), ""))} -> Makanan | E99: {=IF(C99="","", IFERROR(INDEX(Barang!$E$2:$E$10001, MATCH(C99, Barang!$B$2:$B$10001, 0)), ""))} -> pcs | F99: 5 | G99: {=IF(C99="","", IFERROR(INDEX(Barang!$F$2:$F$10001, MATCH(C99, Barang!$B$2:$B$10001, 0)) * F99, ""))} -> 5000 | K99: {=IF(L99="","", IFERROR(INDEX(Barang!$A$2:$A$10001, MATCH(L99, Barang!$B$2:$B$10001, 0)), "Tidak ditemukan"))} | M99: {=IF(L99="","", IFERROR(INDEX(Barang!$C$2:$C$10001, MATCH(L99, Barang!$B$2:$B$10001, 0)), ""))} | N99: {=IF(L99="","", IFERROR(INDEX(Barang!$E$2:$E$10001, MATCH(L99, Barang!$B$2:$B$10001, 0)), ""))} | P99: {=IF(L99="","", IFERROR(INDEX(Barang!$F$2:$F$10001, MATCH(L99, Barang!$B$2:$B$10001, 0)) * O99, ""))} | R99: =#REF!-#REF!+O99 -> #REF! | S99: - | T99: -
A100: 46031 | B100: {=IF(C100="","", IFERROR(INDEX(Barang!$A$2:$A$10001, MATCH(C100, Barang!$B$2:$B$10001, 0)), "Tidak ditemukan"))} -> IDM002 | C100: Indomilk | D100: {=IF(C100="","", IFERROR(INDEX(Barang!$C$2:$C$10001, MATCH(C100, Barang!$B$2:$B$10001, 0)), ""))} -> Minuman | E100: {=IF(C100="","", IFERROR(INDEX(Barang!$E$2:$E$10001, MATCH(C100, Barang!$B$2:$B$10001, 0)), ""))} -> pcs | F100: 2 | G100: {=IF(C100="","", IFERROR(INDEX(Barang!$F$2:$F$10001, MATCH(C100, Barang!$B$2:$B$10001, 0)) * F100, ""))} -> 3000 | K100: {=IF(L100="","", IFERROR(INDEX(Barang!$A$2:$A$10001, MATCH(L100, Barang!$B$2:$B$10001, 0)), "Tidak ditemukan"))} | M100: {=IF(L100="","", IFERROR(INDEX(Barang!$C$2:$C$10001, MATCH(L100, Barang!$B$2:$B$10001, 0)), ""))} | N100: {=IF(L100="","", IFERROR(INDEX(Barang!$E$2:$E$10001, MATCH(L100, Barang!$B$2:$B$10001, 0)), ""))} | P100: {=IF(L100="","", IFERROR(INDEX(Barang!$F$2:$F$10001, MATCH(L100, Barang!$B$2:$B$10001, 0)) * O100, ""))} | R100: =#REF!-#REF!+O100 -> #REF! | S100: - | T100: -
B101: {=IF(C101="","", IFERROR(INDEX(Barang!$A$2:$A$10001, MATCH(C101, Barang!$B$2:$B$10001, 0)), "Tidak ditemukan"))} -> KTB001 | C101: Ketumbar | D101: {=IF(C101="","", IFERROR(INDEX(Barang!$C$2:$C$10001, MATCH(C101, Barang!$B$2:$B$10001, 0)), ""))} -> Rempah | E101: {=IF(C101="","", IFERROR(INDEX(Barang!$E$2:$E$10001, MATCH(C101, Barang!$B$2:$B$10001, 0)), ""))} -> pcs | F101: 2 | G101: {=IF(C101="","", IFERROR(INDEX(Barang!$F$2:$F$10001, MATCH(C101, Barang!$B$2:$B$10001, 0)) * F101, ""))} -> 2000 | K101: {=IF(L101="","", IFERROR(INDEX(Barang!$A$2:$A$10001, MATCH(L101, Barang!$B$2:$B$10001, 0)), "Tidak ditemukan"))} | M101: {=IF(L101="","", IFERROR(INDEX(Barang!$C$2:$C$10001, MATCH(L101, Barang!$B$2:$B$10001, 0)), ""))} | N101: {=IF(L101="","", IFERROR(INDEX(Barang!$E$2:$E$10001, MATCH(L101, Barang!$B$2:$B$10001, 0)), ""))} | P101: {=IF(L101="","", IFERROR(INDEX(Barang!$F$2:$F$10001, MATCH(L101, Barang!$B$2:$B$10001, 0)) * O101, ""))} | R101: =#REF!-#REF!+O101 -> #REF! | S101: - | T101: -
B102: {=IF(C102="","", IFERROR(INDEX(Barang!$A$2:$A$10001, MATCH(C102, Barang!$B$2:$B$10001, 0)), "Tidak ditemukan"))} -> RY001 | C102: Roma kopyor | D102: {=IF(C102="","", IFERROR(INDEX(Barang!$C$2:$C$10001, MATCH(C102, Barang!$B$2:$B$10001, 0)), ""))} -> Makanan | E102: {=IF(C102="","", IFERROR(INDEX(Barang!$E$2:$E$10001, MATCH(C102, Barang!$B$2:$B$10001, 0)), ""))} -> pcs | F102: 1 | G102: {=IF(C102="","", IFERROR(INDEX(Barang!$F$2:$F$10001, MATCH(C102, Barang!$B$2:$B$10001, 0)) * F102, ""))} -> 8500 | K102: {=IF(L102="","", IFERROR(INDEX(Barang!$A$2:$A$10001, MATCH(L102, Barang!$B$2:$B$10001, 0)), "Tidak ditemukan"))} | M102: {=IF(L102="","", IFERROR(INDEX(Barang!$C$2:$C$10001, MATCH(L102, Barang!$B$2:$B$10001, 0)), ""))} | N102: {=IF(L102="","", IFERROR(INDEX(Barang!$E$2:$E$10001, MATCH(L102, Barang!$B$2:$B$10001, 0)), ""))} | P102: {=IF(L102="","", IFERROR(INDEX(Barang!$F$2:$F$10001, MATCH(L102, Barang!$B$2:$B$10001, 0)) * O102, ""))} | R102: =#REF!-#REF!+O102 -> #REF! | S102: - | T102: -
...

Sheet New
A1: Tanggal | B1: Kode Barang | C1: Nama Barang | D1: Kategori | E1: Satuan | F1: Jual | G1: Harga Jual | H1: Stok Awal | J1: Tanggal | K1: Kode Barang | L1: Nama Barang | M1: Kategori | N1: Satuan | O1: Kulak | P1: Harga Jual | Q1: Harga Kulak | R1: Stok Akhir | S1: Minimal Stok | T1: Supplier
A2: 45938 | B2: {=IF(C2="","", IFERROR(INDEX(Barang!$A$2:$A$10001, MATCH(C2, Barang!$B$2:$B$10001, 0)), "Tidak ditemukan"))} -> TPL2 | C2: Tropical 2Lt | D2: minyak | E2: pcs | F2: 4 | G2: 160000 | J2: 45992 | K2: BCB001 | L2: Boncabe | M2: Bumbu | N2: bungkus | P2: 2000 | R2: =H2-F2+O2 -> -4 | S2: - | T2: -
B3: {=IF(C3="","", IFERROR(INDEX(Barang!$A$2:$A$10001, MATCH(C3, Barang!$B$2:$B$10001, 0)), "Tidak ditemukan"))} -> LFB001 | C3: Lifebouy | D3: Sabun | E3: pcs | F3: 5 | G3: 30000 | J3: 45992 | K3: MSK001 | L3: Masako | M3: Bumbu | N3: bungkus | P3: 1000 | R3: =H3-F3+O3 -> -5 | S3: - | T3: -
B4: {=IF(C4="","", IFERROR(INDEX(Barang!$A$2:$A$10001, MATCH(C4, Barang!$B$2:$B$10001, 0)), "Tidak ditemukan"))} -> TSP001 | C4: Tisu Peony | D4: Tissue | E4: pcs | F4: 10 | G4: 70000 | J4: 45992 | K4: IDM001 | L4: Indomilk | M4: Minuman | N4: bungkus | P4: 1500 | R4: =H4-F4+O4 -> -10 | S4: - | T4: -
B5: {=IF(C5="","", IFERROR(INDEX(Barang!$A$2:$A$10001, MATCH(C5, Barang!$B$2:$B$10001, 0)), "Tidak ditemukan"))} -> SAR001 | C5: Saori | D5: Bumbu | E5: pcs | F5: 5 | G5: 10000 | J5: 45992 | K5: NTS001 | L5: Nutrisari | M5: Minuman | N5: bungkus | P5: 4500 | R5: =H5-F5+O5 -> -5 | S5: - | T5: -
A6: 45939 | B6: {=IF(C6="","", IFERROR(INDEX(Barang!$A$2:$A$10001, MATCH(C6, Barang!$B$2:$B$10001, 0)), "Tidak ditemukan"))} -> TGJ001 | C6: Tepung Jempol | D6: Bumbu | E6: pcs | F6: 10 | G6: 30000 | J6: 45992 | K6: DN001 | L6: Downy | M6: Detergen | N6: bungkus | P6: 1000 | R6: =H6-F6+O6 -> -10 | S6: - | T6: -
B7: {=IF(C7="","", IFERROR(INDEX(Barang!$A$2:$A$10001, MATCH(C7, Barang!$B$2:$B$10001, 0)), "Tidak ditemukan"))} -> MGR001 | C7: Mie Goreng | D7: Makanan | E7: pcs | F7: 40 | G7: 140000 | J7: 45992 | K7: CCS001 | L7: Chocolatos | M7: Makanan | N7: bungkus | P7: 2000 | R7: =H7-F7+O7 -> -40 | S7: - | T7: -
B8: {=IF(C8="","", IFERROR(INDEX(Barang!$A$2:$A$10001, MATCH(C8, Barang!$B$2:$B$10001, 0)), "Tidak ditemukan"))} -> GL1001 | C8: Gula 1kg | D8: Bumbu | E8: kg | F8: 50 | G8: 825000 | J8: 45992 | K8: MCN001 | L8: Micin | M8: Bumbu | N8: bungkus | P8: 1000 | R8: =H8-F8+O8 -> -50 | S8: - | T8: -
B9: {=IF(C9="","", IFERROR(INDEX(Barang!$A$2:$A$10001, MATCH(C9, Barang!$B$2:$B$10001, 0)), "Tidak ditemukan"))} -> RTP001 | C9: Roti Pia | D9: Makanan | E9: pcs | F9: 30 | G9: 60000 | J9: 45992 | K9: GDY001 | L9: GoodDay | M9: Minuman | N9: bungkus | P9: 2000 | R9: =H9-F9+O9 -> -30 | S9: - | T9: -
B10: {=IF(C10="","", IFERROR(INDEX(Barang!$A$2:$A$10001, MATCH(C10, Barang!$B$2:$B$10001, 0)), "Tidak ditemukan"))} -> SC001 | C10: Soklin Cair | D10: Sabun | E10: pcs | F10: 10 | G10: 90000 | R10: =H10-F10+O10 -> -10 | S10: - | T10: -
A11: 45940 | B11: {=IF(C11="","", IFERROR(INDEX(Barang!$A$2:$A$10001, MATCH(C11, Barang!$B$2:$B$10001, 0)), "Tidak ditemukan"))} -> BPT1 | C11: B. putih 1/4 | D11: Bumbu | E11: kg | F11: 20 | G11: 170000 | R11: =H11-F11+O11 -> -20 | S11: - | T11: -
B12: {=IF(C12="","", IFERROR(INDEX(Barang!$A$2:$A$10001, MATCH(C12, Barang!$B$2:$B$10001, 0)), "Tidak ditemukan"))} -> EKC001 | C12: Ekonomi Cair | D12: Sabun | E12: pcs | F12: 10 | G12: 90000 | J12: 45961 | K12: ADS001 | L12: Adem Sari | M12: Minuman | N12: pcs | O12: 1 | P12: 2500 | R12: =H12-F12+O12 -> -9 | S12: - | T12: -
B13: {=IF(C13="","", IFERROR(INDEX(Barang!$A$2:$A$10001, MATCH(C13, Barang!$B$2:$B$10001, 0)), "Tidak ditemukan"))} -> STS | C13: Santan Sasa | D13: Bumbu | E13: pcs | F13: 10 | G13: 50000 | J13: 45961 | K13: CLY001 | L13: Cleyo | M13: Minuman | N13: pcs | O13: 1 | P13: 3000 | R13: =H13-F13+O13 -> -9 | S13: - | T13: -
B14: {=IF(C14="","", IFERROR(INDEX(Barang!$A$2:$A$10001, MATCH(C14, Barang!$B$2:$B$10001, 0)), "Tidak ditemukan"))} -> DSO001 | C14: Desaku Opor | D14: Bumbu | E14: pcs | F14: 10 | G14: 35000 | J14: 45961 | K14: TLR001 | L14: Telur | M14: Sembako | N14: kg | O14: 1 | P14: 29000 | R14: =H14-F14+O14 -> -9 | S14: - | T14: -
B15: {=IF(C15="","", IFERROR(INDEX(Barang!$A$2:$A$10001, MATCH(C15, Barang!$B$2:$B$10001, 0)), "Tidak ditemukan"))} -> IDM002 | C15: Indomilk | D15: Minuman | E15: pcs | F15: 20 | G15: 180000 | J15: 45961 | K15: GL001 | L15: Gula | M15: Sembako | N15: kg | O15: 0.5 | P15: 8500 | R15: =H15-F15+O15 -> -19.5 | S15: - | T15: -
A16: 45941 | B16: {=IF(C16="","", IFERROR(INDEX(Barang!$A$2:$A$10001, MATCH(C16, Barang!$B$2:$B$10001, 0)), "Tidak ditemukan"))} -> MSK001 | C16: Masako | D16: Bumbu | E16: pcs | F16: 50 | G16: 20000 | J16: 45961 | K16: MCN5001 | L16: Micin 500 | M16: Sembako | N16: pcs | O16: 1 | P16: 500 | R16: =H16-F16+O16 -> -49 | S16: - | T16: -
B17: {=IF(C17="","", IFERROR(INDEX(Barang!$A$2:$A$10001, MATCH(C17, Barang!$B$2:$B$10001, 0)), "Tidak ditemukan"))} -> KB001 | C17: Kuah Bakso | D17: Bumbu | E17: pcs | F17: 10 | G17: 5000 | J17: 45961 | K17: TSNC001 | L17: Tisu Nice | M17: Rumah Tangga | N17: pcs | O17: 1 | P17: 8000 | R17: =H17-F17+O17 -> -9 | S17: - | T17: -
B18: {=IF(C18="","", IFERROR(INDEX(Barang!$A$2:$A$10001, MATCH(C18, Barang!$B$2:$B$10001, 0)), "Tidak ditemukan"))} -> TLR2 | C18: Telur 1/2 | D18: Makanan | E18: kg | F18: 10 | G18: 310000 | J18: 45961 | K18: PTT001 | L18: Permen ting-ting | M18: Makanan | N18: pcs | O18: 6 | P18: 2000 | R18: =H18-F18+O18 -> -4 | S18: - | T18: -
A19: 45942 | B19: {=IF(C19="","", IFERROR(INDEX(Barang!$A$2:$A$10001, MATCH(C19, Barang!$B$2:$B$10001, 0)), "Tidak ditemukan"))} -> RTP001 | C19: Roti Pia | D19: Makanan | E19: pcs | F19: 20 | G19: 40000 | J19: 45961 | L19: Mie Goreng | M19: Makanan | N19: pcs | O19: 2 | P19: 7000 | R19: =H19-F19+O19 -> -18 | S19: - | T19: -
B20: {=IF(C20="","", IFERROR(INDEX(Barang!$A$2:$A$10001, MATCH(C20, Barang!$B$2:$B$10001, 0)), "Tidak ditemukan"))} -> KB001 | C20: Kuah Bakso | D20: Bumbu | E20: pcs | F20: 10 | G20: 5000 | J20: 45961 | L20: Roti Pia | M20: Makanan | N20: pcs | O20: 3 | P20: 6000 | R20: =H20-F20+O20 -> -7 | S20: - | T20: -
B21: {=IF(C21="","", IFERROR(INDEX(Barang!$A$2:$A$10001, MATCH(C21, Barang!$B$2:$B$10001, 0)), "Tidak ditemukan"))} -> DLC001 | C21: Dilan Cookies | D21: Makanan | E21: pcs | F21: 24 | G21: 24000 | L21: Sabun Eknomi | N21: pcs | O21: 1 | P21: 2000 | R21: =H21-F21+O21 -> -23 | S21: - | T21: -
B22: {=IF(C22="","", IFERROR(INDEX(Barang!$A$2:$A$10001, MATCH(C22, Barang!$B$2:$B$10001, 0)), "Tidak ditemukan"))} -> GRR001 | C22: Goriorio | D22: Makanan | E22: pcs | F22: 24 | G22: 12000 | L22: Kecap Sachet | N22: pcs | O22: 1 | P22: 2000 | R22: =H22-F22+O22 -> -23 | S22: - | T22: -
A23: 45943 | B23: {=IF(C23="","", IFERROR(INDEX(Barang!$A$2:$A$10001, MATCH(C23, Barang!$B$2:$B$10001, 0)), "Tidak ditemukan"))} -> GL1001 | C23: Gula 1kg | D23: Bumbu | E23: kg | F23: 50 | G23: 825000 | K23: {=IF(L23="","", IFERROR(INDEX(Barang!$A$2:$A$10001, MATCH(L23, Barang!$B$2:$B$10001, 0)), "Tidak ditemukan"))} | M23: {=IF(L23="","", IFERROR(INDEX(Barang!$C$2:$C$10001, MATCH(L23, Barang!$B$2:$B$10001, 0)), ""))} | N23: {=IF(L23="","", IFERROR(INDEX(Barang!$E$2:$E$10001, MATCH(L23, Barang!$B$2:$B$10001, 0)), ""))} | P23: {=IF(L23="","", IFERROR(INDEX(Barang!$F$2:$F$10001, MATCH(L23, Barang!$B$2:$B$10001, 0)) * O23, ""))} | R23: =H23-F23+O23 -> -50 | S23: - | T23: -
B24: {=IF(C24="","", IFERROR(INDEX(Barang!$A$2:$A$10001, MATCH(C24, Barang!$B$2:$B$10001, 0)), "Tidak ditemukan"))} -> TLR2 | C24: Telur 1/2 | D24: Makanan | E24: kg | F24: 10 | G24: 310000 | K24: {=IF(L24="","", IFERROR(INDEX(Barang!$A$2:$A$10001, MATCH(L24, Barang!$B$2:$B$10001, 0)), "Tidak ditemukan"))} | M24: {=IF(L24="","", IFERROR(INDEX(Barang!$C$2:$C$10001, MATCH(L24, Barang!$B$2:$B$10001, 0)), ""))} | N24: {=IF(L24="","", IFERROR(INDEX(Barang!$E$2:$E$10001, MATCH(L24, Barang!$B$2:$B$10001, 0)), ""))} | P24: {=IF(L24="","", IFERROR(INDEX(Barang!$F$2:$F$10001, MATCH(L24, Barang!$B$2:$B$10001, 0)) * O24, ""))} | R24: =H24-F24+O24 -> -10 | S24: - | T24: -
B25: {=IF(C25="","", IFERROR(INDEX(Barang!$A$2:$A$10001, MATCH(C25, Barang!$B$2:$B$10001, 0)), "Tidak ditemukan"))} -> THD001 | C25: Teh Dandang | D25: Minuman | E25: pcs | F25: 12 | G25: 24000 | K25: {=IF(L25="","", IFERROR(INDEX(Barang!$A$2:$A$10001, MATCH(L25, Barang!$B$2:$B$10001, 0)), "Tidak ditemukan"))} | M25: {=IF(L25="","", IFERROR(INDEX(Barang!$C$2:$C$10001, MATCH(L25, Barang!$B$2:$B$10001, 0)), ""))} | N25: {=IF(L25="","", IFERROR(INDEX(Barang!$E$2:$E$10001, MATCH(L25, Barang!$B$2:$B$10001, 0)), ""))} | P25: {=IF(L25="","", IFERROR(INDEX(Barang!$F$2:$F$10001, MATCH(L25, Barang!$B$2:$B$10001, 0)) * O25, ""))} | R25: =H25-F25+O25 -> -12 | S25: - | T25: -
B26: {=IF(C26="","", IFERROR(INDEX(Barang!$A$2:$A$10001, MATCH(C26, Barang!$B$2:$B$10001, 0)), "Tidak ditemukan"))} -> KPH001 | C26: Kopi hitam | D26: Minuman | E26: pcs | F26: 24 | G26: 24000 | K26: {=IF(L26="","", IFERROR(INDEX(Barang!$A$2:$A$10001, MATCH(L26, Barang!$B$2:$B$10001, 0)), "Tidak ditemukan"))} | M26: {=IF(L26="","", IFERROR(INDEX(Barang!$C$2:$C$10001, MATCH(L26, Barang!$B$2:$B$10001, 0)), ""))} | N26: {=IF(L26="","", IFERROR(INDEX(Barang!$E$2:$E$10001, MATCH(L26, Barang!$B$2:$B$10001, 0)), ""))} | P26: {=IF(L26="","", IFERROR(INDEX(Barang!$F$2:$F$10001, MATCH(L26, Barang!$B$2:$B$10001, 0)) * O26, ""))} | R26: =H26-F26+O26 -> -24 | S26: - | T26: -
B27: {=IF(C27="","", IFERROR(INDEX(Barang!$A$2:$A$10001, MATCH(C27, Barang!$B$2:$B$10001, 0)), "Tidak ditemukan"))} -> RPK001 | C27: Rapika | D27: Detergen | E27: pcs | F27: 10 | G27: 50000 | H27: t | K27: {=IF(L27="","", IFERROR(INDEX(Barang!$A$2:$A$10001, MATCH(L27, Barang!$B$2:$B$10001, 0)), "Tidak ditemukan"))} | M27: {=IF(L27="","", IFERROR(INDEX(Barang!$C$2:$C$10001, MATCH(L27, Barang!$B$2:$B$10001, 0)), ""))} | N27: {=IF(L27="","", IFERROR(INDEX(Barang!$E$2:$E$10001, MATCH(L27, Barang!$B$2:$B$10001, 0)), ""))} | P27: {=IF(L27="","", IFERROR(INDEX(Barang!$F$2:$F$10001, MATCH(L27, Barang!$B$2:$B$10001, 0)) * O27, ""))} | R27: =H27-F27+O27 -> #VALUE! | S27: - | T27: -
